country,tier,elevation,treatment,site,plot_id,nee,reco,temperature_nee,temperature_reco,par_nee,par_reco,Gradient,dry_mass_g,plant_height_cm,ldmc,leaf_area_cm2,sla_cm2_g,wet_mass_g,n_percent,cn_ratio,cp_ratio,np_ratio,p_percent,c_percent,mmp,mat,miami_npp,soil_moisture,functional_diversity_q0,functional_diversity_q1,functional_diversity_q2,functional_dispersion,cover_frac,cover_sum,veg_height,height_x_cover,spatial_predictor1,spatial_predictor2,spatial_predictor3,spatial_predictor4,spatial_predictor5,area,downscaled_temp,relhum,windspeed,downscaled_vpd,grassiness,woodiness,species_richness,veg_plot_size_m2,lon,lat,spatial_block,gpp,gpp_reco_ratio,temperature_gpp,unique_id,abs_lat,reco_gpp_ratio,map,gradient,morph_traits_pc1,morph_traits_pc2,all_traits_pc1,all_traits_pc2,chem_traits_pc1,chem_traits_pc2,gpp_country_mean,reco_country_mean,nee_country_mean,mmp_country_mean,map_country_mean,mat_country_mean,downscaled_temp_mean,downscaled_vpd_mean,sla_country_mean,leaf_area_country_mean,plant_height_country_mean,ldmc_country_mean,height_x_cover_country_mean,temperature_nee_country_mean,temperature_gpp_country_mean,temperature_reco_country_mean,elevation_country_mean,all_traits_pc1_country_mean,all_traits_pc2_country_mean,chem_traits_pc1_country_mean,chem_traits_pc2_country_mean,morph_traits_pc1_country_mean,morph_traits_pc2_country_mean,n_percent_country_mean,p_percent_country_mean,cn_ratio_country_mean,cp_ratio_country_mean,np_ratio_country_mean,c_percent_country_mean,par_reco_country_mean,par_nee_country_mean,soil_moisture_country_mean,woodiness_country_mean,grassiness_country_mean,species_richness_country_mean,functional_diversity_q1_country_mean,gpp_anomaly_country,reco_anomaly_country,nee_anomaly_country,downscaled_temp_anomaly_country,downscaled_vpd_anomaly_country,sla_anomaly_country,leaf_area_anomaly_country,plant_height_anomaly_country,ldmc_country_anomaly_country,height_x_cover_anomaly_country,temperature_nee_anomaly_country,temperature_gpp_anomaly_country,temperature_reco_anomaly_country,map_anomaly_country,mat_anomaly_country,elevation_anomaly_country,all_traits_pc1_anomaly_country,all_traits_pc2_anomaly_country,chem_traits_pc1_anomaly_country,chem_traits_pc2_anomaly_country,morph_traits_pc1_anomaly_country,morph_traits_pc2_anomaly_country,species_richness_anomaly_country,functional_diversity_q1_anomaly_country,n_percent_anomaly_country,p_percent_anomaly_country,cn_ratio_anomaly_country,cp_ratio_anomaly_country,np_ratio_anomaly_country,c_percent_anomaly_country,par_reco_anomaly_country,par_nee_anomaly_country,soil_moisture_anomaly_country,woodiness_anomaly_country,grassiness_anomaly_country
China,China_2016,3000,c,L,CH_L1,-4.25865363096998,5.94061930686815,31.2195352112676,22.2226760563381,579.458873239437,645.862605633803,Eastern Himalayas,0.1733539095,13.5813266574781,0.255547886151322,28.14693252,162.875450621185,0.67849891,2.733629095,13.4837739958265,371.969178646664,20.0679711001975,0.136218508654973,48.0216372992489,165.391666666667,4.14,915.801506186519,,1.50690242329734,1.22264985134962,1.16868920507683,0.0390162615264713,0.595446584938704,112.2,8.51975638740345,955.916666666667,0.0059335982734734,0.00340265942710022,0.0258745993991685,-0.0138227508080785,0.00681499688660255,China,11.8591032608696,74.7893115942029,0.145095108695652,0.351799977545745,0,0.904140339208513,11,0.0625,102.0343,29.84347,35,10.1992729378381,1.71687031452199,26.7211056338028,flux1,29.84347,0.582455175292852,1984.7,Eastern Himalayas,1.432689601035,2.90764466034359,0.336799051214273,3.68803166050513,0.0391233928969387,2.39941130033095,7.87196115767934,7.36628478008015,-0.50567637759919,159.785069444444,1917.42083333333,1.70625,9.49270833333333,0.202523417567615,215.786675248304,10.0493722937917,13.4204153754798,0.221566802564992,1366.40922077922,21.9417387447247,21.806290075073,21.6708414054213,3577.08333333333,1.3285442347352,1.75252273161312,0.697683792112079,0.907214111954632,1.70318314641917,0.930128701778357,2.64971371604167,0.152577018700742,16.5319936673733,334.231684635902,17.6538770458452,45.851729809334,262.70204792128,854.088369814811,,0.459371873732215,0,18.7916666666667,1.74685789385527,2.32731178015879,-1.425665473212,-3.75297725337079,2.36639492753623,0.14927655997813,-52.9112246271191,18.0975602262083,0.160911281998253,0.0339810835863301,-410.492554112553,9.27779646654291,4.91481555872984,0.551834650916764,67.2791666666669,2.43375,-577.083333333334,-0.991745183520929,1.93550892889201,-0.65856039921514,1.49219718837632,-0.270493545384166,1.97751595856523,-7.79166666666667,-0.524208042505653,0.0839153789583333,-0.0163585100457694,-3.04821967154684,37.7374940107617,2.41409405435234,2.16990748991496,383.160557712523,-274.629496575374,,0.444768465476299,0
China,China_2016,3000,c,L,CH_L2,0.952762840401195,6.32730043184212,23.862,23.3112686890574,727.249182636807,3.01858303668163,Eastern Himalayas,0.1564019625,12.6848305153319,0.298458788284179,23.73950767,155.332282828857,0.53878809,2.74239245,13.4910736161019,370.442763423799,20.020639903835,0.136978261592662,48.0919770282151,165.391666666667,4.14,915.801506186519,,1.27966556209151,1.20135487748201,1.15838395684047,0.0380861800429238,0.649466192170818,112.4,7.68371886120997,863.65,0.00593359827347422,0.00340265942709995,0.0258745993991683,-0.0138227508080785,0.00681499688660236,China,11.8591032608696,74.7893115942029,0.145095108695652,0.351799977545745,0,0.934278350515464,12,0.0625,102.0343,29.84347,35,5.37453759144092,0.849420325356068,23.5866343445287,flux2,29.84347,1.1772734536118,1984.7,Eastern Himalayas,1.04674195665921,2.23673228490741,0.262447582951478,3.20945826658568,0.0401179866983264,2.4400303514106,7.87196115767934,7.36628478008015,-0.50567637759919,159.785069444444,1917.42083333333,1.70625,9.49270833333333,0.202523417567615,215.786675248304,10.0493722937917,13.4204153754798,0.221566802564992,1366.40922077922,21.9417387447247,21.806290075073,21.6708414054213,3577.08333333333,1.3285442347352,1.75252273161312,0.697683792112079,0.907214111954632,1.70318314641917,0.930128701778357,2.64971371604167,0.152577018700742,16.5319936673733,334.231684635902,17.6538770458452,45.851729809334,262.70204792128,854.088369814811,,0.459371873732215,0,18.7916666666667,1.74685789385527,-2.49742356623842,-1.03898434823804,1.45843921800039,2.36639492753623,0.14927655997813,-60.4543924194471,13.6901353762083,-0.735584860147947,0.076891985719187,-502.75922077922,1.92026125527531,1.78034426945571,1.64042728363611,67.2791666666669,2.43375,-577.083333333334,-1.06609665178372,1.45693553497256,-0.657565805413752,1.53281623945597,-0.656441189759954,1.30660358312905,-6.79166666666667,-0.545503016373263,0.0926787339583335,-0.0155987571080804,-3.04092005127144,36.2110787878968,2.36676285798987,2.24024721888115,-259.683464884598,-126.839187178004,,0.474906476783249,0
China,China_2016,3000,c,L,CH_L3,0.23916624361702,10.9656250507693,21.4812307692308,22.055661971831,725.20798870144,121.606713357066,Eastern Himalayas,0.067880061,26.8170049662698,0.175068194834656,10.975084784,194.588126354602,0.365388145,2.29293827,15.5103328349002,411.194223130334,19.5419881269793,0.117333930155981,44.9104073272243,165.391666666667,4.14,915.801506186519,,2.05411886956381,1.88079679781965,1.75728910450267,0.0952708179579665,0.372035977105478,122.3,28.8469882801853,3527.98666666667,0.0059335982734742,0.00340265942709995,0.0258745993991682,-0.0138227508080785,0.00681499688660249,China,11.8591032608696,74.7893115942029,0.145095108695652,0.351799977545745,0,0.100101251840943,13,0.0625,102.0343,29.84347,35,10.7264588071523,0.97818945636845,21.7684463705309,flux3,29.84347,1.02229685005247,1984.7,Eastern Himalayas,1.25984055139209,1.49723772592628,0.72993692277555,1.55235020017101,0.251884700228918,0.373031778333481,7.87196115767934,7.36628478008015,-0.50567637759919,159.785069444444,1917.42083333333,1.70625,9.49270833333333,0.202523417567615,215.786675248304,10.0493722937917,13.4204153754798,0.221566802564992,1366.40922077922,21.9417387447247,21.806290075073,21.6708414054213,3577.08333333333,1.3285442347352,1.75252273161312,0.697683792112079,0.907214111954632,1.70318314641917,0.930128701778357,2.64971371604167,0.152577018700742,16.5319936673733,334.231684635902,17.6538770458452,45.851729809334,262.70204792128,854.088369814811,,0.459371873732215,0,18.7916666666667,1.74685789385527,2.85449764947294,3.59934027068915,0.74484262121621,2.36639492753623,0.14927655997813,-21.1985488937021,0.925712490208333,13.39658959079,-0.046498607730336,2161.57744588745,-0.46050797549394,-0.0378437045421158,0.384820566409712,67.2791666666669,2.43375,-577.083333333334,-0.598607311959653,-0.200172531442109,-0.445799091883161,-0.534182333621151,-0.443342595027075,0.56710902414792,-5.79166666666667,0.133938903964377,-0.356775446041667,-0.0352430885447614,-1.02166083247314,76.9625384944318,1.88811108113416,-0.941322482109648,-141.095334564214,-128.880381113371,,-0.359270621891272,0
China,China_2016,3000,c,L,CH_L5,1.69083253429417,13.5140702429759,22.7149603960396,23.2140991735537,1469.15222772277,107.519504132231,Eastern Himalayas,0.056001968,12.0504781269841,0.190791464710896,9.290433847,217.978984693913,0.25726387,2.301769895,16.7325101412389,404.739070360844,19.1875349285824,0.119961730548889,45.1754446146604,165.391666666667,4.14,915.801506186519,,2.36498940027256,2.31298564944886,2.26913817229936,0.134804284870019,0.229263746505126,105.3,13.9915494656235,1473.31015873016,0.0059335982734742,0.00340265942709995,0.0258745993991682,-0.0138227508080785,0.00681499688660261,China,11.8591032608696,74.7893115942029,0.145095108695652,0.351799977545745,0,0.934278350515464,14,0.0625,102.0343,29.84347,35,11.8232377086817,0.874883547007386,22.9645297847967,flux4,29.84347,1.14300926497085,1984.7,Eastern Himalayas,1.90604679341743,0.897130681501107,0.996373424097927,1.83896215810234,0.217230698636854,0.475936271013931,7.87196115767934,7.36628478008015,-0.50567637759919,159.785069444444,1917.42083333333,1.70625,9.49270833333333,0.202523417567615,215.786675248304,10.0493722937917,13.4204153754798,0.221566802564992,1366.40922077922,21.9417387447247,21.806290075073,21.6708414054213,3577.08333333333,1.3285442347352,1.75252273161312,0.697683792112079,0.907214111954632,1.70318314641917,0.930128701778357,2.64971371604167,0.152577018700742,16.5319936673733,334.231684635902,17.6538770458452,45.851729809334,262.70204792128,854.088369814811,,0.459371873732215,0,18.7916666666667,1.74685789385527,3.95127655100234,6.1477854628957,2.19650891189336,2.36639492753623,0.14927655997813,2.19230944560891,-0.758938446791667,-1.36993724849575,-0.0307753378540959,106.90093795094,0.773221651314913,1.15823970972366,1.54325776813241,67.2791666666669,2.43375,-577.083333333334,-0.332170810637275,0.0864394264892163,-0.480453093475225,-0.431277840940701,0.202863646998264,-0.0329980202772503,-4.79166666666667,0.566127755593587,-0.347943821041667,-0.0326152881518534,0.200516473865562,70.5073857249418,1.53365788273727,-0.676285194673547,-155.182543789049,615.063857907959,,0.474906476783249,0
China,China_2016,3000,c,L,CH_L6,2.00875077575451,11.3903301153027,24.613,24.613,1333.58336633663,4.11857142857143,Eastern Himalayas,0.1359644165,14.7961195024869,0.226282235663041,23.371880275,162.351271399833,0.601650035,2.60572412,13.9078506885843,386.889933255333,20.1555524493027,0.129280709449874,47.182881344651,165.391666666667,4.14,915.801506186519,,1.65979151331082,1.55147099185376,1.49465794712796,0.0888415900787585,0.292479108635097,107.7,15.8145775301764,1703.23,0.00593359827347419,0.00340265942709995,0.0258745993991682,-0.0138227508080785,0.00681499688660246,China,11.8591032608696,74.7893115942029,0.145095108695652,0.351799977545745,0,0.718675654242665,8,0.0625,102.0343,29.84347,35,9.38157933954819,0.82364420035063,24.613,flux5,29.84347,1.21411648327554,1984.7,Eastern Himalayas,1.41248253447777,2.40603667964073,0.397735217754498,3.17092995957601,0.0582240815732492,1.86590048917334,7.87196115767934,7.36628478008015,-0.50567637759919,159.785069444444,1917.42083333333,1.70625,9.49270833333333,0.202523417567615,215.786675248304,10.0493722937917,13.4204153754798,0.221566802564992,1366.40922077922,21.9417387447247,21.806290075073,21.6708414054213,3577.08333333333,1.3285442347352,1.75252273161312,0.697683792112079,0.907214111954632,1.70318314641917,0.930128701778357,2.64971371604167,0.152577018700742,16.5319936673733,334.231684635902,17.6538770458452,45.851729809334,262.70204792128,854.088369814811,,0.459371873732215,0,18.7916666666667,1.74685789385527,1.50961818186885,4.02404533522255,2.5144271533537,2.36639492753623,0.14927655997813,-53.4354038484711,13.3225079812083,1.37570412700705,0.00471543309804906,336.82077922078,2.67126125527531,2.80670992492701,2.94215859457871,67.2791666666669,2.43375,-577.083333333334,-0.930809016980704,1.41840722796289,-0.63945971053883,0.958686377218705,-0.290700611941396,1.47590797786237,-10.7916666666667,-0.195386902001513,-0.0439895960416665,-0.0232963092508684,-2.62414297878904,52.6582486194308,2.50167540345757,1.33115153531706,-258.583476492709,479.494996521819,,0.25930378051045,0
China,China_2016,3000,c,L,CH_L7,6.09531640766065,12.923992956068,21.1105,20.7367605633803,493.883237114997,2.42926249806532,Eastern Himalayas,0.0698149955,13.3673899137807,0.173943674428028,10.313145072,215.734469384687,0.305755315,2.508753875,14.0294300116004,398.327908039705,20.2546083844486,0.123860892661159,46.5945808942019,165.391666666667,4.14,915.801506186519,,2.41191902115936,2.36067659828348,2.32398267656995,0.153476530334869,0.626072041166381,114.6,16.1166084933101,1846.96333333333,0.00593359827347419,0.00340265942709995,0.0258745993991682,-0.0138227508080785,0.00681499688660229,China,11.8591032608696,74.7893115942029,0.145095108695652,0.351799977545745,0,0.312342419318691,16,0.0625,102.0343,29.84347,35,6.82867654840735,0.528372041954819,20.9236302816902,flux6,29.84347,1.89260581672773,1984.7,Eastern Himalayas,1.93879436768989,1.13113389435865,0.907055310960916,2.38111728048062,0.0651493682691975,1.49597815919018,7.87196115767934,7.36628478008015,-0.50567637759919,159.785069444444,1917.42083333333,1.70625,9.49270833333333,0.202523417567615,215.786675248304,10.0493722937917,13.4204153754798,0.221566802564992,1366.40922077922,21.9417387447247,21.806290075073,21.6708414054213,3577.08333333333,1.3285442347352,1.75252273161312,0.697683792112079,0.907214111954632,1.70318314641917,0.930128701778357,2.64971371604167,0.152577018700742,16.5319936673733,334.231684635902,17.6538770458452,45.851729809334,262.70204792128,854.088369814811,,0.459371873732215,0,18.7916666666667,1.74685789385527,-1.04328460927199,5.55770817598785,6.60099278525984,2.36639492753623,0.14927655997813,-0.0522058636170755,0.263772778208333,-0.0530254616991464,-0.047623128136964,480.55411255411,-0.831238744724686,-0.882659793382839,-0.934080842040988,67.2791666666669,2.43375,-577.083333333334,-0.421488923774286,0.628594548867501,-0.632534423842881,0.588764047235547,0.235611221270726,0.201005192580296,-2.79166666666667,0.613818704428207,-0.140959841041667,-0.0287161260395834,-2.50256365577294,64.0962234038028,2.60073133860346,0.742851084867951,-260.272785423215,-360.205132699813,,-0.147029454413524,0
China,China_2016,3500,c,M,CH_M1,3.54602777938733,10.0512281162304,22.7144509803922,23.4324225352113,803.92230954677,296.334127070113,Eastern Himalayas,0.030732233,16.1691860674603,0.22296406883558,6.369640977,233.891871585029,0.142214615,2.58872987,17.6768694722264,336.792289409392,18.1505634541171,0.14262531719988,45.4168822352061,166.983333333333,2.15,772.415772921697,,1.97679418487091,1.87550159905956,1.80382125828173,0.103230488304974,0.249733191035219,91.7,13.5704739402122,1244.41246031746,0.00652095712447497,0.00375974369264707,0.0282603958743925,-0.0138227503716431,0.00736657743241667,China,10.1488224637681,82.6788496376812,0.159574275362319,0.216080542355604,0,0.26134259998085,26,0.0625,102.036,29.86192,36,6.50520033684306,0.647204526811871,23.0734367578017,flux7,29.86192,1.54510662174444,2003.8,Eastern Himalayas,1.7042199298767,0.579963015918452,1.324539611235,1.43407736598829,0.595867639375579,0.638565640866482,7.87196115767934,7.36628478008015,-0.50567637759919,159.785069444444,1917.42083333333,1.70625,9.49270833333333,0.202523417567615,215.786675248304,10.0493722937917,13.4204153754798,0.221566802564992,1366.40922077922,21.9417387447247,21.806290075073,21.6708414054213,3577.08333333333,1.3285442347352,1.75252273161312,0.697683792112079,0.907214111954632,1.70318314641917,0.930128701778357,2.64971371604167,0.152577018700742,16.5319936673733,334.231684635902,17.6538770458452,45.851729809334,262.70204792128,854.088369814811,,0.459371873732215,0,18.7916666666667,1.74685789385527,-1.36676082083628,2.68494333615024,4.05170415698652,0.656114130434784,0.0135571247879888,18.1051963367249,-3.67973131679167,2.74877069198045,0.00139726627058806,-121.99676046176,0.772712235667463,1.26714668272871,1.76158112978996,86.3791666666664,0.44375,-77.0833333333335,-0.00400462350020381,-0.31844536562483,-0.1018161527365,-0.26864847108815,0.00103678345753488,-0.350165685859906,7.20833333333333,0.128643705204287,-0.0609838460416667,-0.00995170150086236,1.14487580485306,2.56060477348979,0.496686408271941,-0.434847574127843,33.6320791488329,-50.1660602680414,,-0.198029273751365,0
China,China_2016,3500,c,M,CH_M2,-2.50336820092664,4.46034801842973,24.862,24.862,1611.37702518993,6.43723417427643,Eastern Himalayas,0.025865905,19.163006547619,0.21247124247795,5.2201169465,245.146871033299,0.12538087,2.616108685,17.4439480605714,328.652470878673,17.1603332811093,0.152450925174041,45.1259076587568,166.983333333333,2.15,772.415772921697,,2.13462610564259,2.06189080000694,2.00510432310842,0.11061537079121,0.154956689124158,97.9,17.1551567034713,1679.48984126984,0.00652095712447497,0.00375974369264707,0.0282603958743925,-0.0138227503716431,0.00736657743241686,China,10.1488224637681,82.6788496376812,0.159574275362319,0.216080542355604,0,0.173460455016726,25,0.0625,102.036,29.86192,36,6.96371621935636,1.56124952371047,24.862,flux8,29.86192,0.640512605328708,2003.8,Eastern Himalayas,1.73987683789723,0.595259477483642,1.58576916126566,1.16797049567786,0.846768715057144,0.428287995350556,7.87196115767934,7.36628478008015,-0.50567637759919,159.785069444444,1917.42083333333,1.70625,9.49270833333333,0.202523417567615,215.786675248304,10.0493722937917,13.4204153754798,0.221566802564992,1366.40922077922,21.9417387447247,21.806290075073,21.6708414054213,3577.08333333333,1.3285442347352,1.75252273161312,0.697683792112079,0.907214111954632,1.70318314641917,0.930128701778357,2.64971371604167,0.152577018700742,16.5319936673733,334.231684635902,17.6538770458452,45.851729809334,262.70204792128,854.088369814811,,0.459371873732215,0,18.7916666666667,1.74685789385527,-0.908244938322976,-2.90593676165043,-1.99769182332745,0.656114130434784,0.0135571247879888,29.3601957849949,-4.82925534729167,5.74259117213915,-0.00909556008704196,313.08062049062,2.92026125527531,3.05570992492701,3.19115859457871,86.3791666666664,0.44375,-77.0833333333335,0.257224926530453,-0.584552235935264,0.149084922945065,-0.478926116604076,0.0366936914780651,-0.334869224294715,6.20833333333333,0.315032906151667,-0.0336050310416667,-0.000126093526701371,0.911954393198062,-5.57921375722924,-0.493543764735843,-0.725822150577145,-256.264813747004,757.288655375115,,-0.285911418715489,0
China,China_2016,3500,c,M,CH_M3,-0.933329223390752,3.86633375957954,25.849625,21.4417872340426,1609.4937165493,1.66652482269504,Eastern Himalayas,0.017812014,13.0479293353175,0.184406591754151,4.0616313005,243.570786206704,0.09262823,2.58882418,16.17283282892,316.91192225287,16.2753645732677,0.159063974778921,44.7153047438523,166.983333333333,2.15,772.415772921697,,1.82584406701276,1.73268891844337,1.66711843139697,0.0857175832242209,0.259308510638298,71.2,12.1154828785447,862.622380952381,0.00652095712447499,0.00375974369264706,0.0282603958743925,-0.0138227503716431,0.0073665774324168,China,10.1488224637681,82.6788496376812,0.159574275362319,0.216080542355604,0,0.0923062679013641,22,0.0625,102.036,29.86192,36,4.79966298297029,1.24139903107906,23.6457061170213,flux9,29.86192,0.805542758584863,2003.8,Eastern Himalayas,2.04612950722829,0.354447401056816,1.90810566441111,1.09322319480853,1.09284087609325,0.166355938227546,7.87196115767934,7.36628478008015,-0.50567637759919,159.785069444444,1917.42083333333,1.70625,9.49270833333333,0.202523417567615,215.786675248304,10.0493722937917,13.4204153754798,0.221566802564992,1366.40922077922,21.9417387447247,21.806290075073,21.6708414054213,3577.08333333333,1.3285442347352,1.75252273161312,0.697683792112079,0.907214111954632,1.70318314641917,0.930128701778357,2.64971371604167,0.152577018700742,16.5319936673733,334.231684635902,17.6538770458452,45.851729809334,262.70204792128,854.088369814811,,0.459371873732215,0,18.7916666666667,1.74685789385527,-3.07229817470905,-3.49995102050061,-0.427652845791562,0.656114130434784,0.0135571247879888,27.7841109583999,-5.98774099329167,-0.372486040162347,-0.037160210810841,-503.786839826839,3.90788625527531,1.83941604194831,-0.229054171378689,86.3791666666664,0.44375,-77.0833333333335,0.579561429675906,-0.659299536804596,0.39515708398117,-0.740858173727086,0.342946360809126,-0.575681300721542,3.20833333333333,-0.0141689754119028,-0.0608895360416666,0.00648695607817865,-0.359160838453338,-17.3197623830322,-1.37851247257744,-1.13642506548165,-261.035523098585,755.405346734485,,-0.367065605830851,0
China,China_2016,3500,c,M,CH_M4,-0.27139555652952,6.51974860729266,19.86,19.6009508196722,243.267742504409,243.155477391461,Eastern Himalayas,0.020943781,20.1680640376984,0.197858441840066,4.56596915,243.725866443966,0.096276935,2.649032575,16.5544032691684,298.258257523774,15.9394181952113,0.166193805981943,45.0683985869501,166.983333333333,2.15,772.415772921697,,2.29427805185425,2.18241417372304,2.10013072931828,0.120188791301394,0.136645962732919,92.6,24.3742826288183,2257.05857142857,0.00652095712447498,0.00375974369264705,0.0282603958743925,-0.0138227503716431,0.0073665774324169,China,10.1488224637681,82.6788496376812,0.159574275362319,0.216080542355604,0,0.226319058749083,16,0.0625,102.036,29.86192,36,6.79114416382218,1.0416266903644,19.7304754098361,flux10,29.86192,0.960036843574121,2003.8,Eastern Himalayas,1.74558401835121,0.577152497416183,1.83352933355026,0.977520306815747,1.13313541181058,0.362156014239691,7.87196115767934,7.36628478008015,-0.50567637759919,159.785069444444,1917.42083333333,1.70625,9.49270833333333,0.202523417567615,215.786675248304,10.0493722937917,13.4204153754798,0.221566802564992,1366.40922077922,21.9417387447247,21.806290075073,21.6708414054213,3577.08333333333,1.3285442347352,1.75252273161312,0.697683792112079,0.907214111954632,1.70318314641917,0.930128701778357,2.64971371604167,0.152577018700742,16.5319936673733,334.231684635902,17.6538770458452,45.851729809334,262.70204792128,854.088369814811,,0.459371873732215,0,18.7916666666667,1.74685789385527,-1.08081699385716,-0.84653617278749,0.23428082106967,0.656114130434784,0.0135571247879888,27.9391911956619,-5.48340314379167,6.74764866221855,-0.0237083607249259,890.64935064935,-2.08173874472469,-2.07581466523692,-2.06989058574914,86.3791666666664,0.44375,-77.0833333333335,0.504985098815059,-0.775002424797374,0.435451619698498,-0.545058097714941,0.0424008719320403,-0.352976204362174,-2.79166666666667,0.435556279867767,-0.0006811410416665,0.0136167872812006,0.0224096017950615,-35.9734271121283,-1.71445885063384,-0.783331222383843,-19.5465705298188,-610.820627310402,,-0.233052814983132,0
China,China_2016,3500,c,M,CH_M5,-3.56694291737034,7.39472726880601,25.362,25.362,1615.98234567901,601.704230769231,Eastern Himalayas,0.041023046,18.1307513095238,0.226550543900788,7.386807435,212.981685767547,0.180733755,2.71055381,16.5026757933847,290.887642889382,15.8478747469523,0.171035792071821,45.2333385399361,166.983333333333,2.15,772.415772921697,,1.63726987917791,1.57600279944292,1.54300615607664,0.0817812094107596,0.269931662870159,87.8,15.7103301153415,1379.36698412698,0.00652095712447498,0.00375974369264705,0.0282603958743925,-0.0138227503716431,0.00736657743241678,China,10.1488224637681,82.6788496376812,0.159574275362319,0.216080542355604,0,0.221336252380965,17,0.0625,102.036,29.86192,36,10.9616701861763,1.48236301187431,25.362,flux11,29.86192,0.674598591566039,2003.8,Eastern Himalayas,1.41683356100956,0.702656835392244,1.65735472636143,1.05689738969322,1.18325574693143,0.474093581437825,7.87196115767934,7.36628478008015,-0.50567637759919,159.785069444444,1917.42083333333,1.70625,9.49270833333333,0.202523417567615,215.786675248304,10.0493722937917,13.4204153754798,0.221566802564992,1366.40922077922,21.9417387447247,21.806290075073,21.6708414054213,3577.08333333333,1.3285442347352,1.75252273161312,0.697683792112079,0.907214111954632,1.70318314641917,0.930128701778357,2.64971371604167,0.152577018700742,16.5319936673733,334.231684635902,17.6538770458452,45.851729809334,262.70204792128,854.088369814811,,0.459371873732215,0,18.7916666666667,1.74685789385527,3.08970902849701,0.0284424887258599,-3.06126653977115,0.656114130434784,0.0135571247879888,-2.80498948075709,-2.66256485879167,4.71033593404395,0.00498374133579604,12.95776334776,3.42026125527531,3.55570992492701,3.69115859457871,86.3791666666664,0.44375,-77.0833333333335,0.32881049162623,-0.695625341919906,0.485571954819352,-0.433120530516807,-0.286349585409606,-0.227471866386114,-1.79166666666667,-0.170855094412353,0.0608400939583333,0.0184587733710787,-0.0293178739886386,-43.3440417465202,-1.80600229889283,-0.618391269397847,339.002182847951,761.893975864199,,-0.23803562135125,0
China,China_2016,3500,c,M,CH_M6,-0.214202453924076,8.83464257762272,21.3615,21.2598516483517,904.983661971831,597.945164835165,Eastern Himalayas,0.0183292685,21.6007694027778,0.219221648105149,4.259877655,256.605411209381,0.08786735,2.421195545,18.681278036813,354.257503147692,17.8919065599791,0.13532350713343,44.9810029415279,166.983333333333,2.15,772.415772921697,,1.89530355998531,1.84225628265984,1.80149374655426,0.0986674413014539,0.107027027027027,92.5,21.8052252252252,2016.98333333333,0.00652095712447497,0.00375974369264706,0.0282603958743924,-0.0138227503716431,0.00736657743241673,China,10.1488224637681,82.6788496376812,0.159574275362319,0.216080542355604,0,0.164039896096198,20,0.0625,102.036,29.86192,36,9.04884503154679,1.02424574079167,21.3106758241758,flux12,29.86192,0.976328199546207,2003.8,Eastern Himalayas,1.72047908261397,0.554011038004022,1.32890637190802,1.12337402159882,0.518356950884299,0.286765753905757,7.87196115767934,7.36628478008015,-0.50567637759919,159.785069444444,1917.42083333333,1.70625,9.49270833333333,0.202523417567615,215.786675248304,10.0493722937917,13.4204153754798,0.221566802564992,1366.40922077922,21.9417387447247,21.806290075073,21.6708414054213,3577.08333333333,1.3285442347352,1.75252273161312,0.697683792112079,0.907214111954632,1.70318314641917,0.930128701778357,2.64971371604167,0.152577018700742,16.5319936673733,334.231684635902,17.6538770458452,45.851729809334,262.70204792128,854.088369814811,,0.459371873732215,0,18.7916666666667,1.74685789385527,1.17688387386745,1.46835779754257,0.291473923675114,0.656114130434784,0.0135571247879888,40.8187359610769,-5.78949463879167,8.18035402729795,-0.00234515445984296,650.57411255411,-0.580238744724689,-0.495614250897166,-0.41098975706964,86.3791666666664,0.44375,-77.0833333333335,0.000362137172814414,-0.629148710014297,-0.17932684122778,-0.620448358048875,0.0172959361948051,-0.376117663774336,1.20833333333333,0.0953983888045673,-0.228518171041667,-0.0172535115673124,2.14928436943966,20.0258185117897,0.238029514133988,-0.870726867806049,335.243116913885,50.8952921570201,,-0.295331977636017,0
China,China_2016,3500,c,M,CH_M7,2.67384803037969,3.65646976524377,23.313394642364,26.613,1247.25416321458,5.26604395604396,Eastern Himalayas,0.0195421075,17.2836054424603,0.181827052905141,4.427022927,276.928577833437,0.092950615,2.68706307,16.9121738456024,342.039702560317,18.5091906646058,0.145174530788012,45.1778069847869,166.983333333333,2.15,772.415772921697,,2.49595420606855,2.43803786129906,2.38543570600929,0.138008436993625,0.17329255861366,98.1,19.760671812048,1938.5219047619,0.00652095712447497,0.00375974369264706,0.0282603958743925,-0.0138227503716431,0.00736657743241687,China,10.1488224637681,82.6788496376812,0.159574275362319,0.216080542355604,0,0.178481382467824,24,0.0625,102.036,29.86192,36,0.982621734864085,0.268735090935061,24.963197321182,flux13,29.86192,3.72113666481184,2003.8,Eastern Himalayas,2.27786684531034,0.623006269758458,1.75162480446618,1.52913254874202,0.710799433137243,0.574136372813694,7.87196115767934,7.36628478008015,-0.50567637759919,159.785069444444,1917.42083333333,1.70625,9.49270833333333,0.202523417567615,215.786675248304,10.0493722937917,13.4204153754798,0.221566802564992,1366.40922077922,21.9417387447247,21.806290075073,21.6708414054213,3577.08333333333,1.3285442347352,1.75252273161312,0.697683792112079,0.907214111954632,1.70318314641917,0.930128701778357,2.64971371604167,0.152577018700742,16.5319936673733,334.231684635902,17.6538770458452,45.851729809334,262.70204792128,854.088369814811,,0.459371873732215,0,18.7916666666667,1.74685789385527,-6.88933942281526,-3.70981501483638,3.17952440797888,0.656114130434784,0.0135571247879888,61.1419025851329,-5.62234936679167,3.86319006698045,-0.0397397496598509,572.11268398268,1.37165589763931,3.15690724610901,4.94215859457871,86.3791666666664,0.44375,-77.0833333333335,0.423080569730977,-0.223390182871105,0.0131156410251645,-0.333077739140938,0.574683698891179,-0.307122432019899,5.20833333333333,0.691179967443787,0.0373493539583336,-0.00740248791273035,0.380180178229061,7.80801792441474,0.855313618760658,-0.673922824547049,-257.436003965236,393.165793399771,,-0.280890491264391,0
China,China_2016,3850,c,A,CH_A1,0.0226078515563799,10.7427953691051,19.2465985915493,20.3886690140845,791.627479977907,646.14160424083,Eastern Himalayas,0.106767051,14.2492945496032,0.207687052674116,16.420662277,200.265201672006,0.48645488,2.77741316,16.92472883486,289.736318087662,15.850215754189,0.175228728938025,46.1066327078058,154.958333333333,0.66,675.158325002271,,1.83393707390626,1.79768384644587,1.76921283471261,0.107377611186313,0.267301038062284,111.6,17.0431920976276,1902.02023809524,0.00587702611964567,0.00336874804601142,0.0256450198456637,-0.0138227114895541,0.00676347586518416,China,8.42699275362319,87.1954257246377,0.248242753623188,0.14255130445276,0,0.503449046831732,17,0.0625,102.0173,29.88911,37,10.7201875175488,0.997895533631647,19.8176338028169,flux14,29.88911,1.00210890448692,1859.5,Eastern Himalayas,1.73532589689083,1.75936157736625,1.51765452728891,2.04345555724867,1.05827071909811,0.985805495179659,7.87196115767934,7.36628478008015,-0.50567637759919,159.785069444444,1917.42083333333,1.70625,9.49270833333333,0.202523417567615,215.786675248304,10.0493722937917,13.4204153754798,0.221566802564992,1366.40922077922,21.9417387447247,21.806290075073,21.6708414054213,3577.08333333333,1.3285442347352,1.75252273161312,0.697683792112079,0.907214111954632,1.70318314641917,0.930128701778357,2.64971371604167,0.152577018700742,16.5319936673733,334.231684635902,17.6538770458452,45.851729809334,262.70204792128,854.088369814811,,0.459371873732215,0,18.7916666666667,1.74685789385527,2.84822635986943,3.376510589025,0.52828422915557,-1.06571557971014,-0.0599721131148553,-15.5214735762981,6.37128998320834,0.828879174123353,-0.013879749890876,535.61101731602,-2.69514015317539,-1.98865627225609,-1.28217239133679,-57.9208333333334,-1.04625,272.916666666667,0.189110292553711,0.29093282563555,0.360586926986034,0.0785913832250276,0.0321427504716638,0.829232875587893,-1.79166666666667,0.0508259525905972,0.127699443958333,0.0226517102372826,0.392735167486663,-44.4953665482402,-1.80366129165614,0.254902898471855,383.43955631955,-62.4608898369045,,0.0440771730995169,0
China,China_2016,3850,c,A,CH_A2,-0.53247977380686,7.66111357548794,21.1115,21.7438681318682,934.295909675348,510.567774338336,Eastern Himalayas,0.093923615,12.0804480530303,0.218291364324189,14.702344304,203.551309745665,0.41605882,2.609633475,18.3624543603392,326.942774253373,16.6267152626207,0.156954241038026,46.167289752613,154.958333333333,0.66,675.158325002271,,1.77816300690188,1.72431331929224,1.68353403654928,0.0979063291435041,0.452846975088968,110.4,13.8042346014493,1523.9875,0.00587702611964564,0.00336874804601109,0.0256450198456636,-0.0138227114895543,0.006763475865184,China,8.42699275362319,87.1954257246377,0.248242753623188,0.14255130445276,0,0.593787573372998,22,0.0625,102.0173,29.88911,37,8.1935933492948,1.06950422658013,21.4276840659341,flux15,29.88911,0.935012667689605,1859.5,Eastern Himalayas,1.75126315910872,1.45828398650061,1.22813304033449,2.05623705999035,0.680193628103759,0.966855524872134,7.87196115767934,7.36628478008015,-0.50567637759919,159.785069444444,1917.42083333333,1.70625,9.49270833333333,0.202523417567615,215.786675248304,10.0493722937917,13.4204153754798,0.221566802564992,1366.40922077922,21.9417387447247,21.806290075073,21.6708414054213,3577.08333333333,1.3285442347352,1.75252273161312,0.697683792112079,0.907214111954632,1.70318314641917,0.930128701778357,2.64971371604167,0.152577018700742,16.5319936673733,334.231684635902,17.6538770458452,45.851729809334,262.70204792128,854.088369814811,,0.459371873732215,0,18.7916666666667,1.74685789385527,0.321632191615461,0.29482879540779,-0.02680339620767,-1.06571557971014,-0.0599721131148553,-12.2353655026391,4.65297201020833,-1.33996732244955,-0.00327543824080295,157.57827922078,-0.830238744724689,-0.378606009138917,0.0730267264468623,-57.9208333333334,-1.04625,272.916666666667,-0.100411194400711,0.303714328377225,-0.01749016400832,0.059641412917502,0.0480800126895498,0.528155284722257,3.20833333333333,-0.0225445745630328,-0.0400802410416667,0.00437722233728363,1.83046069296586,-7.28891038252925,-1.02716178322442,0.315559943279055,247.865726417056,80.207539860537,,0.134415699640783,0
China,China_2016,3850,c,A,CH_A3,-0.242248252434693,7.68447267655127,19.5814231758277,19.8497142857143,640.694710703956,489.428847701594,Eastern Himalayas,0.085304431,11.4592189572511,0.226779670564498,13.95534954,199.97044164349,0.363428965,2.684850935,17.7183274367591,310.178749970732,16.2994078145077,0.164720765659368,46.0399362355222,154.958333333333,0.66,675.158325002271,,1.91316472539982,1.87915971481685,1.84863723298331,0.109488957493777,0.584597432905484,83.7,10.7518246985989,899.927727272727,0.00587702611964586,0.00336874804601142,0.0256450198456636,-0.0138227114895539,0.00676347586518411,China,8.42699275362319,87.1954257246377,0.248242753623188,0.14255130445276,0,0.653311020131395,16,0.0625,102.0173,29.88911,37,7.92672092898596,1.03152438204041,19.715568730771,flux16,29.88911,0.969439033541745,1859.5,Eastern Himalayas,1.67704706228357,1.2980590095112,1.36074126623523,1.90956196571632,0.865530775249978,0.919320823554976,7.87196115767934,7.36628478008015,-0.50567637759919,159.785069444444,1917.42083333333,1.70625,9.49270833333333,0.202523417567615,215.786675248304,10.0493722937917,13.4204153754798,0.221566802564992,1366.40922077922,21.9417387447247,21.806290075073,21.6708414054213,3577.08333333333,1.3285442347352,1.75252273161312,0.697683792112079,0.907214111954632,1.70318314641917,0.930128701778357,2.64971371604167,0.152577018700742,16.5319936673733,334.231684635902,17.6538770458452,45.851729809334,262.70204792128,854.088369814811,,0.459371873732215,0,18.7916666666667,1.74685789385527,0.0547597713066184,0.318187896471116,0.263428125164498,-1.06571557971014,-0.0599721131148553,-15.8162336048141,3.90597724620833,-1.96119641822875,0.00521286799950604,-466.481493506493,-2.36031556889699,-2.09072134430199,-1.82112711970699,-57.9208333333334,-1.04625,272.916666666667,0.0321970315000291,0.157039234103201,0.167846983137899,0.0121067116003447,-0.0261360841355995,0.367930307732844,-2.79166666666667,0.132301820961577,0.0351372189583334,0.0121437469586256,1.18633376938576,-24.0529346651703,-1.35446923133742,0.188206426188252,226.726799780314,-213.393659110855,,0.19393914639918,0
China,China_2016,3850,c,A,CH_A4,-2.89921607519566,6.47030361425554,20.6095,21.1095,277.477843105143,733.136992266993,Eastern Himalayas,0.0768276115,8.54713519534632,0.240436921241008,13.643041939,218.115771385058,0.30489323,2.346409715,19.7674731840102,385.799669561041,18.8584342014047,0.124422297733776,45.4503501995321,154.958333333333,0.66,675.158325002271,,1.87791072989405,1.85056797091168,1.82902508909492,0.116210365049606,0.382352941176471,70.8,5.92044491525424,419.1675,0.00587702611964566,0.00336874804601145,0.0256450198456636,-0.0138227114895551,0.00676347586518423,China,8.42699275362319,87.1954257246377,0.248242753623188,0.14255130445276,0,0.506693104032148,18,0.0625,102.0173,29.88911,37,9.3695196894512,1.44808037582781,20.8595,flux17,29.88911,0.690569402563956,1859.5,Eastern Himalayas,1.90358043495021,1.16740873659288,0.864416810540249,2.1532310355956,0.158022869630759,0.552489427727931,7.87196115767934,7.36628478008015,-0.50567637759919,159.785069444444,1917.42083333333,1.70625,9.49270833333333,0.202523417567615,215.786675248304,10.0493722937917,13.4204153754798,0.221566802564992,1366.40922077922,21.9417387447247,21.806290075073,21.6708414054213,3577.08333333333,1.3285442347352,1.75252273161312,0.697683792112079,0.907214111954632,1.70318314641917,0.930128701778357,2.64971371604167,0.152577018700742,16.5319936673733,334.231684635902,17.6538770458452,45.851729809334,262.70204792128,854.088369814811,,0.459371873732215,0,18.7916666666667,1.74685789385527,1.49755853177186,-0.89598116582461,-2.39353969759647,-1.06571557971014,-0.0599721131148553,2.32909613675392,3.59366964520833,-4.87328018013353,0.018870118676016,-947.24172077922,-1.33223874472469,-0.94679007507299,-0.561341405421288,-57.9208333333334,-1.04625,272.916666666667,-0.464127424194953,0.400708303982474,-0.53966092248132,-0.354724684226701,0.200397288531047,0.237280034814523,-0.791666666666668,0.103710077056407,-0.303304001041667,-0.0281547209669664,3.23547951663686,51.5679849251388,1.20455715555955,-0.401379609801843,470.434944345713,-576.610526709668,,0.0473212302999329,0
China,China_2016,3850,c,A,CH_A5,-2.98426976153342,5.81319460385168,21.2683725490196,20.5834881597276,424.579105691057,267.990769230769,Eastern Himalayas,0.0531533965,16.5776054734849,0.245862583054115,9.173935321,222.641459997644,0.225811615,2.579299825,17.9624874807029,366.706378657421,18.7845398390641,0.137309715707601,45.9206843822209,154.958333333333,0.66,675.158325002271,,1.51845119421666,1.39371692302309,1.32639564319558,0.0628621725126973,0.796541200406918,98.3,18.7011693229343,1838.32494444444,0.00587702611964564,0.00336874804601139,0.0256450198456636,-0.0138227114895544,0.00676347586518405,China,8.42699275362319,87.1954257246377,0.248242753623188,0.14255130445276,0,0.697807885849966,17,0.0625,102.0173,29.88911,37,8.7974643653851,1.51336140709209,20.9259303543736,flux18,29.88911,0.660780693437594,1859.5,Eastern Himalayas,1.52451472805328,0.856655618171936,1.01131161522457,1.72221609757907,0.365695292531465,0.947337010326413,7.87196115767934,7.36628478008015,-0.50567637759919,159.785069444444,1917.42083333333,1.70625,9.49270833333333,0.202523417567615,215.786675248304,10.0493722937917,13.4204153754798,0.221566802564992,1366.40922077922,21.9417387447247,21.806290075073,21.6708414054213,3577.08333333333,1.3285442347352,1.75252273161312,0.697683792112079,0.907214111954632,1.70318314641917,0.930128701778357,2.64971371604167,0.152577018700742,16.5319936673733,334.231684635902,17.6538770458452,45.851729809334,262.70204792128,854.088369814811,,0.459371873732215,0,18.7916666666667,1.74685789385527,0.925503207705759,-1.55309017622847,-2.47859338393423,-1.06571557971014,-0.0599721131148553,6.85478474933993,-0.875436972791666,3.15719009800505,0.0242957804891231,471.91572366522,-0.673366195705086,-0.880359720699389,-1.08735324569369,-57.9208333333334,-1.04625,272.916666666667,-0.31723261951063,-0.0303066340340488,-0.331988499580614,0.0401228983717808,-0.178668418365883,-0.0734730836064219,-1.79166666666667,-0.353140970832183,-0.0704138910416665,-0.0152673029931414,1.43049381332956,32.4746940215188,1.13066279321897,0.0689545728869518,5.28872130948923,-429.509264123754,,0.238436012117752,0
China,China_2016,3850,c,A,CH_A6,0.977551546207585,10.0758874508839,19.109,19.109,694.653278688525,2.88901098901099,Eastern Himalayas,0.046720273,12.078778337482,0.257600020265118,8.606282378,216.38062490554,0.18385239,2.415243285,19.6739490687872,376.426963143,18.5064120279872,0.130508457357776,46.1050314838449,154.958333333333,0.66,675.158325002271,,1.67736540817445,1.59982583708607,1.54695957493356,0.0921497487825955,0.664202745512144,92.7,13.3683926645092,1239.25,0.00587702611964566,0.0033687480460117,0.0256450198456635,-0.0138227114895543,0.00676347586518402,China,8.42699275362319,87.1954257246377,0.248242753623188,0.14255130445276,0,0.801621870002676,20,0.0625,102.0173,29.88911,37,9.09833590467631,0.902981097102089,19.109,flux19,29.88911,1.10744289466222,1859.5,Eastern Himalayas,1.54471262581884,0.59710729249045,0.814465836775286,1.73972575340077,0.147402437045763,0.934529967485454,7.87196115767934,7.36628478008015,-0.50567637759919,159.785069444444,1917.42083333333,1.70625,9.49270833333333,0.202523417567615,215.786675248304,10.0493722937917,13.4204153754798,0.221566802564992,1366.40922077922,21.9417387447247,21.806290075073,21.6708414054213,3577.08333333333,1.3285442347352,1.75252273161312,0.697683792112079,0.907214111954632,1.70318314641917,0.930128701778357,2.64971371604167,0.152577018700742,16.5319936673733,334.231684635902,17.6538770458452,45.851729809334,262.70204792128,854.088369814811,,0.459371873732215,0,18.7916666666667,1.74685789385527,1.22637474699697,2.70960267080374,1.48322792380678,-1.06571557971014,-0.0599721131148553,0.593949657235925,-1.44308991579167,-1.34163703799785,0.0360332177001261,-127.15922077922,-2.83273874472469,-2.69729007507299,-2.56184140542129,-57.9208333333334,-1.04625,272.916666666667,-0.514078397959916,-0.0127969782123509,-0.550281355066316,0.0273158555308225,-0.158470520600326,-0.333021409287907,1.20833333333333,-0.147032056769203,-0.234470431041667,-0.0220685613429664,3.14195540141386,42.1952785070978,0.852534982142046,0.253301674510951,-259.813036932269,-159.435091126286,,0.342249996270462,0
China,China_2016,3850,c,A,CH_A7,-1.04151780808805,3.90478092272438,19.109,19.109,733.864225352113,1.30368131868132,Eastern Himalayas,0.0668123265,16.2265410250722,0.237300588669262,8.880770958,218.346498339208,0.273073475,2.479629605,18.864687579534,362.183325553464,17.9995401932336,0.137760719350606,45.7122985111096,154.958333333333,0.66,675.158325002271,,1.92389654544039,1.81258163569631,1.73081081971531,0.103161920440936,0.778383287920073,108.1,19.5889454209066,2117.565,0.00587702611964541,0.00336874804601173,0.0256450198456636,-0.0138227114895544,0.00676347586518432,China,8.42699275362319,87.1954257246377,0.248242753623188,0.14255130445276,0,0.39197407431302,19,0.0625,102.0173,29.88911,37,4.94629873081242,1.26672887127337,19.109,flux20,29.88911,0.789434915930163,1859.5,Eastern Himalayas,1.51084797603111,0.884488858809055,1.03005949514906,1.54751577221947,0.399362722170253,0.724891276567336,7.87196115767934,7.36628478008015,-0.50567637759919,159.785069444444,1917.42083333333,1.70625,9.49270833333333,0.202523417567615,215.786675248304,10.0493722937917,13.4204153754798,0.221566802564992,1366.40922077922,21.9417387447247,21.806290075073,21.6708414054213,3577.08333333333,1.3285442347352,1.75252273161312,0.697683792112079,0.907214111954632,1.70318314641917,0.930128701778357,2.64971371604167,0.152577018700742,16.5319936673733,334.231684635902,17.6538770458452,45.851729809334,262.70204792128,854.088369814811,,0.459371873732215,0,18.7916666666667,1.74685789385527,-2.92566242686692,-3.46150385735578,-0.535841430488855,-1.06571557971014,-0.0599721131148553,2.55982309090393,-1.16860133579167,2.80612564959236,0.0157337861042701,751.15577922078,-2.83273874472469,-2.69729007507299,-2.56184140542129,-57.9208333333334,-1.04625,272.916666666667,-0.298484739586139,-0.205006959393656,-0.298321069941826,-0.182322835387296,-0.192335170388059,-0.0456398429693024,0.208333333333332,0.0657237418410372,-0.170084111041667,-0.0148162993501364,2.33269391216066,27.9516409175618,0.345663147388404,-0.139431298224345,-261.398366602599,-120.224144462698,,-0.0673977994191945,0
China,China_2016,4100,c,H,CH_H1,1.15166272132313,5.37457838980483,19.1811275686908,19.0177676056338,430.303885938583,747.586960996749,Eastern Himalayas,0.0049336205,3.0238634978355,0.218191209799515,1.140149945,235.012570493168,0.02360087,3.31505168,13.9730610645415,202.00283428776,14.1726150437698,0.233905434513109,46.0598038863031,147.225,-0.89,583.556891815777,,1.04191718850677,1.0392822922479,1.03702108991384,0.0100247989915536,0.186046511627907,114.1,3.84619311937454,438.850634920635,0.00623216219550099,0.00357919477031377,0.0271332537976705,-0.0138226980936224,0.00713099473932495,China,6.65991847826087,94.0099184782609,0.268718297101449,0.059834807172436,0,0.522702940991246,23,0.0625,102.0118,29.90742,38,4.22291566848169,0.785720360222534,19.0994475871623,flux21,29.90742,1.27271743310403,1766.7,Eastern Himalayas,2.05692007447136,-0.386212547360396,2.82965530939143,0.964632396504668,2.09242307917034,1.12322398497462,7.87196115767934,7.36628478008015,-0.50567637759919,159.785069444444,1917.42083333333,1.70625,9.49270833333333,0.202523417567615,215.786675248304,10.0493722937917,13.4204153754798,0.221566802564992,1366.40922077922,21.9417387447247,21.806290075073,21.6708414054213,3577.08333333333,1.3285442347352,1.75252273161312,0.697683792112079,0.907214111954632,1.70318314641917,0.930128701778357,2.64971371604167,0.152577018700742,16.5319936673733,334.231684635902,17.6538770458452,45.851729809334,262.70204792128,854.088369814811,,0.459371873732215,0,18.7916666666667,1.74685789385527,-3.64904548919765,-1.99170639027532,1.65733909892232,-2.83278985507246,-0.142688610395179,19.2258952448639,-8.90922234879167,-10.3965518776443,-0.00337559276547694,-927.558585858585,-2.76061117603389,-2.70684248791069,-2.65307379978749,-150.720833333334,-2.59625,522.916666666667,1.50111107465623,-0.787890335108453,1.39473928705827,0.216009873019986,0.353736928052195,-1.31634124913875,4.20833333333333,-0.707575601607373,0.665337963958333,0.0813284158123666,-2.55893260283184,-132.228850348142,-3.48126200207535,0.208074076969154,484.884913075469,-423.784483876228,,0.0633310672590315,0
China,China_2016,4100,c,H,CH_H3,-2.25314082604009,6.82659697729084,19.841010989011,20.1321267605634,900.280663210029,264.467370376103,Eastern Himalayas,0.016874404,2.68010104365079,0.211166480139126,3.24223808,223.959672194174,0.079677475,2.896165375,15.8359819271582,278.117909895849,16.530521364675,0.17520109082518,45.2468889461486,147.225,-0.89,583.556891815777,,1.73214351035305,1.68108157271183,1.64075918437981,0.0931063495744553,0.114713216957606,78.2,2.51233375959079,196.4645,0.00623216219550122,0.00357919477031371,0.0271332537976704,-0.0138226980936224,0.00713099473932494,China,6.65991847826087,94.0099184782609,0.268718297101449,0.059834807172436,0,0.228398458998349,27,0.0625,102.0118,29.90742,38,9.07973780333093,1.33005329500706,19.9865688747872,flux22,29.90742,0.751849571557725,1766.7,Eastern Himalayas,2.04106584312098,-0.154872319453222,2.06341878235766,1.23208600750633,1.28353765054111,0.60538571603709,7.87196115767934,7.36628478008015,-0.50567637759919,159.785069444444,1917.42083333333,1.70625,9.49270833333333,0.202523417567615,215.786675248304,10.0493722937917,13.4204153754798,0.221566802564992,1366.40922077922,21.9417387447247,21.806290075073,21.6708414054213,3577.08333333333,1.3285442347352,1.75252273161312,0.697683792112079,0.907214111954632,1.70318314641917,0.930128701778357,2.64971371604167,0.152577018700742,16.5319936673733,334.231684635902,17.6538770458452,45.851729809334,262.70204792128,854.088369814811,,0.459371873732215,0,18.7916666666667,1.74685789385527,1.20777664565159,-0.53968780278931,-1.7474644484409,-2.83278985507246,-0.142688610395179,8.17299694586993,-6.80713421379167,-10.7403143318291,-0.0104003224258659,-1169.94472077922,-2.10072775571369,-1.81972120028579,-1.53871464485789,-150.720833333334,-2.59625,522.916666666667,0.734874547622454,-0.520436724106794,0.585853858429033,-0.301828395917541,0.337882696701818,-1.08500102123158,8.20833333333333,-0.0657763211434428,0.246451658958333,0.0226240721244377,-0.696011740215139,-56.1137747400533,-1.12335568117017,-0.604840863185345,1.76532245482269,46.1922933952182,,-0.230973414733866,0
China,China_2016,4100,c,H,CH_H4,-6.30973302301532,3.04414328545483,19.36,19.7205810810811,874.931229508195,4.17209554625047,Eastern Himalayas,0.0065564905,3.18019412103175,0.259030102391125,1.33373358,206.795109796556,0.025568525,3.139643775,14.6817523403846,230.496477628998,14.9019597393868,0.210686636516789,45.3777075292288,147.225,-0.89,583.556891815777,,1.16081918385367,1.15659840684043,1.15258257641714,0.0322865412035586,0.0958904109589041,73,2.60215372907154,189.957222222222,0.00623216219550093,0.00357919477031407,0.0271332537976704,-0.0138226980936224,0.0071309947393253,China,6.65991847826087,94.0099184782609,0.268718297101449,0.059834807172436,0,0.352712477396022,21,0.0625,102.0118,29.90742,38,9.35387630847015,3.07274508173244,19.5402905405406,flux23,29.90742,0.32544190077629,1766.7,Eastern Himalayas,1.55224226832032,-0.558260762686074,2.38034117545316,0.687185180131517,1.86254200606024,0.697856002973255,7.87196115767934,7.36628478008015,-0.50567637759919,159.785069444444,1917.42083333333,1.70625,9.49270833333333,0.202523417567615,215.786675248304,10.0493722937917,13.4204153754798,0.221566802564992,1366.40922077922,21.9417387447247,21.806290075073,21.6708414054213,3577.08333333333,1.3285442347352,1.75252273161312,0.697683792112079,0.907214111954632,1.70318314641917,0.930128701778357,2.64971371604167,0.152577018700742,16.5319936673733,334.231684635902,17.6538770458452,45.851729809334,262.70204792128,854.088369814811,,0.459371873732215,0,18.7916666666667,1.74685789385527,1.4819151507908,-4.32214149462532,-5.80405664541613,-2.83278985507246,-0.142688610395179,-8.99156545174807,-8.71563871379167,-10.2402212544481,0.0374632998261331,-1176.451998557,-2.58173874472469,-2.26599953453244,-1.95026032434019,-150.720833333334,-2.59625,522.916666666667,1.05179694071796,-1.0653375514816,1.16485821394816,-0.209358108981376,-0.150940878098849,-1.48838946446443,2.20833333333333,-0.590259487014843,0.489930058958334,0.0581096178160467,-1.85024132698874,-103.735207006904,-2.7519173064584,-0.474022280105146,-258.52995237503,20.8428596933841,,-0.106659396336193,0
China,China_2016,4100,c,H,CH_H5,-3.48426228973684,3.34753163948232,19.86,20.611,430.596703296704,0.1,Eastern Himalayas,0.043788562,3.12632693253968,0.229865434546788,7.95837617,212.129890424349,0.178497865,2.903072915,15.9037921449447,281.606164703575,16.1597414908567,0.179648474985975,46.5593215904679,147.225,-0.89,583.556891815777,,1.75474202956313,1.75105073258217,1.74779673713092,0.108574979283407,0.0717488789237668,107.5,2.59343004798819,278.79373015873,0.00623216219550105,0.00357919477031399,0.0271332537976703,-0.0138226980936224,0.00713099473932516,China,6.65991847826087,94.0099184782609,0.268718297101449,0.059834807172436,0,0.551364239418852,27,0.0625,102.0118,29.90742,38,6.83179392921916,2.04084521521525,20.2355,flux24,29.90742,0.489993063925001,1766.7,Eastern Himalayas,1.93128985805206,0.338656931030301,1.7646865919425,1.78165388407689,1.0786748294951,1.33479381091826,7.87196115767934,7.36628478008015,-0.50567637759919,159.785069444444,1917.42083333333,1.70625,9.49270833333333,0.202523417567615,215.786675248304,10.0493722937917,13.4204153754798,0.221566802564992,1366.40922077922,21.9417387447247,21.806290075073,21.6708414054213,3577.08333333333,1.3285442347352,1.75252273161312,0.697683792112079,0.907214111954632,1.70318314641917,0.930128701778357,2.64971371604167,0.152577018700742,16.5319936673733,334.231684635902,17.6538770458452,45.851729809334,262.70204792128,854.088369814811,,0.459371873732215,0,18.7916666666667,1.74685789385527,-1.04016722846018,-4.01875314059783,-2.97858591213765,-2.83278985507246,-0.142688610395179,-3.65678482395506,-2.09099612379167,-10.2940884429402,0.00829863198179606,-1087.61549062049,-2.08173874472469,-1.57079007507299,-1.05984140542129,-150.720833333334,-2.59625,522.916666666667,0.4361423572073,0.0291311524637639,0.380991037383018,0.427579698963631,0.228106711632897,-0.591471770748057,8.20833333333333,0.00419283872689724,0.253359198958334,0.0270714562852326,-0.628201522428638,-52.6255199323272,-1.49413555498841,0.707591781133957,-262.60204792128,-423.491666518107,,0.0919923656866378,0
Norway,Norway_2022,469,c,Vik,NO_Vik_TTC 141,-5.03779562533705,11.4871306535843,17.7679454926625,14.5355974842767,253.593752620545,3.55691823899371,Southern Scandes,0.0110592380083333,8.99404,0.258192116590641,2.34407060333333,234.579216386612,0.0504267463333333,,,,,,,120.358333333333,4.4,935.604424039549,6.10445039048384,1.82898508559462,1.79214724227963,1.76141999176586,0.0938458542642188,1,71,9.51950286806883,675.884703632887,0.0097775088469907,0.0053542301392001,0.0516690408065788,-0.0135019097233682,-0.272942992632764,Norway,12.6199275362319,64.3525815217391,0.424415760869565,0.543265578219728,0.272727272727273,0,11,0.25,7.1699,60.8802,17,16.5249262789214,1.43855996569214,16.1517714884696,flux26,60.8802,0.695139600606685,1444.3,Southern Scandes,1.67850273009666,-0.193004643780903,,,,,21.6826818066098,13.6578678167666,-8.02481398984324,141.083333333333,1693,2.2375,10.5073596014493,0.365848406428667,219.870802594203,2.46289924720315,8.94807440909091,0.266828182404272,904.629432354204,23.4596121593292,19.1187517470301,14.777891334731,844.75,,,,,1.48237325597615,-0.245537915088244,,,,,,,3.10084905660377,994.872919287212,19.5347689250886,0.045045960866121,0.406469759925772,12.7272727272727,1.7069935350825,-5.15775552768848,-2.17073716318229,2.98701836450619,2.11256793478261,0.17741717179106,14.7084137924093,-0.118828643869819,0.0459655909090913,-0.0086360658136308,-228.744728721317,-5.69166666666666,-2.96698025856046,-0.242293850454258,-248.7,2.1625,-375.75,,,,,0.196129474120506,0.0525332713073407,-1.72727272727273,0.0851537071971282,,,,,,,0.456069182389939,-741.279166666667,-13.4303185346048,-0.045045960866121,-0.133742487198499
Norway,Norway_2022,469,c,Vik,NO_Vik_TTC 146,-10.894068621178,13.6663263334248,18.7847379454927,15.4887421383648,345.94394129979,1.84970649895178,Southern Scandes,0.0128018499333333,10.242152,0.242686365564825,2.53691809424242,254.535994993501,0.0545503233106061,,,,,,,120.358333333333,4.4,935.604424039549,15.5713515304655,1.86723792037883,1.83561633566706,1.80714880230486,0.0944887245448082,1,81,14.306386036961,1158.81726899384,0.00977750884699071,0.0053542301392001,0.0516690408065788,-0.0135019097233682,-0.272942992632764,Norway,12.6199275362319,64.3525815217391,0.424415760869565,0.543265578219728,0.277777777777778,0.0677745193874226,18,0.25,7.1699,60.8802,17,24.5603949546028,1.79714682317614,17.1367400419288,flux27,60.8802,0.556437563756019,1444.3,Southern Scandes,1.92960528810706,-0.027865021504169,,,,,21.6826818066098,13.6578678167666,-8.02481398984324,141.083333333333,1693,2.2375,10.5073596014493,0.365848406428667,219.870802594203,2.46289924720315,8.94807440909091,0.266828182404272,904.629432354204,23.4596121593292,19.1187517470301,14.777891334731,844.75,,,,,1.48237325597615,-0.245537915088244,,,,,,,3.10084905660377,994.872919287212,19.5347689250886,0.045045960866121,0.406469759925772,12.7272727272727,1.7069935350825,2.87771314799297,0.00845851665821051,-2.86925463133476,2.11256793478261,0.17741717179106,34.6651923992984,0.0740188470392713,1.29407759090909,-0.0241418168394468,254.187836639636,-4.67487421383646,-1.98201170510131,0.710850803633843,-248.7,2.1625,-375.75,,,,,0.447232032130906,0.217672893584075,5.27272727272727,0.128622800584558,,,,,,,-1.25114255765199,-648.928977987422,-3.96341739462314,0.0227285585213017,-0.128691982147994
Norway,Norway_2022,700,c,Hog,NO_Hog_TTC 101,1.66726932740815,14.0294385689003,28.4192243186583,12.1727253668763,1179.6307966457,3.82171907756813,Southern Scandes,0.0182687994916667,10.7927675,0.277146705498801,3.1655646875,222.828949758111,0.0659294255,,,,,,,130.458333333333,3.03,833.984359417639,14.1668155686739,1.90086919517462,1.87700753485529,1.8550276457238,0.10142704013438,1,66,9.47375215146299,625.267641996558,0.0114708376930365,0.00626157471627421,0.0607913025987913,-0.0135019488979116,-0.323219102250185,Norway,11.3569293478261,69.7130434782609,0.661413043478261,0.428620939200874,0.352941176470588,0.0588235294117647,17,0.25,7.17666,60.876,19,12.3621692414922,0.881159226777324,20.2959748427673,flux28,60.876,1.13486867028257,1565.5,Southern Scandes,1.41555775620283,-0.123009082700146,,,,,21.6826818066098,13.6578678167666,-8.02481398984324,141.083333333333,1693,2.2375,10.5073596014493,0.365848406428667,219.870802594203,2.46289924720315,8.94807440909091,0.266828182404272,904.629432354204,23.4596121593292,19.1187517470301,14.777891334731,844.75,,,,,1.48237325597615,-0.245537915088244,,,,,,,3.10084905660377,994.872919287212,19.5347689250886,0.045045960866121,0.406469759925772,12.7272727272727,1.7069935350825,-9.32051256511768,0.37157075213371,9.69208331725139,0.849569746376812,0.0627725327722062,2.95814716390836,0.702665440296851,1.84469309090909,0.0103185230945292,-279.361790357646,4.95961215932914,1.17722309573724,-2.60516596785466,-127.5,0.7925,-144.75,,,,,-0.0668154997733195,0.122528832388098,4.27272727272727,0.170013999772788,,,,,,,0.720870020964358,184.757877358488,-5.36795335641475,0.0137775685456438,-0.0535285834551834
Norway,Norway_2022,700,c,Hog,NO_Hog_TTC 110,-6.9812941194002,16.7673419863114,29.1947379454927,12.290964360587,875.522389937107,4.12341719077568,Southern Scandes,0.0111575444441558,13.1930765,0.298568207848879,2.05621294931818,225.692288861126,0.0393404854588745,,,,,,,130.458333333333,3.03,833.984359417639,15.6650169218444,1.76015574661129,1.74694794106699,1.73433009116289,0.0951952232238659,1,82,18.9348710990502,1552.65943012212,0.0114708376930365,0.00626157471627422,0.0607913025987913,-0.0135019488979116,-0.323219102250185,Norway,11.3569293478261,69.7130434782609,0.661413043478261,0.428620939200874,0.466666666666667,0.0695652173913044,15,0.25,7.17666,60.876,19,23.7486361057116,1.41636260088806,20.7428511530399,flux29,60.876,0.706033892290716,1565.5,Southern Scandes,1.22780775341087,-0.246125076782985,,,,,21.6826818066098,13.6578678167666,-8.02481398984324,141.083333333333,1693,2.2375,10.5073596014493,0.365848406428667,219.870802594203,2.46289924720315,8.94807440909091,0.266828182404272,904.629432354204,23.4596121593292,19.1187517470301,14.777891334731,844.75,,,,,1.48237325597615,-0.245537915088244,,,,,,,3.10084905660377,994.872919287212,19.5347689250886,0.045045960866121,0.406469759925772,12.7272727272727,1.7069935350825,2.06595429910177,3.10947416954481,1.04351987044304,0.849569746376812,0.0627725327722062,5.82148626692336,-0.406686297884969,4.24500209090909,0.0317400254446072,648.029997767916,5.73512578616354,1.62409940600979,-2.48692697414396,-127.5,0.7925,-144.75,,,,,-0.254565502565289,-0.000587161694741462,2.27272727272727,0.0399544059844881,,,,,,,1.02256813417191,-119.350529350105,-3.86975200324419,0.0245192565251834,0.0601969067408951
Norway,Norway_2022,700,c,Hog,NO_Hog_TTC 115,-2.70510793867726,16.9677883619726,27.8841090146751,18.1399371069182,695.408176100629,5.09341719077568,Southern Scandes,0.0147937283154762,12.8591,0.298745861031968,2.80444935234848,219.523938821683,0.0533922751489899,,,,,,,130.458333333333,3.03,833.984359417639,13.0559990184954,1.65165263413573,1.63174041345327,1.61364866675584,0.0810198997045721,1,131,11.5894308943089,1518.21544715447,0.0114708376930365,0.00626157471627422,0.0607913025987913,-0.0135019488979116,-0.323219102250185,Norway,11.3569293478261,69.7130434782609,0.661413043478261,0.428620939200874,0.4375,0.0625,16,0.25,7.17666,60.876,19,19.6728963006499,1.15942607728063,23.0120230607967,flux30,60.876,0.862495694719445,1565.5,Southern Scandes,1.1929947551281,-0.186540161708799,,,,,21.6826818066098,13.6578678167666,-8.02481398984324,141.083333333333,1693,2.2375,10.5073596014493,0.365848406428667,219.870802594203,2.46289924720315,8.94807440909091,0.266828182404272,904.629432354204,23.4596121593292,19.1187517470301,14.777891334731,844.75,,,,,1.48237325597615,-0.245537915088244,,,,,,,3.10084905660377,994.872919287212,19.5347689250886,0.045045960866121,0.406469759925772,12.7272727272727,1.7069935350825,-2.00978550595997,3.30992054520601,5.31970605116598,0.849569746376812,0.0627725327722062,-0.34686377251964,0.341550105145331,3.91102559090909,0.0319176786276962,613.586014800266,4.42449685534594,3.89327131376659,3.36204577218724,-127.5,0.7925,-144.75,,,,,-0.289378500848052,0.058997753379445,3.27272727272727,-0.0752531216292318,,,,,,,1.99256813417191,-299.464743186583,-6.47876990659328,0.017454039133879,0.0310302400742284
Norway,Norway_2022,920,c,Joa,NO_Joa_109 AN3C 109,-8.93069075308828,17.7173867356264,27.5801257861635,13.4643815513627,1461.35645702306,2.79270440251572,Southern Scandes,0.0173826180416667,8.819125,0.264991649797008,3.66787513333333,219.330204923041,0.08994206,,,,,,,140.175,1.88,754.13196805941,5.96423535817166,2.05980272451465,2.03783378448423,2.01789052464593,0.120643329145931,1,75,8.93601190476191,670.200892857143,0.00849022463568978,0.00460857356405284,0.0457060889147368,-0.0135018865070282,-0.253637733835167,Norway,10.0457427536232,75.8261322463768,0.618265398550725,0.318327325796023,0.5,0,7,0.25,7.168,60.8618,16,26.6480774887147,1.5040636571493,20.5222536687631,flux31,60.8618,0.664865476435575,1682.1,Southern Scandes,1.52402034250917,-0.108033149284546,,,,,21.6826818066098,13.6578678167666,-8.02481398984324,141.083333333333,1693,2.2375,10.5073596014493,0.365848406428667,219.870802594203,2.46289924720315,8.94807440909091,0.266828182404272,904.629432354204,23.4596121593292,19.1187517470301,14.777891334731,844.75,,,,,1.48237325597615,-0.245537915088244,,,,,,,3.10084905660377,994.872919287212,19.5347689250886,0.045045960866121,0.406469759925772,12.7272727272727,1.7069935350825,4.96539568210485,4.05951891885981,-0.90587676324504,-0.461616847826088,-0.0475210806326445,-0.540597671161635,1.20497588613018,-0.128949409090909,-0.0018365326072638,-234.428539497061,4.12051362683434,1.40350192173304,-1.31350978336826,-10.9000000000001,-0.3575,75.25,,,,,0.0416470865330183,0.137504765803698,-5.72727272727273,0.330840249401728,,,,,,,-0.308144654088052,466.483537735848,-13.570533566917,-0.045045960866121,0.0935302400742284
Norway,Norway_2022,920,c,Joa,NO_Joa_156 AN2C 156,0.589695892884823,19.4577700760277,24.8902096436059,13.381572327044,1115.57557651992,2.8914465408805,Southern Scandes,0.0130008720833333,10.76078,0.260995753911449,3.3232206,274.819389083569,0.0599782891666667,,,,,,,140.175,1.88,754.13196805941,29.5952833285396,1.87618712594087,1.59517408223496,1.49373146367325,0.0776219299876977,1,125,11.7027027027027,1462.83783783784,0.00849022463568979,0.00460857356405284,0.0457060889147368,-0.0135018865070282,-0.253637733835167,Norway,10.0457427536232,75.8261322463768,0.618265398550725,0.318327325796023,0.729508196721312,0.00180279794240662,10,0.25,7.168,60.8618,16,18.8680741831429,0.969693552211754,19.135890985325,flux32,60.8618,1.03125363442824,1682.1,Southern Scandes,2.0629362778727,0.0728333871396812,,,,,21.6826818066098,13.6578678167666,-8.02481398984324,141.083333333333,1693,2.2375,10.5073596014493,0.365848406428667,219.870802594203,2.46289924720315,8.94807440909091,0.266828182404272,904.629432354204,23.4596121593292,19.1187517470301,14.777891334731,844.75,,,,,1.48237325597615,-0.245537915088244,,,,,,,3.10084905660377,994.872919287212,19.5347689250886,0.045045960866121,0.406469759925772,12.7272727272727,1.7069935350825,-2.81460762346695,5.79990225926111,8.61450988272806,-0.461616847826088,-0.0475210806326445,54.9485864893663,0.860321352796851,1.81270559090909,-0.00583242849282278,558.208405483636,1.43059748427674,0.0171392382948916,-1.39631900768696,-10.9000000000001,-0.3575,75.25,,,,,0.580563021896548,0.318371302227925,-2.72727272727273,-0.111819452847542,,,,,,,-0.209402515723272,120.702657232708,10.060514403451,-0.0432431629237143,0.32303843679554
Norway,Norway_2022,920,c,Joa,NO_Joa_81 AN1C 81,-10.0290950299137,17.2185684955132,27.2410272536688,13.6766037735849,1290.81459119497,2.30132075471698,Southern Scandes,0.0242836740166667,11.335775,0.24188313830988,4.582684585,227.205932107014,0.1302374125,,,,,,,140.175,1.88,754.13196805941,26.5465963391221,1.9575258196866,1.93668886222108,1.9170504375622,0.11014287750513,1,111,11.709746588694,1299.78187134503,0.00849022463568975,0.00460857356405284,0.0457060889147368,-0.0135018865070282,-0.253637733835167,Norway,10.0457427536232,75.8261322463768,0.618265398550725,0.318327325796023,0.513761467889908,0.0060534316231268,8,0.25,7.168,60.8618,16,27.2476635254269,1.58245811970531,20.4588155136269,flux33,60.8618,0.631928256140026,1682.1,Southern Scandes,1.65720553955689,0.169556021567761,,,,,21.6826818066098,13.6578678167666,-8.02481398984324,141.083333333333,1693,2.2375,10.5073596014493,0.365848406428667,219.870802594203,2.46289924720315,8.94807440909091,0.266828182404272,904.629432354204,23.4596121593292,19.1187517470301,14.777891334731,844.75,,,,,1.48237325597615,-0.245537915088244,,,,,,,3.10084905660377,994.872919287212,19.5347689250886,0.045045960866121,0.406469759925772,12.7272727272727,1.7069935350825,5.56498171881707,3.56070067874661,-2.00428104007046,-0.461616847826088,-0.0475210806326445,7.33512951281136,2.11978533779685,2.38770059090909,-0.0249450440943918,395.152438990826,3.78141509433964,1.34006376659679,-1.10128756114606,-10.9000000000001,-0.3575,75.25,,,,,0.174832283580731,0.415093936656005,-4.72727272727273,0.229695327138578,,,,,,,-0.799528301886792,295.941671907758,7.01182741403348,-0.0389925292429942,0.107291707964137
Norway,Norway_2022,1290,c,Lia,NO_Lia_27 AN3C 27,-19.8989809113162,10.1365992855722,23.0197693920335,20.1003144654088,1708.99765199161,2.7977358490566,Southern Scandes,0.00716009207857143,3.09791,0.294406015273069,1.14583809,177.050315940577,0.0258569700595238,,,,,,,173.341666666667,-0.36,613.774749464175,12.3678114448328,1.43448676933698,1.42382091145207,1.41429109759682,0.0618588608447288,1,85,2.70752864157119,230.139934533552,0.00714838062936066,0.00385150280279667,0.0391131043076289,-0.0135020526535256,-0.225971422740133,Norway,8.00683876811594,85.5585144927536,1.06797554347826,0.173179782498045,0.472972972972973,0.141977671275344,13,0.25,7.195,60.8599,18,30.0355801968884,2.96308252410048,21.5600419287212,flux34,60.8599,0.3374863817887,2080.1,Southern Scandes,1.05536419741352,-0.767364988365937,,,,,21.6826818066098,13.6578678167666,-8.02481398984324,141.083333333333,1693,2.2375,10.5073596014493,0.365848406428667,219.870802594203,2.46289924720315,8.94807440909091,0.266828182404272,904.629432354204,23.4596121593292,19.1187517470301,14.777891334731,844.75,,,,,1.48237325597615,-0.245537915088244,,,,,,,3.10084905660377,994.872919287212,19.5347689250886,0.045045960866121,0.406469759925772,12.7272727272727,1.7069935350825,8.35289839027857,-3.52126853119439,-11.874166921473,-2.50052083333333,-0.192668623930622,-42.8204866536256,-1.31706115720315,-5.85016440909091,0.0275778328687972,-674.489497820652,-0.439842767295659,2.44129018169109,5.32242313067784,387.1,-2.5975,445.25,,,,,-0.42700905856263,-0.521827073277693,0.272727272727273,-0.283172623630432,,,,,,,-0.303113207547172,714.124732704398,-7.16695748025582,0.0969317104092229,0.0665032130472014
Norway,Norway_2022,1290,c,Lia,NO_Lia_4 AN1C 4,-17.9118699446734,7.40698903627535,17.219748427673,17.2292452830189,1373.34454926625,2.5025786163522,Southern Scandes,0.00550683396000527,4.5060675,0.24438704290204,0.989876820102953,184.930026112235,0.0248997746431069,,,,,,,173.341666666667,-0.36,613.774749464175,47.8538650382119,1.48885343765197,1.4627486923863,1.44288274640992,0.0682390427650088,1,129,3.41062670299728,439.970844686649,0.00714838062936067,0.00385150280279667,0.0391131043076289,-0.0135020526535256,-0.225971422740133,Norway,8.00683876811594,85.5585144927536,1.06797554347826,0.173179782498045,0.247311827956989,0.0386213057217681,13,0.25,7.195,60.8599,18,25.3188589809488,3.4182390249197,17.224496855346,flux35,60.8599,0.29254829539707,2080.1,Southern Scandes,1.33431397385449,-0.582735668665191,,,,,21.6826818066098,13.6578678167666,-8.02481398984324,141.083333333333,1693,2.2375,10.5073596014493,0.365848406428667,219.870802594203,2.46289924720315,8.94807440909091,0.266828182404272,904.629432354204,23.4596121593292,19.1187517470301,14.777891334731,844.75,,,,,1.48237325597615,-0.245537915088244,,,,,,,3.10084905660377,994.872919287212,19.5347689250886,0.045045960866121,0.406469759925772,12.7272727272727,1.7069935350825,3.63617717433892,-6.25087878049124,-9.88705595483016,-2.50052083333333,-0.192668623930622,-34.9407764819676,-1.4730224271002,-4.44200690909091,-0.0224411395022318,-464.658587667555,-6.23986373165616,-1.89425489168411,2.45135394828794,387.1,-2.5975,445.25,,,,,-0.148059282121668,-0.337197753576947,0.272727272727273,-0.244244842696202,,,,,,,-0.598270440251572,378.471629979038,28.3190961131233,-0.0064246551443529,-0.159157931968782
Norway,Norway_2022,1290,c,Lia,NO_Lia_77 AN2C 77,-12.0587351601594,7.67062811253992,22.1780083857442,11.829748427673,1275.20073375262,3.39496855345912,Southern Scandes,0.00278280876690948,3.828025,0.25310714971843,0.475180804055944,178.08257154876,0.0104093750378788,,,,,,,173.341666666667,-0.36,613.774749464175,36.0374276996725,1.45937812383712,1.43720308580664,1.4196156122455,0.0676966519726626,1,84,3.77557003257329,317.147882736156,0.00714838062936067,0.00385150280279667,0.0391131043076289,-0.0135020526535256,-0.225971422740133,Norway,8.00683876811594,85.5585144927536,1.06797554347826,0.173179782498045,0.2,0.0483870967741936,12,0.25,7.195,60.8599,18,19.7293632726993,2.57206619630612,17.0038784067086,flux36,60.8599,0.388792481871638,2080.1,Southern Scandes,1.2277972015854,-0.708628681885449,,,,,21.6826818066098,13.6578678167666,-8.02481398984324,141.083333333333,1693,2.2375,10.5073596014493,0.365848406428667,219.870802594203,2.46289924720315,8.94807440909091,0.266828182404272,904.629432354204,23.4596121593292,19.1187517470301,14.777891334731,844.75,,,,,1.48237325597615,-0.245537915088244,,,,,,,3.10084905660377,994.872919287212,19.5347689250886,0.045045960866121,0.406469759925772,12.7272727272727,1.7069935350825,-1.95331853391051,-5.98723970422667,-4.03392117031616,-2.50052083333333,-0.192668623930622,-41.7882310454426,-1.9877184431472,-5.12004940909091,-0.0137210326858418,-587.481549618048,-1.28160377358496,-2.11487334032146,-2.94814290705796,387.1,-2.5975,445.25,,,,,-0.254576054390751,-0.463090766797205,-0.727272727272727,-0.269790449275862,,,,,,,0.294119496855348,280.327814465408,16.5026587745839,0.00334113590807259,-0.206469759925772
Peru,Peru_2018,3071.7,b,WAY,PE_WAY_B_1,-4.115106276,4.717018361,29.79829457,30.05719697,733.3333333,8.6,Central Andes,0.0756054529381573,40.7071625,0.395637699886839,5.24052532623685,49.276664604544,0.218646043823428,1.13413741164488,42.8083525761568,4442.41889557434,27.399225346367,0.0413930466028762,46.0918813236099,225.016666666667,10.34,1436.63273605277,,4.80231786989524,3.04280271407005,2.46906106579868,0.151690541528575,0.717990275526742,506.833333333333,37.2,26486.4,0.000661040207412311,0.00488742666926343,0.0375250639413672,-0.00960270057804213,0.0569630799081363,Peru,10.9959737827715,91.291011235955,0.4212265917603,0.114647765714258,0.488899182213136,0.026596804654788,15,1.44,-71.588118,-13.179917,11,8.832124637,1.87239564510145,29.92774577,flux37,13.179917,0.534075158002098,2700.2,Central Andes,-2.061106776455,0.28462652591324,-4.87735716607388,0.429886015048623,-4.66193753665687,-0.705178918389876,6.94303319858824,3.63719318785294,-3.30584001073529,216.267892156863,2595.21470588235,8.29705882352941,9.14225187265918,0.0472237193262305,68.0133251854782,4.15215575182657,35.0716970514706,0.442032087494306,14011.887254902,23.2269933811765,23.3285599202941,23.4301264594118,3476.22352941176,-3.09983156955176,-0.262175959863939,-2.65034071962011,-0.336275553876657,-1.91052598628298,-0.128834239009661,1.19066645333465,0.0606798195292583,44.4511985838703,1681.74659157688,20.1895187601873,46.1900481738571,5.94713235279412,533.849824928529,,0.0976847043354837,0.682739653644318,16.0294117647059,2.24938512983247,1.88909143841176,1.07982517314706,-0.809266265264706,1.85372191011236,0.0674240463880275,-18.7366605809343,1.08836957441029,5.63546544852941,-0.0463943876074677,12474.512745098,6.57130118882353,6.59918584970588,6.62707051058823,104.985294117647,2.04294117647059,-404.523529411765,-1.77752559652212,0.692061974912562,-2.01159681703675,-0.368903364513219,-0.150580790172014,0.413460764922901,-1.02941176470588,0.793417584237579,-0.0565290416897737,-0.0192867729263822,-1.64284600771353,2760.67230399746,7.20970658617969,-0.0981668502472317,2.65286764720588,199.483508371471,,-0.0710878996806957,-0.193840471431183
Peru,Peru_2018,3073.1,b,WAY,PE_WAY_B_2,-4.555878297,3.954002979,30.43044444,30.73464286,713.2857143,12.66,Central Andes,0.0525907073379472,42.301515,0.400706360042335,5.14015366338095,87.4548799207045,0.186248370957602,1.34469872939423,36.3821929018412,1312.214136221,26.7065938677758,0.0503508135875292,46.0865152750129,224.991666666667,10.34,1436.63273605277,,2.72377099569827,1.5149226309136,1.34546819528703,0.0633223390208953,0.937031484257871,439.666666666667,36.9,22472.1,0.00421595304345359,0.00334550992442653,0.048684573312883,-0.00960270103269955,0.0687757761145864,Peru,10.9959737827715,91.291011235955,0.4212265917603,0.114647765714258,0.802161069651741,0.00303289881268892,12,1.44,-71.588188,-13.179978,11,8.509881276,2.15221923736441,30.58254365,flux38,13.179978,0.464636679497666,2699.9,Central Andes,-1.71467751379727,0.32716528469598,-3.07685406539364,0.489755466454931,-2.80989981852702,0.34470255538251,6.94303319858824,3.63719318785294,-3.30584001073529,216.267892156863,2595.21470588235,8.29705882352941,9.14225187265918,0.0472237193262305,68.0133251854782,4.15215575182657,35.0716970514706,0.442032087494306,14011.887254902,23.2269933811765,23.3285599202941,23.4301264594118,3476.22352941176,-3.09983156955176,-0.262175959863939,-2.65034071962011,-0.336275553876657,-1.91052598628298,-0.128834239009661,1.19066645333465,0.0606798195292583,44.4511985838703,1681.74659157688,20.1895187601873,46.1900481738571,5.94713235279412,533.849824928529,,0.0976847043354837,0.682739653644318,16.0294117647059,2.24938512983247,1.56684807741176,0.316809791147059,-1.25003828626471,1.85372191011236,0.0674240463880275,19.4415547352262,0.987997911554384,7.22981794852941,-0.0413257274519712,8460.21274509804,7.20345105882353,7.25398372970588,7.30451640058823,104.685294117647,2.04294117647059,-403.123529411765,0.0229775041581259,0.751931426318869,-0.159559098906902,0.680978109259167,0.195848472485714,0.45599952370564,-4.02941176470588,-0.734462498918871,0.154032276059581,-0.0103290059417291,-8.06900568202918,-369.532455355885,6.51707510758848,-0.103532898844186,6.71286764720588,179.435889371471,,-0.0946518055227948,0.119421416007423
Peru,Peru_2018,3077.1,b,WAY,PE_WAY_B_3,-5.7253573,5.455560735,31.55896825,32.20406504,1094.8,11.53333333,Central Andes,0.105942910939415,49.2476725,0.436829120739746,7.98505965002712,59.5789309568974,0.277848239326616,1.19298135201921,42.1779386772448,3209.12245577554,20.0111909033766,0.0596157099184891,45.9111127229375,224.966666666667,10.34,1436.63273605277,,3.56284526739891,2.81007442858879,2.54765432490972,0.143143407503325,0.832460732984293,161.25,18.6,5096.4,0.00597900342714455,0.00283563845270175,0.0567807767584833,-0.00960270149291211,0.079470876077318,Peru,10.9959737827715,91.291011235955,0.4212265917603,0.114647765714258,0.657829486934961,0.0253426963376602,15,1.44,-71.588263,-13.180036,11,11.180918035,2.04945349856874,31.881516645,flux39,13.180036,0.487934954707858,2699.6,Central Andes,-2.39416785784192,0.826446852867328,-3.78404115692064,-0.362901896505173,-3.18006121217711,-0.858239342292481,6.94303319858824,3.63719318785294,-3.30584001073529,216.267892156863,2595.21470588235,8.29705882352941,9.14225187265918,0.0472237193262305,68.0133251854782,4.15215575182657,35.0716970514706,0.442032087494306,14011.887254902,23.2269933811765,23.3285599202941,23.4301264594118,3476.22352941176,-3.09983156955176,-0.262175959863939,-2.65034071962011,-0.336275553876657,-1.91052598628298,-0.128834239009661,1.19066645333465,0.0606798195292583,44.4511985838703,1681.74659157688,20.1895187601873,46.1900481738571,5.94713235279412,533.849824928529,,0.0976847043354837,0.682739653644318,16.0294117647059,2.24938512983247,4.23788483641176,1.81836754714706,-2.41951728926471,1.85372191011236,0.0674240463880275,-8.43439422858084,3.83290389820055,14.1759754485294,-0.00520296675456022,-8915.48725490196,8.33197486882353,8.55295672470588,8.77393858058824,104.385294117647,2.04294117647059,-399.123529411765,-0.684209587368875,-0.100725936641234,-0.529720492556994,-0.521963788415824,-0.483641871558931,0.955281091876988,-1.02941176470588,0.560689298756319,0.00231489868455625,-0.00106410961076923,-2.27325990662553,1527.37586419865,-0.17832785681076,-0.27893545091964,5.58620097720588,560.950175071471,,-0.0723420079978235,-0.024910166709357
Peru,Peru_2018,3078.8,b,WAY,PE_WAY_B_4,-4.427817629,3.987070279,33.84783582,34.56736486,1121.6,9.825,Central Andes,0.0547094705341004,39.8810125,0.423849358035939,4.69953665350331,71.6476209815751,0.141758097004395,1.28648597817028,37.8382162235976,1807.18102908665,26.5337005251103,0.0484849814654691,45.7495654450506,224.925,10.34,1436.63273605277,,2.2636509886124,1.73950230811878,1.57360491269348,0.0915712853783483,0.892323030907278,186.75,34,10523,-0.0003607582231074,0.00608793477861465,0.0407185677710929,-0.00960270200178294,0.0652150145050194,Peru,11.0125936329588,91.099297752809,0.287659176029963,0.11729268861957,0.844896941489362,0.00257305507926885,13,1.44,-71.588355,-13.180092,11,8.414887908,2.11054416379903,34.20760034,flux40,13.180092,0.473811454482894,2699.1,Central Andes,-1.92970801748105,0.110980422845478,-3.38524482220712,0.274479325920495,-3.03820970808899,-0.0513368456106345,6.94303319858824,3.63719318785294,-3.30584001073529,216.267892156863,2595.21470588235,8.29705882352941,9.14225187265918,0.0472237193262305,68.0133251854782,4.15215575182657,35.0716970514706,0.442032087494306,14011.887254902,23.2269933811765,23.3285599202941,23.4301264594118,3476.22352941176,-3.09983156955176,-0.262175959863939,-2.65034071962011,-0.336275553876657,-1.91052598628298,-0.128834239009661,1.19066645333465,0.0606798195292583,44.4511985838703,1681.74659157688,20.1895187601873,46.1900481738571,5.94713235279412,533.849824928529,,0.0976847043354837,0.682739653644318,16.0294117647059,2.24938512983247,1.47185470941177,0.349877091147059,-1.12197761826471,1.87034176029963,0.0700689692933396,3.63429579609686,0.547380901676744,4.8093154485294,-0.0181827294583672,-3488.88725490196,10.6208424388235,10.8790404197059,11.1372384005882,103.885294117647,2.04294117647059,-397.423529411764,-0.285413252655356,0.536655285784434,-0.387868988468878,0.284938708266023,-0.0191820311980706,0.239814661855138,-3.02941176470588,-0.509882821713691,0.0958195248356313,-0.0121948380637892,-6.61298236027277,125.434437509765,6.34418176492296,-0.440482728806536,3.87786764720588,587.750175071471,,-0.0951116492562149,0.162157287845044
Peru,Peru_2018,3078.8,b,WAY,PE_WAY_B_5,-5.219551108,3.513525556,35.01603053,35.10640845,1227.2,8.8,Central Andes,0.0483956070377436,42.1645825,0.455770357777368,3.31395897676934,54.9458146834204,0.109134600290533,1.24126725242215,39.7763740272993,3014.74658818993,24.2389118773592,0.0512096936819008,45.8080095266662,224.925,10.34,1436.63273605277,,2.89808713862792,2.24682495427953,1.92198133245725,0.133251948111588,0.805100182149362,216.5,29.4,10334.1,-0.000360758223107396,0.00608793477861464,0.0407185677710929,-0.00960270200178293,0.0652150145050195,Peru,11.0125936329588,91.099297752809,0.287659176029963,0.11729268861957,0.674659201557936,0.00267589867772189,15,1.44,-71.588355,-13.180092,11,8.733076664,2.48555945440233,35.06121949,flux41,13.180092,0.402323910711062,2699.1,Central Andes,-2.38422722366128,-0.128137298552448,-3.9226770562131,-0.22131782962173,-3.43289167252641,-0.542762426212296,6.94303319858824,3.63719318785294,-3.30584001073529,216.267892156863,2595.21470588235,8.29705882352941,9.14225187265918,0.0472237193262305,68.0133251854782,4.15215575182657,35.0716970514706,0.442032087494306,14011.887254902,23.2269933811765,23.3285599202941,23.4301264594118,3476.22352941176,-3.09983156955176,-0.262175959863939,-2.65034071962011,-0.336275553876657,-1.91052598628298,-0.128834239009661,1.19066645333465,0.0606798195292583,44.4511985838703,1681.74659157688,20.1895187601873,46.1900481738571,5.94713235279412,533.849824928529,,0.0976847043354837,0.682739653644318,16.0294117647059,2.24938512983247,1.79004346541177,-0.123667631852941,-1.91371109726471,1.87034176029963,0.0700689692933396,-13.0675105020578,-0.838196775057231,7.09288544852941,0.0137382702830613,-3677.78725490196,11.7890371488235,11.7326595697059,11.6762819905882,103.885294117647,2.04294117647059,-397.423529411764,-0.822845486661337,0.0408581302422093,-0.782550952906292,-0.206486872335638,-0.473701237378301,0.000696940457212802,-1.02941176470588,-0.00256017555294097,0.0506007990875013,-0.00947012584735758,-4.67482455657108,1332.99999661305,4.04939311717187,-0.382038647190889,2.85286764720588,693.350175071471,,-0.0950088056577619,-0.00808045208638253
Peru,Peru_2018,3118,c,WAY,PE_WAY_C_1,-1.380551075,5.252886546,28.39096774,28.12676923,409,4.625,Central Andes,0.0634809662252637,27.1608983333333,0.40634571051731,5.36327062151053,69.9192511532454,0.178475986738191,1.18965394794364,44.760257024008,4079.13605900033,26.246469639171,0.0453262463218356,46.7441613576153,224.516666666667,10.31,1433.96021875588,,3.55446272021639,3.43965353674672,3.37344015504504,0.178367330890527,0.657120127287192,573.5,27.1,21923.9,0.0028344333446243,0.00449161736760195,0.0440985157776751,-0.00960270761302344,0.0586553999361894,Peru,10.7610018726592,92.4607209737828,0.406769662921348,0.0977435974666897,0.388534909502014,0.21242696965073,15,1.44,-71.589709,-13.180406,10,6.633437621,1.26281760759735,28.258868485,flux42,13.180406,0.791879994374338,2694.2,Central Andes,-1.40431291887973,-0.0990079830299997,-4.50434954267127,0.865226318083664,-4.52793933645523,-0.330986471535445,6.94303319858824,3.63719318785294,-3.30584001073529,216.267892156863,2595.21470588235,8.29705882352941,9.14225187265918,0.0472237193262305,68.0133251854782,4.15215575182657,35.0716970514706,0.442032087494306,14011.887254902,23.2269933811765,23.3285599202941,23.4301264594118,3476.22352941176,-3.09983156955176,-0.262175959863939,-2.65034071962011,-0.336275553876657,-1.91052598628298,-0.128834239009661,1.19066645333465,0.0606798195292583,44.4511985838703,1681.74659157688,20.1895187601873,46.1900481738571,5.94713235279412,533.849824928529,,0.0976847043354837,0.682739653644318,16.0294117647059,2.24938512983247,-0.309595577588235,1.61569335814706,1.92528893573529,1.61875,0.0505198781404593,1.90592596776716,1.21111486968396,-7.91079871813726,-0.0356863769769959,7912.01274509804,5.16397435882353,4.93030856470588,4.69664277058823,98.9852941176468,2.01294117647059,-358.223529411765,-1.4045179731195,1.1274022779476,-1.87759861683512,0.005289082341212,0.506213067403257,0.0298262559796608,-1.02941176470588,1.19026840691425,-0.0010125053910055,-0.0153535732074228,0.309058440137704,2397.38946742345,6.05695087898367,0.554113183758183,-1.32213235279412,-124.849824928529,,0.114742265315246,-0.294204744142304
Peru,Peru_2018,3120.3,c,WAY,PE_WAY_C_2,-5.199182085,1.906702529,28.16173228,29.01945701,882.5,12.36,Central Andes,0.037812340029093,33.89664,0.399200366972985,4.06794255076405,110.213258971144,0.101162871161495,1.33341420598146,39.5247779280238,1182.25401232401,19.8064101058059,0.0673223566945425,46.7707086221611,224.508333333333,10.31,1433.96021875588,,2.82113574879281,1.98389072971767,1.7042451000581,0.104612614722821,0.918552036199095,491.666666666667,25.7,17758.7,0.0057803892361183,0.00313700195019524,0.0524700625133213,-0.00960270784318233,0.0661829353632924,Peru,10.7610018726592,92.4607209737828,0.406769662921348,0.0977435974666897,0.542652329749104,0.144485146555183,14,1.44,-71.589752,-13.18043,10,7.105884614,3.72679246286351,28.590594645,flux43,13.18043,0.268327257276795,2694.1,Central Andes,-1.1901242791422,0.000725671222082452,-2.3768389290585,0.224866229631619,-2.21754538256421,0.290267576076689,6.94303319858824,3.63719318785294,-3.30584001073529,216.267892156863,2595.21470588235,8.29705882352941,9.14225187265918,0.0472237193262305,68.0133251854782,4.15215575182657,35.0716970514706,0.442032087494306,14011.887254902,23.2269933811765,23.3285599202941,23.4301264594118,3476.22352941176,-3.09983156955176,-0.262175959863939,-2.65034071962011,-0.336275553876657,-1.91052598628298,-0.128834239009661,1.19066645333465,0.0606798195292583,44.4511985838703,1681.74659157688,20.1895187601873,46.1900481738571,5.94713235279412,533.849824928529,,0.0976847043354837,0.682739653644318,16.0294117647059,2.24938512983247,0.162851415411765,-1.73049065885294,-1.89334207426471,1.61875,0.0505198781404593,42.1999337856661,-0.0842132010625125,-1.17505705147059,-0.0428317205213212,3746.81274509804,4.93473889882353,5.26203472470588,5.58933055058823,98.8852941176469,2.01294117647059,-355.923529411764,0.722992640493265,0.487042189495558,0.432795337055905,0.626543129953346,0.720401707140787,0.129559910231743,-2.02941176470588,-0.265494400114801,0.142747752646808,0.00664253716528418,-4.9264206558465,-499.492579252878,-0.383108654381417,0.580660448304045,6.41286764720588,348.650175071471,,0.0468004422196992,-0.140087323895214
Peru,Peru_2018,3121,c,WAY,PE_WAY_C_3,-4.011341122,10.92567332,29.86618321,30.09639535,633,4.733333333,Central Andes,0.0540707975961312,35.7982166666667,0.464791672426652,4.12136230279176,77.1141295969152,0.120200253034611,1.27397439699378,41.9739302946993,2326.6743211796,25.5166378771369,0.0499272044823455,46.7466801195413,224.491666666667,10.3,1433.06947215837,,2.71912122545199,2.28405456910219,2.0435902458712,0.122407068010918,0.744133719061395,649.5,47.1,42437.1,0.0043142485325506,0.0041145553265329,0.0506109300200301,-0.00960270812075311,0.0662887360508087,Peru,10.7610018726592,92.4607209737828,0.406769662921348,0.0977435974666897,0.553495909459212,0.197856648707742,14,1.44,-71.589806,-13.180457,10,14.937014442,1.3671481843281,29.98128928,flux44,13.180457,0.731449605436487,2693.9,Central Andes,-1.94872266930968,-0.163411671839385,-3.78037548958022,0.369982240502726,-3.50903798124085,0.207413549638472,6.94303319858824,3.63719318785294,-3.30584001073529,216.267892156863,2595.21470588235,8.29705882352941,9.14225187265918,0.0472237193262305,68.0133251854782,4.15215575182657,35.0716970514706,0.442032087494306,14011.887254902,23.2269933811765,23.3285599202941,23.4301264594118,3476.22352941176,-3.09983156955176,-0.262175959863939,-2.65034071962011,-0.336275553876657,-1.91052598628298,-0.128834239009661,1.19066645333465,0.0606798195292583,44.4511985838703,1681.74659157688,20.1895187601873,46.1900481738571,5.94713235279412,533.849824928529,,0.0976847043354837,0.682739653644318,16.0294117647059,2.24938512983247,7.99398124341176,7.28848013214706,-0.705501111264706,1.61875,0.0505198781404593,9.10080441143695,-0.0307934490348059,0.726519615196075,0.0227595849323461,28425.212745098,6.63918982882353,6.65272935970588,6.66626889058824,98.6852941176471,2.00294117647059,-355.223529411765,-0.68054392002846,0.632158200366665,-0.85869726162074,0.543689103515129,-0.0381966830266918,-0.034577432829725,-2.02941176470588,0.0346694392697189,0.083307943659128,-0.0107526150469128,-2.47726828917099,644.927729602717,5.32711911694956,0.556631945684217,-1.21379901979412,99.1501750714706,,0.100171944372258,-0.129243744185106
Peru,Peru_2018,3123.3,c,WAY,PE_WAY_C_4,-2.651457454,1.264179746,30.1040146,30.13412214,804.6666667,7.4,Central Andes,0.0332709638773522,32.4403283333333,0.407107751393128,3.53154208744913,102.036510437421,0.0804651353160083,1.30867941528722,40.5214184092044,1112.93989295531,22.9845930088192,0.0569372455185557,46.8985438272477,224.483333333333,10.3,1433.06947215837,,2.71659569751979,2.19112134288717,1.97956263939128,0.126818765532434,0.989637305699482,475.666666666667,21.5,14383.5,0.00271228895444137,0.00505111363651725,0.0481518528534779,-0.00960270860037706,0.0659698766065603,Peru,10.7610018726592,92.4607209737828,0.406769662921348,0.0977435974666897,0.688436400201106,0.171756834136658,13,1.44,-71.589873,-13.180527,10,3.9156372,3.09737378121228,30.11906837,flux45,13.180527,0.322854156661909,2693.8,Central Andes,-1.27862194810104,-0.15796544064279,-2.75886035939155,0.474941271420356,-2.64132605484698,0.530132402668109,6.94303319858824,3.63719318785294,-3.30584001073529,216.267892156863,2595.21470588235,8.29705882352941,9.14225187265918,0.0472237193262305,68.0133251854782,4.15215575182657,35.0716970514706,0.442032087494306,14011.887254902,23.2269933811765,23.3285599202941,23.4301264594118,3476.22352941176,-3.09983156955176,-0.262175959863939,-2.65034071962011,-0.336275553876657,-1.91052598628298,-0.128834239009661,1.19066645333465,0.0606798195292583,44.4511985838703,1681.74659157688,20.1895187601873,46.1900481738571,5.94713235279412,533.849824928529,,0.0976847043354837,0.682739653644318,16.0294117647059,2.24938512983247,-3.02739599858824,-2.37301344185294,0.654382556735294,1.61875,0.0505198781404593,34.023185251943,-0.620613664377433,-2.63136871813726,-0.0349243361011779,371.612745098038,6.87702121882353,6.79050844970588,6.70399568058823,98.5852941176472,2.00294117647059,-352.923529411764,0.34097121016021,0.737117231284295,0.00901466477312995,0.866407956544767,0.63190403818194,-0.0291312016331295,-3.02941176470588,-0.0582637869453011,0.118012961952568,-0.0037425740107026,-3.9297801746659,-568.80669862157,2.79507424863185,0.708495653390614,1.45286764720588,270.816841771471,,0.0740721298011741,0.00569674655678798
Peru,Peru_2018,3125,c,WAY,PE_WAY_C_5,-1.714829817,3.634709916,29.8502963,29.85353846,373.3333333,5.35,Central Andes,0.0499214133601658,37.7009766666667,0.452585342874595,4.02203014182915,85.2546230010787,0.115602816734795,1.23783491404862,42.7559624890891,1630.30598465971,22.7650057372689,0.0543744608867874,46.1411419136086,224.466666666667,10.29,1432.17877285666,,3.21238652655735,2.6554914399851,2.37062032283844,0.142342234647256,0.87369985141159,502,26.7,18690,0.000429629537706051,0.00629895561890875,0.0434716854548085,-0.0096027089777671,0.0632726914449364,Peru,10.7610018726592,92.4607209737828,0.406769662921348,0.0977435974666897,0.623707633362806,0.178773594816563,13,1.44,-71.589928,-13.18058,10,5.349539733,1.47179275833026,29.85191738,flux46,13.18058,0.67944348437649,2693.6,Central Andes,-1.86699762699311,-0.0771632159172513,-3.17940041346037,-0.0294617878122756,-2.82618024966541,-0.140825310528626,6.94303319858824,3.63719318785294,-3.30584001073529,216.267892156863,2595.21470588235,8.29705882352941,9.14225187265918,0.0472237193262305,68.0133251854782,4.15215575182657,35.0716970514706,0.442032087494306,14011.887254902,23.2269933811765,23.3285599202941,23.4301264594118,3476.22352941176,-3.09983156955176,-0.262175959863939,-2.65034071962011,-0.336275553876657,-1.91052598628298,-0.128834239009661,1.19066645333465,0.0606798195292583,44.4511985838703,1681.74659157688,20.1895187601873,46.1900481738571,5.94713235279412,533.849824928529,,0.0976847043354837,0.682739653644318,16.0294117647059,2.24938512983247,-1.59349346558824,-0.00248327185294128,1.59101019373529,1.61875,0.0505198781404593,17.2412978156005,-0.130125609997416,2.62927961519608,0.0105532553802888,4678.11274509804,6.62330291882353,6.52335745970588,6.42341200058823,98.3852941176469,1.99294117647059,-351.223529411765,-0.0795688439086058,0.232714172051663,-0.175839530045296,0.195450243348031,0.0435283592898732,0.0516710230924092,-3.02941176470588,0.406106310152629,0.047168460713968,-0.00630535864247089,-1.69523609478123,-51.4406069171732,2.57548697708153,-0.0489062602484864,-0.597132352794118,-160.516491628529,,0.0810888904810794,-0.0590320202815123
Peru,Peru_2018,3444.1,b,ACJ,PE_ACJ_B_1,-4.383607289,3.733871511,21.24913386,21.85495146,756,4.7,Central Andes,0.0547788636060346,36.7372875,0.456950620601196,3.16210540173668,60.6273112777257,0.11931907357572,1.14551319043671,47.9923305264368,2410.06494567326,19.6882084353056,0.0581827033272635,46.5859575770961,209.108333333333,8.53,1276.72378607797,,3.30834769336358,2.16285391949239,1.85600607871876,0.128998081176937,0.814363712725746,437.166666666667,28.3333333333333,11771,-0.0685682801862702,-0.47711878367692,-0.0735846496053704,-0.00960281127203739,-0.0191285896601625,Peru,9.31301498127341,96.5776685393259,0.456441947565543,0.0402787389983744,0.689627761054819,0.0793032458483082,20,1.44,-71.634001,-13.169344,1,8.1174788,2.17401128455703,21.55204266,flux47,13.169344,0.45997921312711,2509.3,Central Andes,-2.1504807487037,-0.255380467100228,-3.63424286931266,-0.408674081385546,-3.16622531040378,-0.443856472257742,6.94303319858824,3.63719318785294,-3.30584001073529,216.267892156863,2595.21470588235,8.29705882352941,9.14225187265918,0.0472237193262305,68.0133251854782,4.15215575182657,35.0716970514706,0.442032087494306,14011.887254902,23.2269933811765,23.3285599202941,23.4301264594118,3476.22352941176,-3.09983156955176,-0.262175959863939,-2.65034071962011,-0.336275553876657,-1.91052598628298,-0.128834239009661,1.19066645333465,0.0606798195292583,44.4511985838703,1681.74659157688,20.1895187601873,46.1900481738571,5.94713235279412,533.849824928529,,0.0976847043354837,0.682739653644318,16.0294117647059,2.24938512983247,1.17444560141177,0.0966783231470587,-1.07776727826471,0.170763108614233,-0.00694498032785604,-7.38601390775258,-0.990050350089886,1.66559044852941,0.0149185331068893,-2240.88725490196,-1.97785952117647,-1.77651726029412,-1.57517499941177,-85.9147058823528,0.232941176470588,-32.1235294117646,-0.534411299760894,-0.146498121521607,-0.515884590783664,-0.107580918381085,-0.239954762420721,-0.126546228090568,3.97058823529412,-0.0865312103400813,-0.0451532628979388,-0.00249711620199488,3.54113194256647,728.318354096377,-0.501310324881747,0.39590940323901,-1.24713235279412,222.150175071471,,-0.0183814584871755,0.0068881074105005
Peru,Peru_2018,3444.2,b,ACJ,PE_ACJ_B_2,-4.138674136,3.648467331,19.56301205,20.05655172,732.7333333,5.575,Central Andes,0.055039154410595,42.04245,0.433703290438208,3.14890999228724,48.3951054241798,0.133940915033709,1.00123649991757,52.3442294212813,1088.94852880567,18.6697237762569,0.0536288866357459,46.5961859368576,209.1,8.53,1276.72378607797,,3.57396013132416,2.32436610412274,1.98252138228623,0.13485619296769,0.994900849858357,455.333333333333,25.0666666666667,11174.1333333333,-0.0687739894744358,-0.47859887837172,-0.0737814474474685,-0.00960281129253513,-0.0192182919985265,Peru,9.31301498127341,96.5776685393259,0.456441947565543,0.0402787389983744,0.883568685426863,0.0769005951218839,18,1.44,-71.634004,-13.169347,1,7.787141467,2.13435965311649,19.809781885,flux48,13.169347,0.468524598719737,2509.2,Central Andes,-2.35254972423165,-0.0774464030910973,-3.38702224917062,-0.684564355848745,-2.74884012180491,-0.301625285363735,6.94303319858824,3.63719318785294,-3.30584001073529,216.267892156863,2595.21470588235,8.29705882352941,9.14225187265918,0.0472237193262305,68.0133251854782,4.15215575182657,35.0716970514706,0.442032087494306,14011.887254902,23.2269933811765,23.3285599202941,23.4301264594118,3476.22352941176,-3.09983156955176,-0.262175959863939,-2.65034071962011,-0.336275553876657,-1.91052598628298,-0.128834239009661,1.19066645333465,0.0606798195292583,44.4511985838703,1681.74659157688,20.1895187601873,46.1900481738571,5.94713235279412,533.849824928529,,0.0976847043354837,0.682739653644318,16.0294117647059,2.24938512983247,0.844108268411764,0.0112741431470589,-0.832834125264706,0.170763108614233,-0.00694498032785604,-19.6182197612985,-1.00324575953933,6.97075294852941,-0.00832879705609824,-2837.75392156863,-3.66398133117647,-3.51877803529412,-3.37357473941177,-86.0147058823532,0.232941176470588,-32.0235294117647,-0.287190679618859,-0.422388395984806,-0.0984994021847991,0.0346502685129225,-0.442023737948666,0.0513878359185632,1.97058823529412,0.074980974290269,-0.18942995341708,-0.00705093289351243,7.89303083741093,-592.798062771208,-1.51979498393047,0.406137763000466,-0.372132352794117,198.883508371471,,-0.0207841092135999,0.200829031782544
Peru,Peru_2018,3446.3,b,ACJ,PE_ACJ_B_3,-10.43522596,3.129830045,17.78672414,18.14638655,773.5,13.4,Central Andes,0.0990230501092882,43.53649,0.469902936346988,6.60741270294075,54.6294357765552,0.207337649357756,1.18386174402692,44.998175214676,1312.07151128592,21.10723641235,0.0560879558507355,46.3788392597985,209.041666666667,8.53,1276.72378607797,,3.0409772511386,2.51910751479635,2.26250227829613,0.143229341403106,0.977574750830565,483.5,31.1333333333333,15747.2666666667,-0.0491874447786104,-0.343066079329894,-0.0563697995937492,-0.00960281171319162,-0.00195882415727858,Peru,9.31301498127341,96.5776685393259,0.456441947565543,0.0402787389983744,0.89611780455154,0.0605970811941926,17,1.44,-71.634022,-13.169447,1,13.565056005,4.33411904479305,17.966555345,flux49,13.169447,0.230727395732562,2508.5,Central Andes,-2.448392139077,0.394356241279104,-3.33905388290483,-0.312326249394638,-2.66884283148293,-0.090700817725038,6.94303319858824,3.63719318785294,-3.30584001073529,216.267892156863,2595.21470588235,8.29705882352941,9.14225187265918,0.0472237193262305,68.0133251854782,4.15215575182657,35.0716970514706,0.442032087494306,14011.887254902,23.2269933811765,23.3285599202941,23.4301264594118,3476.22352941176,-3.09983156955176,-0.262175959863939,-2.65034071962011,-0.336275553876657,-1.91052598628298,-0.128834239009661,1.19066645333465,0.0606798195292583,44.4511985838703,1681.74659157688,20.1895187601873,46.1900481738571,5.94713235279412,533.849824928529,,0.0976847043354837,0.682739653644318,16.0294117647059,2.24938512983247,6.62202280641177,-0.507363142852941,-7.12938594926471,0.170763108614233,-0.00694498032785604,-13.383889408923,2.45525695111418,8.46479294852941,0.0278708488526818,1735.3794117647,-5.44026924117647,-5.36200457529412,-5.28373990941177,-86.714705882353,0.232941176470588,-29.9235294117643,-0.239222313353062,-0.0501502895306992,-0.0185021118628197,0.245574736151619,-0.537866152794017,0.523190480288765,0.970588235294116,0.269722384963879,-0.00680470930772881,-0.00459186367852288,0.546976630805666,-369.675080290963,0.917717652162633,0.188791085941368,7.45286764720588,239.650175071471,,-0.0370876231412912,0.213378150907221
Peru,Peru_2018,3447.3,b,ACJ,PE_ACJ_B_4,-1.141069087,1.412718504,16.64042735,17.01316901,523.9,8.333333333,Central Andes,0.0619683480611368,50.119615,0.448115220097505,3.30685540402274,42.870819581445,0.145320865036524,1.00165706921397,51.5609020615936,1043.55432621473,18.6846446988433,0.0536085692480938,46.2612634462264,209.008333333333,8.54,1277.59658854294,,2.02712103884389,1.47518459889973,1.33556304500326,0.0627771596496092,0.996245306633292,377.666666666667,27.7333333333333,9763.06666666667,-0.0491131246576756,-0.343739062813351,-0.0560699235123622,-0.0096028118759871,-0.00172633016470131,Peru,9.31301498127341,96.5776685393259,0.456441947565543,0.0402787389983744,0.934596438044714,0.048835710126711,11,1.44,-71.634032,-13.169483,1,2.553787591,1.80771157436471,16.82679818,flux50,13.169483,0.553185593421579,2508.1,Central Andes,-2.76670936611393,0.133428905120949,-3.44633032719136,-1.00203006038038,-2.63501416228098,-0.459578883367407,6.94303319858824,3.63719318785294,-3.30584001073529,216.267892156863,2595.21470588235,8.29705882352941,9.14225187265918,0.0472237193262305,68.0133251854782,4.15215575182657,35.0716970514706,0.442032087494306,14011.887254902,23.2269933811765,23.3285599202941,23.4301264594118,3476.22352941176,-3.09983156955176,-0.262175959863939,-2.65034071962011,-0.336275553876657,-1.91052598628298,-0.128834239009661,1.19066645333465,0.0606798195292583,44.4511985838703,1681.74659157688,20.1895187601873,46.1900481738571,5.94713235279412,533.849824928529,,0.0976847043354837,0.682739653644318,16.0294117647059,2.24938512983247,-4.38924560758824,-2.22447468385294,2.16477092373529,0.170763108614233,-0.00694498032785604,-25.1425056040332,-0.845300347803831,15.0479179485294,0.00608313260319876,-4248.8205882353,-6.58656603117647,-6.50176174029412,-6.41695744941177,-87.1147058823531,0.242941176470588,-28.9235294117643,-0.346498757639592,-0.739854100516439,0.0153265573391366,-0.12330332949075,-0.856183379830943,0.26226314413061,-5.02941176470588,-0.774200530932741,-0.18900938412068,-0.00707125028116452,7.10970347772327,-638.192265362158,-1.50487406134405,0.0712152723692654,2.38620098020588,-9.94982492852944,,-0.0488489942087728,0.251856784400396
Peru,Peru_2018,3447.7,b,ACJ,PE_ACJ_B_5,-4.447599974,2.764539874,15.0288785,15.57323077,461.775,3.266666667,Central Andes,0.0512546855670524,28.04814,0.471710625148177,3.09648893536724,51.75332210374,0.121249673154871,1.01132427629501,52.4995803042956,1851.05188454968,18.3380124853665,0.0551490668414601,47.3847783426759,208.983333333333,8.54,1277.59658854294,,2.73393807976051,2.21830640121733,2.0283895746782,0.127405456006811,0.907014681892333,474.5,20.8,10166.4,-0.0445919466687386,-0.308586210029618,-0.0530009728315117,-0.0096028121056698,0.00235710053780012,Peru,9.31301498127341,96.5776685393259,0.456441947565543,0.0402787389983744,0.622023072931221,0.196796795406935,15,1.44,-71.63403,-13.169548,1,7.212139848,2.60880297507331,15.301054635,flux51,13.169548,0.383317563478284,2507.8,Central Andes,-2.0135026101287,-0.587597360571558,-3.65194195637081,-0.262789768159801,-3.20463300688522,-0.0757162481088925,6.94303319858824,3.63719318785294,-3.30584001073529,216.267892156863,2595.21470588235,8.29705882352941,9.14225187265918,0.0472237193262305,68.0133251854782,4.15215575182657,35.0716970514706,0.442032087494306,14011.887254902,23.2269933811765,23.3285599202941,23.4301264594118,3476.22352941176,-3.09983156955176,-0.262175959863939,-2.65034071962011,-0.336275553876657,-1.91052598628298,-0.128834239009661,1.19066645333465,0.0606798195292583,44.4511985838703,1681.74659157688,20.1895187601873,46.1900481738571,5.94713235279412,533.849824928529,,0.0976847043354837,0.682739653644318,16.0294117647059,2.24938512983247,0.269106649411764,-0.872653313852941,-1.14175996326471,0.170763108614233,-0.00694498032785604,-16.2600030817382,-1.05566681645933,-7.02355705147059,0.0296785376538707,-3845.48725490196,-8.19811488117647,-8.02750528529412,-7.85689568941177,-87.4147058823528,0.242941176470588,-28.5235294117647,-0.552110386819042,-0.000613808295861829,-0.554292287265105,0.260559305767765,-0.102976623845716,-0.458763121561897,-1.02941176470588,-0.0310787286151411,-0.17934217703964,-0.00553075268779818,8.04838172042522,169.305292972797,-1.85150627482081,1.19473016881886,-2.68046568579412,-72.0748249285294,,0.0991120910714512,-0.0607165807130975
Peru,Peru_2018,3487.4,c,ACJ,PE_ACJ_C_1,-3.306576643,3.936852309,22.76305344,23.11852113,600.0666667,5.583333333,Central Andes,0.0751626153611542,34.8864566666667,0.419689937702637,5.11448025949411,68.7230980671879,0.228235264480009,1.13099326533146,47.7622809787315,1751.91905582435,18.5088021634155,0.0611056974592866,47.0734327238332,212.775,8.08,1237.61635588748,,4.04870743723863,2.76219756203263,2.27914574798924,0.15452901598384,0.915431875677629,528.166666666667,34.8,25960.8,0.000491559691540266,-0.0403883849176691,0.0122596931045529,-0.0096028189664064,0.021075115182258,Peru,9.12659176029962,96.9377808988764,0.556053370786517,0.0355848045804977,0.485967863848048,0.239023500092126,19,1.44,-71.628828,-13.176034,12,7.243428952,1.83990365486683,22.940787285,flux52,13.176034,0.543506719688744,2553.3,Central Andes,-1.77205795062745,0.0972476037613177,-3.22792522968157,-0.0981548740910396,-2.84316459616213,-0.0520005767875952,6.94303319858824,3.63719318785294,-3.30584001073529,216.267892156863,2595.21470588235,8.29705882352941,9.14225187265918,0.0472237193262305,68.0133251854782,4.15215575182657,35.0716970514706,0.442032087494306,14011.887254902,23.2269933811765,23.3285599202941,23.4301264594118,3476.22352941176,-3.09983156955176,-0.262175959863939,-2.65034071962011,-0.336275553876657,-1.91052598628298,-0.128834239009661,1.19066645333465,0.0606798195292583,44.4511985838703,1681.74659157688,20.1895187601873,46.1900481738571,5.94713235279412,533.849824928529,,0.0976847043354837,0.682739653644318,16.0294117647059,2.24938512983247,0.300395753411765,0.299659121147059,-0.000736632264706216,-0.0156601123595514,-0.0116389147457328,0.709772881709668,0.962324507667548,-0.185240384803926,-0.0223421497916689,11948.912745098,-0.46393994117647,-0.38777263529412,-0.311605329411766,-41.9147058823528,-0.217058823529412,11.1764705882356,-0.128093660129808,0.164021085772899,-0.19282387654202,0.284274977089062,0.138468035655535,0.226081842770978,2.97058823529412,0.512812432200159,-0.059673188003192,0.000425877930028268,3.3110823948612,70.1724642474701,-1.68071659677182,0.883384549976078,-0.363799019794118,66.2168417714706,,0.141338795756642,-0.19677178979627
Peru,Peru_2018,3487.7,c,ACJ,PE_ACJ_C_2,-10.14167167,5.868327876,22.70477064,22.75654867,808.16,4.275,Central Andes,0.0778143941146811,29.8423666666667,0.369163662220817,6.53115993872653,101.091546752172,0.239244421883454,1.27015919058571,41.3913136488261,951.852038108419,16.5073052454387,0.0769452779663526,46.431088429604,212.791666666667,8.07,1236.75125461507,,4.12268018188834,2.14490441673246,1.7611264531664,0.121952617976947,1,489.166666666667,38.6666666666667,18665.3333333333,0.00204830316033666,-0.0569237790547163,0.024345296180944,-0.00960281922563004,0.0235753956499057,Peru,9.12659176029962,96.9377808988764,0.556053370786517,0.0355848045804977,0.362685560053981,0.172390007818439,14,1.44,-71.628834,-13.1761,12,16.009999546,2.72820467504498,22.730659655,flux53,13.1761,0.366541414266696,2553.5,Central Andes,-0.956975508709913,0.348068564077361,-1.97287497114665,0.0885709442216186,-1.75962414053405,-0.104511788419136,6.94303319858824,3.63719318785294,-3.30584001073529,216.267892156863,2595.21470588235,8.29705882352941,9.14225187265918,0.0472237193262305,68.0133251854782,4.15215575182657,35.0716970514706,0.442032087494306,14011.887254902,23.2269933811765,23.3285599202941,23.4301264594118,3476.22352941176,-3.09983156955176,-0.262175959863939,-2.65034071962011,-0.336275553876657,-1.91052598628298,-0.128834239009661,1.19066645333465,0.0606798195292583,44.4511985838703,1681.74659157688,20.1895187601873,46.1900481738571,5.94713235279412,533.849824928529,,0.0976847043354837,0.682739653644318,16.0294117647059,2.24938512983247,9.06696634741176,2.23113468814706,-6.83583165926471,-0.0156601123595514,-0.0116389147457328,33.0782215666939,2.37900418689996,-5.22933038480393,-0.0728684252734889,4653.44607843137,-0.522222741176471,-0.597900265294118,-0.673577789411766,-41.714705882353,-0.227058823529411,11.4764705882353,1.12695659840511,0.350746904085558,0.89071657908606,0.231763765457521,0.953550477573071,0.476902803087021,-2.02941176470588,-0.104480713100011,0.0794927372510612,0.0162654584370942,-3.05988493504423,-729.894553468465,-3.68221351474863,0.24104025574686,-1.67213235279412,274.310175071471,,0.0747053034829556,-0.320054093590337
Peru,Peru_2018,3489,c,ACJ,PE_ACJ_C_3,-8.281456415,5.672621714,22.595,22.69358333,762.3,8.3425,Central Andes,0.10250257363858,34.792705,0.420840435773117,7.2733136657355,65.070523601218,0.275229979941701,1.19580122723765,44.0267904976477,1690.31204329559,15.3575175270282,0.0778642267627647,46.6987425347886,212.791666666667,8.07,1236.75125461507,,3.16312586279594,2.12191589055995,1.81495625418947,0.111636258446633,0.881707317073171,416,31.6666666666667,11769.1333333333,0.00222264099622634,-0.0599697509526235,0.0260728781312371,-0.00960281934928672,0.0248982742812241,Peru,9.12659176029962,96.9377808988764,0.556053370786517,0.0355848045804977,0.55904856352927,0.102084024145017,16,1.44,-71.628834,-13.176134,12,13.954078129,2.45989929040419,22.644291665,flux54,13.176134,0.406520707535018,2553.5,Central Andes,-1.77064278076581,0.401543192222247,-2.68552831314382,-0.334477599191362,-2.15528135845725,-0.313084245150333,6.94303319858824,3.63719318785294,-3.30584001073529,216.267892156863,2595.21470588235,8.29705882352941,9.14225187265918,0.0472237193262305,68.0133251854782,4.15215575182657,35.0716970514706,0.442032087494306,14011.887254902,23.2269933811765,23.3285599202941,23.4301264594118,3476.22352941176,-3.09983156955176,-0.262175959863939,-2.65034071962011,-0.336275553876657,-1.91052598628298,-0.128834239009661,1.19066645333465,0.0606798195292583,44.4511985838703,1681.74659157688,20.1895187601873,46.1900481738571,5.94713235279412,533.849824928529,,0.0976847043354837,0.682739653644318,16.0294117647059,2.24938512983247,7.01104493041176,2.03542852614706,-4.97561640426471,-0.0156601123595514,-0.0116389147457328,-2.94280158426021,3.12115791390893,-0.278992051470595,-0.0211916517211895,-2242.75392156863,-0.631993381176471,-0.684268255294121,-0.736543129411768,-41.714705882353,-0.227058823529411,12.7764705882355,0.414303256407941,-0.0723016393274226,0.495059361162863,0.0231913087263246,0.139883205517172,0.530377431231907,-0.029411764705884,-0.127469239272521,0.00513477390300454,0.0171844072335064,-0.424408086222662,8.56545171871017,-4.83200123315917,0.508694360931479,2.39536764720588,228.450175071471,,0.00439931980953291,-0.123691090115048
Peru,Peru_2018,3490,c,ACJ,PE_ACJ_C_4,0.291094155,5.156272027,22.80139535,22.82161616,173.5,3,Central Andes,0.0376621931761211,24.0057466666667,0.368105347458316,3.88056605185201,135.537310047232,0.111490996111178,1.20481635398031,44.7531879031777,944.105655502469,18.2592920102016,0.0659837387620052,47.1966694356253,212.808333333333,8.06,1235.88633399499,,2.77184733670477,2.0959464835783,1.83605376485111,0.117569291516998,0.986013986013986,315.666666666667,30.6,9918.06666666667,0.00161613759766361,-0.0567551556031754,0.0223075936768589,-0.00960281960340653,0.0269377101068995,Peru,9.12659176029962,96.9377808988764,0.556053370786517,0.0355848045804977,0.300847457627119,0.207154634321549,14,1.44,-71.628844,-13.176195,12,4.865177872,0.943545617167649,22.811505755,flux55,13.176195,1.05983217112684,2553.7,Central Andes,-0.425580947608579,-0.129242062703957,-2.15174974573868,0.539880248325448,-2.31025343746558,0.327995116243723,6.94303319858824,3.63719318785294,-3.30584001073529,216.267892156863,2595.21470588235,8.29705882352941,9.14225187265918,0.0472237193262305,68.0133251854782,4.15215575182657,35.0716970514706,0.442032087494306,14011.887254902,23.2269933811765,23.3285599202941,23.4301264594118,3476.22352941176,-3.09983156955176,-0.262175959863939,-2.65034071962011,-0.336275553876657,-1.91052598628298,-0.128834239009661,1.19066645333465,0.0606798195292583,44.4511985838703,1681.74659157688,20.1895187601873,46.1900481738571,5.94713235279412,533.849824928529,,0.0976847043354837,0.682739653644318,16.0294117647059,2.24938512983247,-2.07785532658824,1.51907883914706,3.59693416573529,-0.0156601123595514,-0.0116389147457328,67.5239848617539,-0.271589699974556,-11.0659503848039,-0.0739267400359902,-4093.82058823529,-0.42559803117647,-0.51705416529412,-0.608510299411766,-41.5147058823532,-0.237058823529411,13.7764705882355,0.948081823813087,0.802056208189386,0.340087282154535,0.664270670120381,1.4849450386744,-0.000407823694296927,-2.02941176470588,-0.153438646254171,0.0141499006456614,0.00530391923274683,0.301989319307417,-737.640936074414,-1.93022674998573,1.00662126176817,-2.94713235279412,-360.349824928529,,0.109469929986065,-0.381892196017199
Peru,Peru_2018,3492.4,c,ACJ,PE_ACJ_C_5,0.116770251,4.289072847,22.77634146,22.90822581,250.475,2.559333333,Central Andes,0.0614210194096279,35.640066,0.405508302034092,4.48638233331687,64.6133492360184,0.166541985525301,1.21848012397042,44.3629860708664,1065.72764422921,18.1594541931149,0.0670989398146341,46.6963430314388,212.825,8.06,1235.88633399499,,2.67949456746875,2.26990444035686,2.04744594579536,0.12769170839276,0.988053758088601,339.5,30.8,10097.5,0.00095081209888354,-0.0519517715836175,0.0178727402554322,-0.00960281973039942,0.0277297782416802,Peru,9.12659176029962,96.9377808988764,0.556053370786517,0.0355848045804977,0.556465363214049,0.226817954338423,14,1.44,-71.628819,-13.176252,12,4.172302596,0.972774943404919,22.842283635,flux56,13.176252,1.02798700437306,2553.9,Central Andes,-1.77928162307247,0.0300483189790279,-2.69873451907448,-0.251697588888617,-2.2219620605346,0.0169280503413128,6.94303319858824,3.63719318785294,-3.30584001073529,216.267892156863,2595.21470588235,8.29705882352941,9.14225187265918,0.0472237193262305,68.0133251854782,4.15215575182657,35.0716970514706,0.442032087494306,14011.887254902,23.2269933811765,23.3285599202941,23.4301264594118,3476.22352941176,-3.09983156955176,-0.262175959863939,-2.65034071962011,-0.336275553876657,-1.91052598628298,-0.128834239009661,1.19066645333465,0.0606798195292583,44.4511985838703,1681.74659157688,20.1895187601873,46.1900481738571,5.94713235279412,533.849824928529,,0.0976847043354837,0.682739653644318,16.0294117647059,2.24938512983247,-2.77073060258824,0.651879659147059,3.42261026173529,-0.0156601123595514,-0.0116389147457328,-3.39997594945984,0.334226581490304,0.568368948529411,-0.0365237854602142,-3914.38725490196,-0.450651921176469,-0.486276285294117,-0.521900649411766,-41.3147058823529,-0.237058823529411,16.1764705882356,0.401097050477279,0.0104783709753219,0.428378659085515,0.35320360421797,0.131244363210515,0.158882557988688,-2.02941176470588,0.0205193105243886,0.0278136706357748,0.00641912028537574,-0.0882125130039313,-616.018947347673,-2.03006456707238,0.50629485758175,-3.38779901979412,-283.374824928529,,0.129133250002939,-0.12627429043027
Peru,Peru_2018,3626.7,b,PIL,PE_PIL_B_5,-1.532860016,4.073511803,23.72757576,23.98984615,318,4.433333333,Central Andes,0.0723010224574792,40.6508525,0.485871464424732,4.39690835733836,49.6191151899598,0.154226653941399,1.06703472691263,48.1399067514031,1870.66035233476,17.6750169834823,0.0603696578006004,45.9190878497261,217.65,7.12,1155.46809240556,,2.76348104250604,2.04864047437387,1.8338654389231,0.10932236365225,0.891061452513967,466.833333333333,24.2666666666667,12286.9333333333,0.208785787724694,-0.00189342649648513,-0.0966064593581277,-0.00960276816964727,0.0120855109122127,Peru,8.06067415730337,99.0283707865169,0.36809925093633,0.0104983683439026,0.841468123519406,0.0252992359732615,10,1.44,-71.64071,-13.151583,2,5.606371819,1.37629939230104,23.858710955,flux57,13.151583,0.726586094271319,2611.8,Central Andes,-2.52524859517537,-0.070874125343929,-3.36871878101856,-0.900396758831363,-2.63225086332003,-0.82574287057143,6.94303319858824,3.63719318785294,-3.30584001073529,216.267892156863,2595.21470588235,8.29705882352941,9.14225187265918,0.0472237193262305,68.0133251854782,4.15215575182657,35.0716970514706,0.442032087494306,14011.887254902,23.2269933811765,23.3285599202941,23.4301264594118,3476.22352941176,-3.09983156955176,-0.262175959863939,-2.65034071962011,-0.336275553876657,-1.91052598628298,-0.128834239009661,1.19066645333465,0.0606798195292583,44.4511985838703,1681.74659157688,20.1895187601873,46.1900481738571,5.94713235279412,533.849824928529,,0.0976847043354837,0.682739653644318,16.0294117647059,2.24938512983247,-1.33666137958824,0.436318615147059,1.77297999473529,-1.0815777153558,-0.0367253509823279,-18.3942099955185,0.244752605511789,5.57915544852941,0.0438393769304258,-1724.95392156863,0.50058237882353,0.530151034705881,0.559719690588235,16.5852941176472,-1.17705882352941,150.476470588235,-0.268887211466792,-0.638220798967424,0.0180898563000884,-0.489467316694773,-0.614722608892385,0.0579601136657315,-6.02941176470588,-0.200744655458601,-0.123631726422024,-0.000310161728657929,3.68870816753272,188.913760757877,-2.51450177670505,-0.270960324131039,-1.51379901979412,-215.849824928529,,-0.0723854683622222,0.158728469875088
Peru,Peru_2018,3671.2,c,PIL,PE_PIL_C_2,-0.616711292,2.880972423,18.581,18.38622449,161.675,0.72,Central Andes,0.0719027552990371,61.9610375,0.500563032887557,3.13301374975481,34.2943590023291,0.147509509799209,0.99777122096384,50.3015769759432,1039.58575804139,19.4121266313734,0.0513993773021894,45.4269108642933,217.783333333333,7.17,1159.69804424375,,2.14921948245572,1.41109108463546,1.26933570130934,0.0532187650760696,0.996341463414634,459.333333333333,35.5666666666667,14948.3333333333,0.137436259083348,-0.00284137298254606,-0.0569589843495582,-0.00960276645068517,0.0116749728548451,Peru,8.19536516853933,98.9341760299626,0.311685393258427,0.0116257944881908,0.947494288977727,0.0195833180114632,14,1.44,-71.639945,-13.151791,2,3.497683715,1.21406358737645,18.483612245,flux58,13.151791,0.823680085950825,2613.4,Central Andes,-3.54651335216066,0.310600445701485,-3.62216313930873,-1.60189570042222,-2.50734848026023,-0.863233307902927,6.94303319858824,3.63719318785294,-3.30584001073529,216.267892156863,2595.21470588235,8.29705882352941,9.14225187265918,0.0472237193262305,68.0133251854782,4.15215575182657,35.0716970514706,0.442032087494306,14011.887254902,23.2269933811765,23.3285599202941,23.4301264594118,3476.22352941176,-3.09983156955176,-0.262175959863939,-2.65034071962011,-0.336275553876657,-1.91052598628298,-0.128834239009661,1.19066645333465,0.0606798195292583,44.4511985838703,1681.74659157688,20.1895187601873,46.1900481738571,5.94713235279412,533.849824928529,,0.0976847043354837,0.682739653644318,16.0294117647059,2.24938512983247,-3.44534948358824,-0.756220764852941,2.68912871873529,-0.94688670411985,-0.0355979248380397,-33.7189661831491,-1.01914200207176,26.8893404485294,0.0585309453932508,936.446078431372,-4.64599338117647,-4.84494767529412,-5.04390196941177,18.1852941176471,-1.12705882352941,194.976470588235,-0.522331569756969,-1.33971974055828,0.14299223935988,-0.52695775402627,-1.63598736587768,0.439434684711145,-2.02941176470588,-0.838294045197011,-0.192895232370808,-0.00928044222706893,5.85037839207287,-642.160833535493,-0.777392128813919,-0.763137309563788,-5.22713235279412,-372.174824928529,,-0.0781013863240205,0.264754635333409
Peru,Peru_2018,3673.3,c,PIL,PE_PIL_C_3,1.935217642,3.276654521,19.09920792,19.33573529,101.1,1.4,Central Andes,0.0536755284315198,41.96031,0.463426765668786,3.44999908304218,59.9869066466571,0.121695829762533,1.04884390783099,54.4589672006438,1058.58347846222,18.8107100956596,0.0557578051278887,45.4861945348277,217.766666666667,7.16,1158.85159475321,,2.68005446350874,2.34488040137025,2.12851260745799,0.137485514166939,0.959016393442623,437.166666666667,27.0666666666667,12435.2666666667,0.13863805925796,-0.00156244527733675,-0.0600887643916834,-0.00960276667652316,0.0129430833984112,Peru,8.19536516853933,98.9341760299626,0.311685393258427,0.0116257944881908,0.820763459181538,0.0934154022368974,15,1.44,-71.640027,-13.15178,2,1.341436879,0.409392223196789,19.217471605,flux59,13.15178,2.44264532479728,2613.2,Central Andes,-2.36164886976914,-0.106207494144451,-3.22024412668483,-0.961818638410421,-2.54595046866852,-0.96346965794466,6.94303319858824,3.63719318785294,-3.30584001073529,216.267892156863,2595.21470588235,8.29705882352941,9.14225187265918,0.0472237193262305,68.0133251854782,4.15215575182657,35.0716970514706,0.442032087494306,14011.887254902,23.2269933811765,23.3285599202941,23.4301264594118,3476.22352941176,-3.09983156955176,-0.262175959863939,-2.65034071962011,-0.336275553876657,-1.91052598628298,-0.128834239009661,1.19066645333465,0.0606798195292583,44.4511985838703,1681.74659157688,20.1895187601873,46.1900481738571,5.94713235279412,533.849824928529,,0.0976847043354837,0.682739653644318,16.0294117647059,2.24938512983247,-5.60159631958824,-0.360538666852941,5.24105765273529,-0.94688670411985,-0.0355979248380397,-8.02641853882119,-0.702156668784381,6.88861294852941,0.0213946781744793,-1576.6205882353,-4.12778546117647,-4.11108831529412,-4.09439116941177,17.9852941176468,-1.13705882352941,197.076470588236,-0.120412557133063,-0.699642678546482,0.104390250951595,-0.627194104068003,-0.451122883486158,0.0226267448652092,-1.02941176470588,0.0954952715377786,-0.141822545503654,-0.00492201440136963,10.0077686167735,-623.163113114663,-1.37880866452776,-0.703853639029383,-4.54713235279412,-432.749824928529,,-0.00426930209858638,0.13802380553722
Peru,Peru_2018,3683.5,c,PIL,PE_PIL_C_4,-1.097282517,3.12581727,20.14329949,19.93033058,225.5333333,2.825,Central Andes,0.0939232462961423,39.363055,0.435568917215521,7.25619610362809,62.9287247158364,0.224171097406179,1.26470517597327,40.7726362204326,1210.21236880586,21.8515944746461,0.0578770202531752,45.8098887822539,217.716666666667,7.14,1157.15938344546,,2.57115886658121,2.14920934714735,1.92113845247254,0.120751857450538,1,468.333333333333,30.4666666666667,14164.2,0.210615435483699,-0.00260052186856584,-0.0949692540699536,-0.00960276733324921,0.00957966047030859,Peru,8.13239700374532,98.9779026217228,0.337532771535581,0.0110990684087476,0.82712215320911,0.0448876298425398,17,1.44,-71.640395,-13.151633,2,4.223099787,1.35103859957879,20.036815035,flux60,13.151633,0.740171302516277,2612.6,Central Andes,-2.01849949121092,0.444448745133668,-2.9277517405808,-0.0674482955490703,-2.37761689637795,-0.207199699313044,6.94303319858824,3.63719318785294,-3.30584001073529,216.267892156863,2595.21470588235,8.29705882352941,9.14225187265918,0.0472237193262305,68.0133251854782,4.15215575182657,35.0716970514706,0.442032087494306,14011.887254902,23.2269933811765,23.3285599202941,23.4301264594118,3476.22352941176,-3.09983156955176,-0.262175959863939,-2.65034071962011,-0.336275553876657,-1.91052598628298,-0.128834239009661,1.19066645333465,0.0606798195292583,44.4511985838703,1681.74659157688,20.1895187601873,46.1900481738571,5.94713235279412,533.849824928529,,0.0976847043354837,0.682739653644318,16.0294117647059,2.24938512983247,-2.71993341158824,-0.511375917852941,2.20855749373529,-1.00985486891386,-0.0361246509174829,-5.08460046964189,3.10404035180152,4.29135794852941,-0.00646317027878474,152.312745098039,-3.08369389117647,-3.29174488529412,-3.49979587941177,17.3852941176469,-1.15705882352941,207.276470588236,0.172079828970964,0.194727664314869,0.272723823242166,0.129075854563613,-0.10797350492794,0.573282984143329,0.970588235294116,-0.100175782685121,0.0740387226386163,-0.00280279927608318,-3.67856236343768,-471.534222771023,1.66207571445882,-0.380159391603186,-3.12213235279412,-308.316491628529,,-0.052797074492944,0.144382499564792
Peru,Peru_2018,3685.5,c,PIL,PE_PIL_C_5,-1.80631221,1.739428159,20.83684211,20.69850746,233.825,1.530666667,Central Andes,0.0707856421793669,44.959055,0.495034707385859,3.80267237800705,46.4351432623973,0.148659485796988,1.05078638592033,48.3765173025566,1861.35616673408,18.7054807411815,0.0561753210441124,45.5623470853214,217.708333333333,7.13,1156.31362263958,,2.20065846802593,1.6919832107486,1.5100941539362,0.0867911058189028,0.874088291746641,542.833333333333,32.4,16343.6666666667,0.254121725634843,-0.00535355351186975,-0.112834304596426,-0.00960276746668518,0.00648758019509384,Peru,8.13239700374532,98.9779026217228,0.337532771535581,0.0110990684087476,0.830281448306946,0.0174906039021216,17,1.44,-71.640462,-13.15161,2,3.545740369,2.03845174671569,20.767674785,flux61,13.15161,0.490568394180133,2612.5,Central Andes,-2.7726828088993,-0.0507467953908945,-3.50855696167695,-1.08020404621901,-2.70088500992234,-0.980182078544091,6.94303319858824,3.63719318785294,-3.30584001073529,216.267892156863,2595.21470588235,8.29705882352941,9.14225187265918,0.0472237193262305,68.0133251854782,4.15215575182657,35.0716970514706,0.442032087494306,14011.887254902,23.2269933811765,23.3285599202941,23.4301264594118,3476.22352941176,-3.09983156955176,-0.262175959863939,-2.65034071962011,-0.336275553876657,-1.91052598628298,-0.128834239009661,1.19066645333465,0.0606798195292583,44.4511985838703,1681.74659157688,20.1895187601873,46.1900481738571,5.94713235279412,533.849824928529,,0.0976847043354837,0.682739653644318,16.0294117647059,2.24938512983247,-3.39729282958824,-1.89776502885294,1.49952780073529,-1.00985486891386,-0.0361246509174829,-21.5781819230809,-0.349483373819521,9.88735794852941,0.0530026198915528,2331.7794117647,-2.39015127117647,-2.56088513529412,-2.73161899941177,17.285294117647,-1.16705882352941,209.276470588236,-0.408725392125187,-0.818028086355072,-0.0505442903022244,-0.643906524667434,-0.862156822616315,0.078087443618766,0.970588235294116,-0.557401919083871,-0.139880067414319,-0.00450449848514598,3.92531871868622,179.609575157197,-1.48403801900586,-0.627701088535687,-4.41646568579412,-300.024824928529,,-0.0801941004333621,0.147541794662628
Peru,Peru_2018,3686.8,b,PIL,PE_PIL_B_1,0.872672658,3.08235896,22.31925373,22.04869919,77.16666667,2.125,Central Andes,0.0448660873931491,16.88042,0.418919913113415,4.74537486294378,85.1008204680524,0.113280116059729,1.4856789318871,35.8499164161786,4614.64567364909,22.5600072654072,0.065854541375312,46.2297894359327,217.7,7.13,1156.31362263958,,2.55237400402017,2.3834310312944,2.27514646597022,0.12857156168783,0.683559950556243,380,26.7333333333333,10356,0.297932556659592,-0.00885978033289514,-0.129591734729064,-0.00960276757128664,0.00407427563025109,Peru,8.13239700374532,98.9779026217228,0.337532771535581,0.0110990684087476,0.494141954302382,0.0999218419921757,11,1.44,-71.640514,-13.151593,2,2.209686302,0.716881560738143,22.18397646,flux62,13.151593,1.39493056422088,2612.4,Central Andes,-0.946778213176435,-0.511795530895917,-3.60034249850329,0.737212421834872,-3.68423253727339,-0.644268681436523,6.94303319858824,3.63719318785294,-3.30584001073529,216.267892156863,2595.21470588235,8.29705882352941,9.14225187265918,0.0472237193262305,68.0133251854782,4.15215575182657,35.0716970514706,0.442032087494306,14011.887254902,23.2269933811765,23.3285599202941,23.4301264594118,3476.22352941176,-3.09983156955176,-0.262175959863939,-2.65034071962011,-0.336275553876657,-1.91052598628298,-0.128834239009661,1.19066645333465,0.0606798195292583,44.4511985838703,1681.74659157688,20.1895187601873,46.1900481738571,5.94713235279412,533.849824928529,,0.0976847043354837,0.682739653644318,16.0294117647059,2.24938512983247,-4.73334689658824,-0.554834227852941,4.17851266873529,-1.00985486891386,-0.0361246509174829,17.0874952825742,0.593219111117209,-18.1912770514706,-0.0231121743808912,-3655.88725490196,-0.90773965117647,-1.14458346029412,-1.38142726941177,17.1852941176471,-1.16705882352941,210.576470588236,-0.500510928951522,0.99938838169881,-1.03389181765328,-0.307993127559866,0.963747773106548,-0.382961291886256,-5.02941176470588,0.134045901461929,0.295012478552446,0.00517472184605366,-8.60128216769173,2932.89908207221,2.37048850521984,0.0397412620756157,-3.82213235279412,-456.683158258529,,0.00223713765669199,-0.188597699341936
Peru,Peru_2018,3686.9,b,PIL,PE_PIL_B_2,-2.45188486,4.235043197,22.92267717,23.07929688,405.6,3.733333333,Central Andes,0.0744044617357984,57.834495,0.467649183671597,3.88515060794012,40.6239154316557,0.173076431557045,0.989616255059658,51.9764805521058,995.46331629138,16.9776513623143,0.0582893495655315,45.8927547402331,217.7,7.13,1156.31362263958,,2.07821212466036,1.55498312775283,1.38712101287884,0.0742026189692194,1,332.833333333333,32.4,10706.9,0.457429502513023,-0.0206455608130356,-0.196206154163386,-0.00960276752873301,-0.00488052965021662,Peru,8.13239700374532,98.9779026217228,0.337532771535581,0.0110990684087476,0.980263157894737,0.0100114416475973,12,1.44,-71.640511,-13.151584,2,6.686928057,1.57895155868466,23.000987025,flux63,13.151584,0.633331652576504,2612.4,Central Andes,-3.15026826229783,0.392590889125156,-3.37149250021097,-1.45907686742113,-2.36073181804564,-0.771366153265177,6.94303319858824,3.63719318785294,-3.30584001073529,216.267892156863,2595.21470588235,8.29705882352941,9.14225187265918,0.0472237193262305,68.0133251854782,4.15215575182657,35.0716970514706,0.442032087494306,14011.887254902,23.2269933811765,23.3285599202941,23.4301264594118,3476.22352941176,-3.09983156955176,-0.262175959863939,-2.65034071962011,-0.336275553876657,-1.91052598628298,-0.128834239009661,1.19066645333465,0.0606798195292583,44.4511985838703,1681.74659157688,20.1895187601873,46.1900481738571,5.94713235279412,533.849824928529,,0.0976847043354837,0.682739653644318,16.0294117647059,2.24938512983247,-0.256105141588235,0.597850009147059,0.853955150735294,-1.00985486891386,-0.0361246509174829,-27.3894097538225,-0.267005143886446,22.7627979485294,0.0256170961772908,-3304.98725490196,-0.30431621117647,-0.327572895294118,-0.350829579411766,17.1852941176471,-1.16705882352941,210.676470588236,-0.271660930659209,-1.19690090755719,0.289608901574478,-0.43509059938852,-1.23974227601484,0.521425128134817,-4.02941176470588,-0.694402002079641,-0.201050198274991,-0.00239046996372683,7.52528196823542,-686.283275285503,-3.21186739787306,-0.297293433623985,-2.21379901979412,-128.249824928529,,-0.0876732626878865,0.297523504250419
Peru,Peru_2018,3687,b,PIL,PE_PIL_B_3,-3.80551894,3.647166189,22.95233083,23.00914063,316.3333333,8.7,Central Andes,0.0625130897051757,44.033365,0.470958221087795,3.90987147954839,54.9660556291698,0.136553972376993,1.05999907287199,51.6092690612969,1111.40728042833,18.7522961392687,0.0565263616252449,46.0056344977834,217.7,7.13,1156.31362263958,,2.49609873349614,2.09457854485426,1.89081671802278,0.120031516246831,1,449.833333333333,24.6,11393.8,0.454421412225681,-0.0201377891375823,-0.19531011981269,-0.00960276752790067,-0.00438293065256174,Peru,8.13239700374532,98.9779026217228,0.337532771535581,0.0110990684087476,0.926706459998075,0.0483686066829132,12,1.44,-71.640513,-13.151582,2,7.452685129,2.04341802451383,22.98073573,flux64,13.151582,0.489376127646678,2612.4,Central Andes,-2.51877021120274,-0.00450940280256049,-3.2902096682286,-0.873591460438544,-2.56484940138405,-0.603122151153878,6.94303319858824,3.63719318785294,-3.30584001073529,216.267892156863,2595.21470588235,8.29705882352941,9.14225187265918,0.0472237193262305,68.0133251854782,4.15215575182657,35.0716970514706,0.442032087494306,14011.887254902,23.2269933811765,23.3285599202941,23.4301264594118,3476.22352941176,-3.09983156955176,-0.262175959863939,-2.65034071962011,-0.336275553876657,-1.91052598628298,-0.128834239009661,1.19066645333465,0.0606798195292583,44.4511985838703,1681.74659157688,20.1895187601873,46.1900481738571,5.94713235279412,533.849824928529,,0.0976847043354837,0.682739653644318,16.0294117647059,2.24938512983247,0.509651930411764,0.0099730011470589,-0.499678929264706,-1.00985486891386,-0.0361246509174829,-13.0472695563085,-0.242284272278176,8.96166794852941,0.0289261335934888,-2618.08725490196,-0.274662551176469,-0.347824190294119,-0.420985829411766,17.1852941176471,-1.16705882352941,210.776470588236,-0.190378098676832,-0.611415500574606,0.0854913182360626,-0.26684659727722,-0.608244224919753,0.1243248362071,-4.02941176470588,-0.154806584978211,-0.130667380462663,-0.00415345790401347,7.15807047742652,-570.339311148553,-1.43722262091861,-0.184413676073738,2.75286764720588,-217.516491628529,,-0.0493160976525706,0.243966806353756
Peru,Peru_2018,3687.4,b,PIL,PE_PIL_B_4,-1.925564624,2.73024716,23.66976563,23.47354839,155.6666667,4.15,Central Andes,0.0284595641987983,29.1783125,0.432522997988905,1.90357036224649,83.6646142491009,0.0661220323829022,1.22997704091064,42.5328876995313,1101.26842240782,24.5327222740989,0.050136182489997,44.5134988431938,217.691666666667,7.13,1156.31362263958,,2.48453841614688,1.71514004910119,1.54202849112468,0.0913565188674078,1,396.333333333333,24.6,9220.53333333333,0.308128431677257,-0.00642244295504845,-0.138323542339789,-0.0096027676322437,0.00837850840195031,Peru,8.13239700374532,98.9779026217228,0.337532771535581,0.0110990684087476,0.671837517991364,0.0122905908268907,15,1.44,-71.640552,-13.151576,2,4.655811784,1.70527117552244,23.57165701,flux65,13.151576,0.586416995932411,2612.3,Central Andes,-1.53420913030595,-0.556053262666747,-2.73012644202047,-0.203371427952983,-2.4545035289494,-0.827442386040758,6.94303319858824,3.63719318785294,-3.30584001073529,216.267892156863,2595.21470588235,8.29705882352941,9.14225187265918,0.0472237193262305,68.0133251854782,4.15215575182657,35.0716970514706,0.442032087494306,14011.887254902,23.2269933811765,23.3285599202941,23.4301264594118,3476.22352941176,-3.09983156955176,-0.262175959863939,-2.65034071962011,-0.336275553876657,-1.91052598628298,-0.128834239009661,1.19066645333465,0.0606798195292583,44.4511985838703,1681.74659157688,20.1895187601873,46.1900481738571,5.94713235279412,533.849824928529,,0.0976847043354837,0.682739653644318,16.0294117647059,2.24938512983247,-2.28722141458824,-0.906946027852941,1.38027538673529,-1.00985486891386,-0.0361246509174829,15.6512890636226,-2.24858538958007,-5.89338455147059,-0.00950908950540119,-4791.35392156863,0.44277224882353,0.243097089705884,0.0434219305882344,17.0852941176472,-1.16705882352941,211.176470588236,0.369705127531297,0.0588045319109563,0.195837190670715,-0.4911668321641,0.376316855977035,-0.427219023657087,-1.02941176470588,-0.534245080731281,0.0393105875759867,-0.0105436370392613,-1.91831088433908,-580.478169169068,4.34320351391155,-1.67654933066328,-1.79713235279412,-378.183158228529,,-0.085394113508593,-0.0109021356529543
Peru,Peru_2018,3882.9,b,QUE,PE_QUE_B_1,-2.723243797,0.350122547,17.87736842,17.53118182,336.5,3.2,Central Andes,0.0190457810488864,14.95217625,0.459156849279918,2.03744552249522,77.1736709746714,0.0564416941359238,1.67321534876384,32.5492219614506,629.714509325169,17.2341561615402,0.0970871641802684,45.294320641247,207.641666666667,6.31,1087.79105816329,,2.3577908175656,2.15958176192858,2.01897551853552,0.127722754461022,0.91588785046729,535.5,15.8,8011.9,-0.000742410095030881,0.00421718665132897,0.0252968195588952,-0.00960292647558281,0.0215253535525014,Peru,7.35795880149813,98.8168539325843,0.625678838951311,0.0121634011209615,0.532251950947603,0.145976073405272,26,1.44,-71.619294,-13.213786,9,3.073366344,8.77797322775674,17.70427512,flux66,13.213786,0.11392151400484,2491.7,Central Andes,-1.22497655525178,-1.07386388187249,-1.21533894864065,-0.38823712049486,-0.77830612660106,-0.260446985631305,6.94303319858824,3.63719318785294,-3.30584001073529,216.267892156863,2595.21470588235,8.29705882352941,9.14225187265918,0.0472237193262305,68.0133251854782,4.15215575182657,35.0716970514706,0.442032087494306,14011.887254902,23.2269933811765,23.3285599202941,23.4301264594118,3476.22352941176,-3.09983156955176,-0.262175959863939,-2.65034071962011,-0.336275553876657,-1.91052598628298,-0.128834239009661,1.19066645333465,0.0606798195292583,44.4511985838703,1681.74659157688,20.1895187601873,46.1900481738571,5.94713235279412,533.849824928529,,0.0976847043354837,0.682739653644318,16.0294117647059,2.24938512983247,-3.86966685458824,-3.28707064085294,0.582596213735294,-1.78429307116105,-0.0350603182052689,9.16034578919312,-2.11471022933134,-20.1195208014706,0.0171247617856113,-5999.98725490196,-5.34962496117647,-5.62428480029412,-5.89894463941177,-103.514705882353,-1.98705882352941,406.676470588236,1.88449262091111,-0.126061160630921,1.87203459301905,0.0758285682453521,0.685549431031203,-0.945029642862834,9.97058823529412,-0.0898033679038912,0.482548895429186,0.03640734465101,-11.9019766224198,-1052.03208225171,-2.95536259864714,-0.895727532610138,-2.74713235279412,-197.349824928529,,0.0482913690697883,-0.150487702696715
Peru,Peru_2018,3884.3,b,QUE,PE_QUE_B_2,-2.781553803,3.026059084,19.18689922,19.50175573,382.14,4.48,Central Andes,0.0200007136149716,15.490925,0.491358419176013,1.50785508398536,62.3937613242835,0.0496643970490217,1.19225753989971,43.695585433357,881.188362274099,18.7685688941125,0.0635241582150519,45.989177457259,207.575,6.32,1088.61629290235,,2.93085888983735,2.5921513946286,2.42181953697274,0.143409402357304,0.986856516976999,424.833333333333,18.8666666666667,8026.46666666667,-0.000191385575656253,0.00392401714637258,0.0264362292352693,-0.00960292685260112,0.021609099746575,Peru,7.35795880149813,98.8168539325843,0.625678838951311,0.0121634011209615,0.803996598639456,0.126313222923081,27,1.44,-71.619348,-13.213841,9,5.807612887,1.91920009682137,19.344327475,flux67,13.213841,0.52105041139599,2490.9,Central Andes,-1.57893712079414,-1.24370457823752,-2.48989233980076,-0.333721494525522,-2.07179785388049,-0.294295425592071,6.94303319858824,3.63719318785294,-3.30584001073529,216.267892156863,2595.21470588235,8.29705882352941,9.14225187265918,0.0472237193262305,68.0133251854782,4.15215575182657,35.0716970514706,0.442032087494306,14011.887254902,23.2269933811765,23.3285599202941,23.4301264594118,3476.22352941176,-3.09983156955176,-0.262175959863939,-2.65034071962011,-0.336275553876657,-1.91052598628298,-0.128834239009661,1.19066645333465,0.0606798195292583,44.4511985838703,1681.74659157688,20.1895187601873,46.1900481738571,5.94713235279412,533.849824928529,,0.0976847043354837,0.682739653644318,16.0294117647059,2.24938512983247,-1.13542031158824,-0.611134103852941,0.524286207735294,-1.78429307116105,-0.0350603182052689,-5.61956386119473,-2.64430066784121,-19.5807720514706,0.0493263316817068,-5985.4205882353,-4.04009416117647,-3.98423244529412,-3.92837072941177,-104.314705882353,-1.97705882352941,408.076470588236,0.609939229751007,-0.0715455346615833,0.578542865739623,0.0419801282845862,0.33158886548884,-1.11487033922786,10.9705882352941,0.342766264796129,0.00159108656505635,0.00284433868579362,-0.755613150513327,-800.558229302784,-1.42094986607482,-0.200870716598139,-1.46713235279412,-151.709824928529,,0.0286285185875972,0.121256944995138
Peru,Peru_2018,3889.8,b,QUE,PE_QUE_B_4,-4.603887423,2.21441226,15.50210145,16.70346457,618.725,8.45,Central Andes,0.0366637141649969,13.7108875,0.42262403930701,3.45925695135748,71.2315900588163,0.0947228947626559,1.25647128065467,40.8825916050238,681.211429455303,13.4658632699247,0.093307889399184,45.627082055894,207.35,6.33,1089.44179701257,,2.97493863628095,2.90724431585857,2.85362660167013,0.158270154473187,0.989169675090253,472.666666666667,16.0666666666667,8704.93333333334,0.00348142351369492,0.0032068742891322,0.0408184452936652,-0.00960292812681776,0.0274377448520144,Peru,7.28623595505618,98.8796348314607,0.61686797752809,0.0114569691558065,0.758736271573242,0.0140640322144262,26,1.44,-71.619396,-13.214146,9,6.818299683,3.07905614783762,16.10278301,flux68,13.214146,0.324774850469124,2488.2,Central Andes,-1.03598241976709,-0.811528753841378,-1.47146930413444,-0.528069027516526,-1.05886904302831,-0.663715293036864,6.94303319858824,3.63719318785294,-3.30584001073529,216.267892156863,2595.21470588235,8.29705882352941,9.14225187265918,0.0472237193262305,68.0133251854782,4.15215575182657,35.0716970514706,0.442032087494306,14011.887254902,23.2269933811765,23.3285599202941,23.4301264594118,3476.22352941176,-3.09983156955176,-0.262175959863939,-2.65034071962011,-0.336275553876657,-1.91052598628298,-0.128834239009661,1.19066645333465,0.0606798195292583,44.4511985838703,1681.74659157688,20.1895187601873,46.1900481738571,5.94713235279412,533.849824928529,,0.0976847043354837,0.682739653644318,16.0294117647059,2.24938512983247,-0.124733515588236,-1.42278092785294,-1.29804741226471,-1.856015917603,-0.035766750170424,3.21826487333806,-0.692898800469091,-21.3608095514706,-0.0194080481872967,-5306.95392156863,-7.72489193117647,-7.22577691029412,-6.72666188941177,-107.014705882353,-1.96705882352941,413.576470588236,1.62836226541732,-0.265893067652588,1.59147167659181,-0.327439739160206,0.874543566515893,-0.682694514831718,9.97058823529412,0.657859186026099,0.0658048273200163,0.0326280698699256,-3.56860697884648,-1000.53516212158,-6.72365549026265,-0.562966117963136,2.50286764720588,84.8751750714706,,-0.0836206721210575,0.0759966179289239
Peru,Peru_2018,3890,b,QUE,PE_QUE_B_3,-2.800171917,2.858711541,17.44488,18.26713115,394.7,4.633333333,Central Andes,0.0224454885452438,11.3830575,0.503848908490179,1.66386486531575,68.4844813223621,0.0591433073885781,1.10417877206385,45.8753914914188,710.798711203686,12.6852885048681,0.0870440409487024,46.1367733482977,207.316666666667,6.34,1090.2675700411,,3.10250048818791,2.94795858264056,2.83212871180313,0.157300724874564,0.966954022988506,342.333333333333,15.4,5772.26666666667,0.00631159858833876,0.00170828385859667,0.0476320684171575,-0.00960292828951314,0.0289955812447253,Peru,7.28623595505618,98.8796348314607,0.61686797752809,0.0114569691558065,0.642074129229751,0.0886979865402525,24,1.44,-71.619384,-13.214201,9,5.658883458,1.97952237462213,17.856005575,flux69,13.214201,0.505172365223147,2487.8,Central Andes,-1.42927811307751,-1.35091720860848,-1.90385222497668,-0.808370483125898,-1.40171439715206,-0.606971720997233,6.94303319858824,3.63719318785294,-3.30584001073529,216.267892156863,2595.21470588235,8.29705882352941,9.14225187265918,0.0472237193262305,68.0133251854782,4.15215575182657,35.0716970514706,0.442032087494306,14011.887254902,23.2269933811765,23.3285599202941,23.4301264594118,3476.22352941176,-3.09983156955176,-0.262175959863939,-2.65034071962011,-0.336275553876657,-1.91052598628298,-0.128834239009661,1.19066645333465,0.0606798195292583,44.4511985838703,1681.74659157688,20.1895187601873,46.1900481738571,5.94713235279412,533.849824928529,,0.0976847043354837,0.682739653644318,16.0294117647059,2.24938512983247,-1.28414974058824,-0.778481646852941,0.505668093735294,-1.856015917603,-0.035766750170424,0.471156136883863,-2.48829088651082,-23.6886395514706,0.0618168209958727,-8239.6205882353,-5.78211338117647,-5.47255434529412,-5.16299530941177,-107.414705882353,-1.95705882352941,413.776470588236,1.19597934457509,-0.546194523261959,1.24862632246805,-0.270696167120575,0.48124787320547,-1.22208296959882,7.97058823529412,0.698573452808089,-0.0864876812708038,0.026364221419444,1.42419290754842,-970.947880373198,-7.50423025531919,-0.0532748255594342,-1.31379901979412,-139.149824928529,,-0.00898671779523126,-0.0406655244145672
Peru,Peru_2018,3893.1,b,QUE,PE_QUE_B_5,-4.192370335,2.200159268,14.5210687,13.82669231,588.8,6.9,Central Andes,0.032424186089896,19.1294225,0.475073436621176,1.92905949475832,54.7963918565481,0.0786991416491885,1.1551532087644,44.1086060015525,1186.68727574514,19.52321921298,0.0591681728388523,46.3165569234831,207.283333333333,6.34,1090.2675700411,,2.82193242788432,2.47519510177116,2.25554683280274,0.140645601665622,0.920634920634921,524.666666666667,17.5333333333333,8895.06666666667,0.00283112701997128,0.0037232786763181,0.0404102050817956,-0.00960292847593924,0.0280702075878437,Peru,7.28623595505618,98.8796348314607,0.61686797752809,0.0114569691558065,0.57978907573248,0.199535865364967,22,1.44,-71.619377,-13.214258,9,6.392529603,2.90548493282987,14.173880505,flux70,13.214258,0.344176625629934,2487.4,Central Andes,-1.70525015983109,-1.02708885201979,-2.83271162426848,-0.234185704631425,-2.4136580634599,-0.168948038977966,6.94303319858824,3.63719318785294,-3.30584001073529,216.267892156863,2595.21470588235,8.29705882352941,9.14225187265918,0.0472237193262305,68.0133251854782,4.15215575182657,35.0716970514706,0.442032087494306,14011.887254902,23.2269933811765,23.3285599202941,23.4301264594118,3476.22352941176,-3.09983156955176,-0.262175959863939,-2.65034071962011,-0.336275553876657,-1.91052598628298,-0.128834239009661,1.19066645333465,0.0606798195292583,44.4511985838703,1681.74659157688,20.1895187601873,46.1900481738571,5.94713235279412,533.849824928529,,0.0976847043354837,0.682739653644318,16.0294117647059,2.24938512983247,-0.550503595588236,-1.43703391985294,-0.886530324264706,-1.856015917603,-0.035766750170424,-13.2169333289301,-2.22309625706825,-15.9422745514706,0.0330413491268698,-5116.82058823529,-8.70592468117647,-9.15467941529412,-9.60343414941177,-107.814705882353,-1.95705882352941,416.876470588235,0.26711994528328,0.027990255232514,0.236682656160218,0.167327514898691,0.205275826451891,-0.898254613010129,5.97058823529412,0.225809971938689,-0.0355132445702489,-0.00151164669040603,-0.342592582317877,-495.059315831748,-0.66629954720737,0.126508749625962,0.952867647205883,54.9501750714705,,0.101851161029484,-0.102950577911838
South Africa,South_Africa_2023,2000,c,2000east,SA_2000east1,-2.58093315500583,12.6579297354622,30.4078666666667,32.2358972222222,838.1,5.1,Drakensberg,0.0108772289285714,9.52082,0.375171358705543,1.39953903053571,134.627068109698,0.0308466551904762,,,,,,,88.775,12.09,1521.16725813635,39.8708185,1.49178963439547,1.46993069065534,1.45258882236505,0.0675138208827301,1,53,11.6,614.8,-0.00463554035521263,0.0107162712781195,0.0333491103600157,-0.0399489486927038,0.027166429397555,SouthAfrica,16.6537137681159,72.2953351449275,0.812241847826087,0.558964073533824,0.952380952380952,0.0254661439418185,13,1.44,28.8830800261349,-28.6610200256109,31,15.238862890468,1.20389852123884,31.3218819444445,flux71,28.6610200256109,0.830634793845398,1065.3,Drakensberg,-0.0177611667445142,-0.907345684201666,,,,,9.76828772359745,6.47428116497028,-3.25994864610082,104.863825757576,1258.36590909091,10.0775,14.8610743988801,0.424447209192334,145.569561817102,3.80383408397587,14.8077275190909,0.342320759920099,998.918181818182,22.7288092180171,23.1334212527404,23.5380332874637,2390.90909090909,,,,,0.134799883747589,-0.317301907445216,,,,,,,4.61703475311214,872.140871774091,38.0706261252849,0.0541345169043127,0.778464550881656,20.4090909090909,1.79864867881063,5.47057516687058,6.18364857049192,0.679015491094992,1.79263936923584,0.13451686434149,-10.942493707404,-2.40429505344016,-5.28690751909091,0.0328505987854438,-384.118181818182,7.67905744864964,8.18846069170409,8.69786393475854,-193.065909090909,2.0125,-390.909090909091,,,,,-0.152561050492103,-0.59004377675645,-7.40909090909091,-0.328717988155291,,,,,,,0.482965246887864,-34.0408717740907,1.80019237471512,-0.0286683729624942,0.173916401499296
South Africa,South_Africa_2023,2000,c,2000east,SA_2000east2,-2.9609581064711,3.36626551455801,31.2412716981132,31.8553873015873,944.3,5.9,Drakensberg,0.00959685069444444,9.289995,0.366853654799784,1.30793762357143,152.79089307309,0.0268544667777778,,,,,,,88.7583333333333,12.09,1520.97085610742,40.243508835,1.43192141785669,1.40974729657937,1.39178556445963,0.0616440040496044,0.988372093023256,43,11.4,490.2,-0.00185975036738488,0.00982515138493271,0.0433082708906451,-0.0399489485988017,0.0312826152451894,SouthAfrica,16.6537137681159,72.2953351449275,0.812241847826087,0.558964073533824,0.906976744186046,0.0589094459126416,15,1.44,28.8830807595514,-28.6609880276956,31,6.32722362102911,1.87959731449166,31.5483294998502,flux72,28.6609880276956,0.532028851227878,1065.1,Drakensberg,0.22410393396552,-0.849521234066555,,,,,9.76828772359745,6.47428116497028,-3.25994864610082,104.863825757576,1258.36590909091,10.0775,14.8610743988801,0.424447209192334,145.569561817102,3.80383408397587,14.8077275190909,0.342320759920099,998.918181818182,22.7288092180171,23.1334212527404,23.5380332874637,2390.90909090909,,,,,0.134799883747589,-0.317301907445216,,,,,,,4.61703475311214,872.140871774091,38.0706261252849,0.0541345169043127,0.778464550881656,20.4090909090909,1.79864867881063,-3.44106410256834,-3.10801565041227,0.298990539629721,1.79263936923584,0.13451686434149,7.22133125598796,-2.49589646040444,-5.51773251909091,0.0245328948796848,-508.718181818182,8.51246248009614,8.41490824710989,8.31735401412364,-193.265909090909,2.0125,-390.909090909091,,,,,0.089304050217931,-0.532219326621339,-5.40909090909091,-0.388901382231261,,,,,,,1.28296524688786,72.1591282259093,2.17288270971512,0.00477492900832887,0.12851219330439
South Africa,South_Africa_2023,2000,c,2000east,SA_2000east3,-1.1201606814968,6.59884474543766,31.0326435483871,31.8527433121019,884.2,5.9,Drakensberg,0.0117502757619048,9.28794,0.370712731547552,1.54887216753968,140.065107213605,0.0324888991805556,,,,,,,88.75,12.09,1520.8726453117,40.61619917,1.36874515215922,1.35640481714323,1.34576127068127,0.0561402430159812,1,68.5,11.4,780.9,-0.00150658501285249,0.0100828097950398,0.0469625640144988,-0.0399489485046066,0.0337185083911704,SouthAfrica,16.6537137681159,72.2953351449275,0.812241847826087,0.558964073533824,0.963235294117647,0.0178939566480798,16,1.44,28.8830814929679,-28.6609560297802,31,7.71900542693446,1.16975102835557,31.4426934302445,flux73,28.6609560297802,0.854882770571951,1065,Drakensberg,0.0745478432839903,-0.866593888010133,,,,,9.76828772359745,6.47428116497028,-3.25994864610082,104.863825757576,1258.36590909091,10.0775,14.8610743988801,0.424447209192334,145.569561817102,3.80383408397587,14.8077275190909,0.342320759920099,998.918181818182,22.7288092180171,23.1334212527404,23.5380332874637,2390.90909090909,,,,,0.134799883747589,-0.317301907445216,,,,,,,4.61703475311214,872.140871774091,38.0706261252849,0.0541345169043127,0.778464550881656,20.4090909090909,1.79864867881063,-2.04928229666299,0.124563580467377,2.13978796460402,1.79263936923584,0.13451686434149,-5.50445460349704,-2.25496191643619,-5.51978751909091,0.0283919716274528,-218.018181818182,8.30383433037004,8.30927217750414,8.31471002463825,-193.365909090909,2.0125,-390.909090909091,,,,,-0.0602520404635987,-0.549291980564918,-4.40909090909091,-0.442243861667401,,,,,,,1.28296524688786,12.0591282259094,2.54557304471512,-0.0362405602562329,0.184770743235991
South Africa,South_Africa_2023,2000,c,2000east,SA_2000east4,-5.3006098086663,5.37425360740356,31.1044529850746,30.70855,719,5.9,Drakensberg,0.0106271137222222,9.291125,0.390219072131326,1.43257908416667,150.097170887212,0.031405374702381,,,,,,,88.7333333333333,12.1,1520.6762041556,40.988889505,1.49913156769891,1.47907624399111,1.46432033723873,0.076347943526631,1,36.5,11.2,408.8,-0.00220806345228127,0.0107949366558284,0.0475351652924546,-0.0399489484104998,0.0351074079013748,SouthAfrica,16.6537137681159,72.2953351449275,0.812241847826087,0.558964073533824,0.902777777777778,0.03039418903143,17,1.44,28.8830822263844,-28.6609240318649,31,10.6748634160699,1.98629692528172,30.9065014925373,flux74,28.6609240318649,0.503449402388905,1064.8,Drakensberg,0.0827415858525332,-0.908291106125321,,,,,9.76828772359745,6.47428116497028,-3.25994864610082,104.863825757576,1258.36590909091,10.0775,14.8610743988801,0.424447209192334,145.569561817102,3.80383408397587,14.8077275190909,0.342320759920099,998.918181818182,22.7288092180171,23.1334212527404,23.5380332874637,2390.90909090909,,,,,0.134799883747589,-0.317301907445216,,,,,,,4.61703475311214,872.140871774091,38.0706261252849,0.0541345169043127,0.778464550881656,20.4090909090909,1.79864867881063,0.906575692472412,-1.10002755756672,-2.04066116256548,1.79263936923584,0.13451686434149,4.52760907010998,-2.3712549998092,-5.51660251909091,0.0478983122112268,-590.118181818182,8.37564376705754,7.77308023979694,7.17051671253634,-193.565909090909,2.0225,-390.909090909091,,,,,-0.0520582978950558,-0.590989198680105,-3.40909090909091,-0.319572434819521,,,,,,,1.28296524688786,-153.140871774091,2.91826337971512,-0.0237403278728827,0.124313226896122
South Africa,South_Africa_2023,2000,c,2000east,SA_2000east5,-1.37007413878481,6.25784155990308,30.4793926229508,25.2017271186441,609.2,7.38515254237288,Drakensberg,0.0117565137321429,8.11675,0.365164532362014,1.46503636041667,154.859862200807,0.0356648350138889,,,,,,,88.725,12.1,1520.57797379434,41.36157984,1.49446811439981,1.45762436827935,1.43276930585954,0.0662009223458717,1,35,10.6,371,-0.00501820959899345,0.0123694867010231,0.0415366149676637,-0.0399489483168613,0.0340281527915028,SouthAfrica,16.6584239130435,72.3153079710145,0.811263586956522,0.558765547686145,0.914285714285714,0.028232049094813,16,1.44,28.883082959801,-28.6608920339495,31,7.62791569868789,1.21893717277272,27.8405598707975,flux75,28.6608920339495,0.820386827423842,1064.7,Drakensberg,0.298558358893129,-0.847177897781008,,,,,9.76828772359745,6.47428116497028,-3.25994864610082,104.863825757576,1258.36590909091,10.0775,14.8610743988801,0.424447209192334,145.569561817102,3.80383408397587,14.8077275190909,0.342320759920099,998.918181818182,22.7288092180171,23.1334212527404,23.5380332874637,2390.90909090909,,,,,0.134799883747589,-0.317301907445216,,,,,,,4.61703475311214,872.140871774091,38.0706261252849,0.0541345169043127,0.778464550881656,20.4090909090909,1.79864867881063,-2.14037202490956,-0.216439605067203,1.88987450731601,1.79734951416337,0.13431833849381,9.29030038370496,-2.3387977235592,-6.69097751909091,0.0228437724419148,-627.918181818182,7.75058340493374,4.70713861805709,1.66369383118045,-193.665909090909,2.0225,-390.909090909091,,,,,0.16375847514554,-0.529875990335792,-4.40909090909091,-0.341024310531281,,,,,,,2.76811778926074,-262.940871774091,3.29095371471512,-0.0259024678094996,0.135821163404058
South Africa,South_Africa_2023,2000,c,2000west,SA_2000west1,-0.406644470462638,4.39556799245397,30.8433304,30.5214856,979.5,5.7,Drakensberg,0.0163499164502165,7.91857,0.351506352211432,1.99840348434727,158.905109304795,0.0786964715876623,,,,,,,89.125,12.03,1525.28568148811,42.93959434,1.91175376848023,1.81844090695016,1.75622654058426,0.0987294500501197,1,25,14,350,-0.00501802669150853,0.010850123605992,0.0318761564476636,-0.039948951400874,0.0261534223866156,SouthAfrica,16.645652173913,72.2548913043478,0.965593297101449,0.559412725570219,0.775510204081633,0.0814078666431066,20,1.44,28.8826399762183,-28.662471016869,30,4.80221246291661,1.0925123831916,30.682408,flux76,28.662471016869,0.91532143285979,1069.5,Drakensberg,0.428938362747742,-0.730674666767078,,,,,9.76828772359745,6.47428116497028,-3.25994864610082,104.863825757576,1258.36590909091,10.0775,14.8610743988801,0.424447209192334,145.569561817102,3.80383408397587,14.8077275190909,0.342320759920099,998.918181818182,22.7288092180171,23.1334212527404,23.5380332874637,2390.90909090909,,,,,0.134799883747589,-0.317301907445216,,,,,,,4.61703475311214,872.140871774091,38.0706261252849,0.0541345169043127,0.778464550881656,20.4090909090909,1.79864867881063,-4.96607526068084,-2.07871317251631,2.85330417563818,1.78457777503294,0.134965516377885,13.335547487693,-1.8054305996286,-6.88915751909091,0.00918559229133281,-648.918181818182,8.11452118198294,7.54898674725964,6.98345231253634,-188.865909090909,1.9525,-390.909090909091,,,,,0.294138479000153,-0.413372759321862,-0.40909090909091,0.0197922281395291,,,,,,,1.08296524688786,107.359128225909,4.86896821471512,0.0272733497387939,-0.0029543468000236
South Africa,South_Africa_2023,2000,c,2000west,SA_2000west3,-1.07119309428075,2.48556277186084,20.4130081300813,31.7333427419355,943.98593495935,6.3,Drakensberg,0.0154535364687951,8.48352,0.349193405658396,1.79598237205932,144.74843198888,0.057105073341811,,,,,,,89.1333333333333,12.03,1525.38359926796,44.05573642,1.81014866444022,1.76970199816418,1.73970931373172,0.0933931891544603,1,20,9.6,192,-0.00198614452633758,0.0101967829040539,0.0447554874004172,-0.0399489515391858,0.0321093526107338,SouthAfrica,16.645652173913,72.2548913043478,0.965593297101449,0.559412725570219,0.731707317073171,0.106179602192014,22,1.44,28.8827054807916,-28.6624345136806,30,3.55675586614159,1.43096601961044,26.0731754360084,flux77,28.6624345136806,0.698828613884373,1069.6,Drakensberg,0.263516633833692,-0.774177948502535,,,,,9.76828772359745,6.47428116497028,-3.25994864610082,104.863825757576,1258.36590909091,10.0775,14.8610743988801,0.424447209192334,145.569561817102,3.80383408397587,14.8077275190909,0.342320759920099,998.918181818182,22.7288092180171,23.1334212527404,23.5380332874637,2390.90909090909,,,,,0.134799883747589,-0.317301907445216,,,,,,,4.61703475311214,872.140871774091,38.0706261252849,0.0541345169043127,0.778464550881656,20.4090909090909,1.79864867881063,-6.21153185745586,-3.98871839310944,2.18875555182007,1.78457777503294,0.134965516377885,-0.821129828222041,-2.00785171191655,-6.32420751909091,0.00687264573829682,-806.918181818182,-2.31580108793576,2.93975418326804,8.19530945447184,-188.765909090909,1.9525,-390.909090909091,,,,,0.128716750086103,-0.456876041057319,1.59090909090909,-0.0289466806464509,,,,,,,1.68296524688786,71.8450631852593,5.98511029471512,0.0520450852877016,-0.0467572338084855
South Africa,South_Africa_2023,2000,c,2000west,SA_2000west4,-2.87993314740428,3.1634253320482,19.9991256198347,31.4235012738854,889.655867768595,6.8,Drakensberg,0.0116969353914141,8.42273,0.361898569637312,1.4504108937518,158.638583574243,0.0453272323681458,,,,,,,89.1333333333333,12.03,1525.38359926796,44.61380746,1.76842224828277,1.70219234421555,1.65923263106351,0.0926091117648309,1,38.5,9.2,354.2,-0.00267958018651477,0.0109029499903293,0.0453265727638511,-0.0399489516081983,0.0334687183759952,SouthAfrica,16.645652173913,72.2548913043478,0.965593297101449,0.559412725570219,0.830985915492958,0.0487614673156929,22,1.44,28.8827382330783,-28.6624162620865,30,6.04335847945248,1.91038442356394,25.7113134468601,flux78,28.6624162620865,0.523454854250976,1069.6,Drakensberg,0.34403919440997,-0.819591496602684,,,,,9.76828772359745,6.47428116497028,-3.25994864610082,104.863825757576,1258.36590909091,10.0775,14.8610743988801,0.424447209192334,145.569561817102,3.80383408397587,14.8077275190909,0.342320759920099,998.918181818182,22.7288092180171,23.1334212527404,23.5380332874637,2390.90909090909,,,,,0.134799883747589,-0.317301907445216,,,,,,,4.61703475311214,872.140871774091,38.0706261252849,0.0541345169043127,0.778464550881656,20.4090909090909,1.79864867881063,-3.72492924414497,-3.31085583292208,0.380015498696541,1.78457777503294,0.134965516377885,13.069021757141,-2.35342319022407,-6.38499751909091,0.0195778097172128,-644.718181818182,-2.72968359818236,2.57789219411969,7.88546798642175,-188.765909090909,1.9525,-390.909090909091,,,,,0.209239310662381,-0.502289589157468,1.59090909090909,-0.0964563345950809,,,,,,,2.18296524688786,17.5149959945044,6.54318133471512,-0.0053730495886198,0.0525213646113015
South Africa,South_Africa_2023,2000,c,2000west,SA_2000west5,-2.78340842286842,4.32819682743589,18.7486609756098,19.3867860655738,715.077804878049,2.76534590163934,Drakensberg,0.0108803362016595,8.66784,0.365322504260886,1.37825641027729,138.064123732956,0.0357333969684343,,,,,,,89.1333333333333,12.03,1525.38359926796,45.1718785,1.54279753635012,1.51306831309331,1.48912945458963,0.070581214447163,1,61.5,8.8,541.2,-0.00542747746054719,0.012473878949042,0.0396747703852624,-0.0399489516772181,0.0326269247259667,SouthAfrica,16.645652173913,72.2548913043478,0.965593297101449,0.559412725570219,0.852459016393443,0.0580816401302154,19,1.44,28.8827709853649,-28.6623980104923,30,7.11160525030431,1.64308730259787,19.0677235205918,flux79,28.6623980104923,0.608610387542346,1069.6,Drakensberg,0.0968315371810566,-0.894659392365502,,,,,9.76828772359745,6.47428116497028,-3.25994864610082,104.863825757576,1258.36590909091,10.0775,14.8610743988801,0.424447209192334,145.569561817102,3.80383408397587,14.8077275190909,0.342320759920099,998.918181818182,22.7288092180171,23.1334212527404,23.5380332874637,2390.90909090909,,,,,0.134799883747589,-0.317301907445216,,,,,,,4.61703475311214,872.140871774091,38.0706261252849,0.0541345169043127,0.778464550881656,20.4090909090909,1.79864867881063,-2.65668247329314,-2.14608433753439,0.476540223232401,1.78457777503294,0.134965516377885,-7.50543808414602,-2.42557767369858,-6.13988751909091,0.0230017443407868,-457.718181818182,-3.98014824240726,-4.06569773214856,-4.15124722188985,-188.765909090909,1.9525,-390.909090909091,,,,,-0.0379683465665324,-0.577357484920286,-1.40909090909091,-0.285580365717321,,,,,,,-1.8516888514728,-157.063066896042,7.10125237471512,0.00394712322590275,0.0739944655117863
South Africa,South_Africa_2023,2200,c,2200east,SA_2200east1,-6.50385818627737,8.59048103653081,20.89541375,21.8839069230769,1390,2.7,Drakensberg,0.0586095953412698,11.20271,0.314935999326009,6.99450587403351,168.405766037066,0.285735288861111,,,,,,,96.7666666666667,11.06,1500.8549999074,49.2903478280556,2.74905287150784,2.3698875413786,2.19392464605581,0.124703878675122,1,41.5,9.8,406.7,-0.00472695802607265,0.0106555470839392,0.0323019842023734,-0.082122387923062,0.0259681609960332,SouthAfrica,15.8616847826087,75.7283061594203,1.47470561594203,0.470246260399866,0.567901234567901,0.0425633812618929,27,1.44,28.8951290119439,-28.6799270007759,34,15.0943392228082,1.75710058128525,21.3896603365385,flux80,28.6799270007759,0.569119383745546,1161.2,Drakensberg,0.715838795690739,0.153667106303468,,,,,9.76828772359745,6.47428116497028,-3.25994864610082,104.863825757576,1258.36590909091,10.0775,14.8610743988801,0.424447209192334,145.569561817102,3.80383408397587,14.8077275190909,0.342320759920099,998.918181818182,22.7288092180171,23.1334212527404,23.5380332874637,2390.90909090909,,,,,0.134799883747589,-0.317301907445216,,,,,,,4.61703475311214,872.140871774091,38.0706261252849,0.0541345169043127,0.778464550881656,20.4090909090909,1.79864867881063,5.32605149921073,2.11619987156053,-3.24390954017655,1.00061038372859,0.0457990512075321,22.836204219964,3.19067179005764,-3.60501751909091,-0.0273847605940902,-592.218181818182,-1.83339546801706,-1.74376091620191,-1.65412636438676,-97.1659090909091,0.9825,-190.909090909091,,,,,0.58103891194315,0.470969013748684,6.59090909090909,0.571238862567969,,,,,,,-1.91703475311214,517.859128225909,11.2197217027707,-0.0115711356424198,-0.210563316313755
South Africa,South_Africa_2023,2200,c,2200east,SA_2200east2,-11.1343626362019,9.65110959254136,22.9108024242424,23.1148347107438,1261,3.3,Drakensberg,0.0441076302380952,10.924555,0.33620542250126,5.08612721460986,157.286211974457,0.186780929178571,,,,,,,96.7583333333333,11.06,1500.8549999074,49.6108789271181,2.02395701545879,1.83258912732009,1.7443631836836,0.0964068481258519,1,39,13,507,-0.00202916548077622,0.00987420001541558,0.0424480444624668,-0.0821223876901392,0.0301778764952269,SouthAfrica,15.8616847826087,75.7283061594203,1.47470561594203,0.470246260399866,0.641025641025641,0.0347205658795976,25,1.44,28.8951232493855,-28.6798957572319,34,20.7854722287433,2.15368730708507,23.0128185674931,flux81,28.6798957572319,0.464319958013525,1161.1,Drakensberg,0.454327149583467,-0.193726036628125,,,,,9.76828772359745,6.47428116497028,-3.25994864610082,104.863825757576,1258.36590909091,10.0775,14.8610743988801,0.424447209192334,145.569561817102,3.80383408397587,14.8077275190909,0.342320759920099,998.918181818182,22.7288092180171,23.1334212527404,23.5380332874637,2390.90909090909,,,,,0.134799883747589,-0.317301907445216,,,,,,,4.61703475311214,872.140871774091,38.0706261252849,0.0541345169043127,0.778464550881656,20.4090909090909,1.79864867881063,11.0171845051458,3.17682842757108,-7.87441399010108,1.00061038372859,0.0457990512075321,11.716650157355,1.28229313063399,-3.88317251909091,-0.00611533741883918,-491.918181818182,0.181993206225339,-0.12060268524726,-0.423198576719855,-97.2659090909092,0.9825,-190.909090909091,,,,,0.319527265835878,0.123575870817091,4.59090909090909,0.0339404485094592,,,,,,,-1.31703475311214,388.859128225909,11.5402528018332,-0.0194139510247151,-0.137438909856015
South Africa,South_Africa_2023,2200,c,2200east,SA_2200east3,-14.0852931288607,9.13303233058021,21.9751227642276,20.1262933333333,1200,2.9,Drakensberg,0.0481979590602453,10.38187,0.318851791155024,5.8351714164776,170.13186601573,0.229267707946789,,,,,,,96.7583333333333,11.06,1500.8549999074,49.9314100261806,2.82661174467366,2.10450733232688,1.85785518054246,0.110387729974488,1,38,13,494,-0.00168608170617571,0.0101414006958164,0.0460845914224494,-0.0821223874572451,0.0325480997366884,SouthAfrica,15.8616847826087,75.7283061594203,1.47470561594203,0.470246260399866,0.705128205128205,0.0365581592291516,28,1.44,28.8951174868271,-28.6798645136878,34,23.2183254594409,2.54223620578883,21.0507080487805,flux82,28.6798645136878,0.393354479698991,1161.1,Drakensberg,0.716548685277,-0.0306943933566537,,,,,9.76828772359745,6.47428116497028,-3.25994864610082,104.863825757576,1258.36590909091,10.0775,14.8610743988801,0.424447209192334,145.569561817102,3.80383408397587,14.8077275190909,0.342320759920099,998.918181818182,22.7288092180171,23.1334212527404,23.5380332874637,2390.90909090909,,,,,0.134799883747589,-0.317301907445216,,,,,,,4.61703475311214,872.140871774091,38.0706261252849,0.0541345169043127,0.778464550881656,20.4090909090909,1.79864867881063,13.4500377358435,2.65875116560993,-10.8253444827599,1.00061038372859,0.0457990512075321,24.562304198628,2.03133733250173,-4.42585751909091,-0.0234689687650752,-504.918181818182,-0.753686453789463,-2.08271320395991,-3.41173995413035,-97.2659090909092,0.9825,-190.909090909091,,,,,0.581748801529411,0.286607514088562,7.59090909090909,0.305858653516249,,,,,,,-1.71703475311214,327.859128225909,11.8607839008957,-0.0175763576751611,-0.0733363457534511
South Africa,South_Africa_2023,2200,c,2200east,SA_2200east4,-7.56866256645655,7.1362405780127,20.3029840336134,19.9004333333333,1128,3.5,Drakensberg,0.0315040677261905,11.53851,0.338381723902453,4.11788224585262,182.951442463883,0.155490785792125,,,,,,,96.75,11.06,1500.8549999074,50.2519411252431,2.84225053921037,1.987313248254,1.76376823231905,0.100751834436919,1,36,10,360,-0.00237105174310241,0.0108202511770824,0.0465315250643669,-0.0821223872248647,0.0337950737744302,SouthAfrica,15.8616847826087,75.7283061594203,1.47470561594203,0.470246260399866,0.793650793650794,0.02008086031228,23,1.44,28.8951117242686,-28.6798332701437,34,14.7049031444692,2.06059520888017,20.1017086834734,flux83,28.6798332701437,0.485296673354612,1161,Drakensberg,0.67786363238643,-0.251225761440012,,,,,9.76828772359745,6.47428116497028,-3.25994864610082,104.863825757576,1258.36590909091,10.0775,14.8610743988801,0.424447209192334,145.569561817102,3.80383408397587,14.8077275190909,0.342320759920099,998.918181818182,22.7288092180171,23.1334212527404,23.5380332874637,2390.90909090909,,,,,0.134799883747589,-0.317301907445216,,,,,,,4.61703475311214,872.140871774091,38.0706261252849,0.0541345169043127,0.778464550881656,20.4090909090909,1.79864867881063,4.9366154208718,0.661959413042417,-4.30871392035573,1.00061038372859,0.0457990512075321,37.381880646781,0.314048161876747,-3.26921751909091,-0.00393903601764617,-638.918181818182,-2.42582518440366,-3.03171256926701,-3.63759995413036,-97.3659090909091,0.9825,-190.909090909091,,,,,0.543063748638841,0.0660761460052038,2.59090909090909,0.188664569443369,,,,,,,-1.11703475311214,255.859128225909,12.1813149999582,-0.0340536565920327,0.0151862427691374
South Africa,South_Africa_2023,2200,c,2200east,SA_2200east5,-1.2568856520607,3.42935413688612,19.395579338843,19.8433239316239,670,3.2,Drakensberg,0.0322787962619048,11.739995,0.327353254109356,4.01976586218148,167.087953702171,0.134821041869048,,,,,,,96.7416666666667,11.06,1500.8549999074,50.5724722243056,2.50407075249772,1.95482469181809,1.8393161195103,0.102827954336908,1,36,10.8,388.8,-0.00511389296380755,0.0122788744508788,0.0402302418316909,-0.0821223869925133,0.0324794780142799,SouthAfrica,15.8616847826087,75.7283061594203,1.47470561594203,0.470246260399866,0.708333333333333,0.0448674448613803,25,1.44,28.8951059617102,-28.6798020265996,34,4.68623978894682,1.36650797843875,19.6194516352335,flux84,28.6798020265996,0.731792287918077,1160.9,Drakensberg,0.55169832465584,-0.268065606866499,,,,,9.76828772359745,6.47428116497028,-3.25994864610082,104.863825757576,1258.36590909091,10.0775,14.8610743988801,0.424447209192334,145.569561817102,3.80383408397587,14.8077275190909,0.342320759920099,998.918181818182,22.7288092180171,23.1334212527404,23.5380332874637,2390.90909090909,,,,,0.134799883747589,-0.317301907445216,,,,,,,4.61703475311214,872.140871774091,38.0706261252849,0.0541345169043127,0.778464550881656,20.4090909090909,1.79864867881063,-5.08204793465063,-3.04492702808416,2.00306299404012,1.00061038372859,0.0457990512075321,21.518391885069,0.215931778205607,-3.06773251909091,-0.0149675058107432,-610.118181818182,-3.33322987917406,-3.51396961750691,-3.69470935583976,-97.465909090909,0.9825,-190.909090909091,,,,,0.416898440908251,0.0492363005787174,4.59090909090909,0.156176013007459,,,,,,,-1.41703475311214,-202.140871774091,12.5018460990207,-0.00926707204293237,-0.0701312175483229
South Africa,South_Africa_2023,2200,c,2200west,SA_2200west1,-5.95240943844894,2.13383867852702,24.589395,23.2445286885246,1068,2.5,Drakensberg,0.0296736562638889,11.475295,0.320755683387494,3.8682377420151,188.117579879625,0.113018782055556,,,,,,,96.5083333333333,11.08,1502.63999727412,47.4298475806944,2.0668885208524,1.80946357474641,1.73693001001676,0.0964657246010643,1,51.5,15,772.5,-0.0048469662953669,0.0107046432099446,0.0318675961611337,-0.0821223856641989,0.0256572163267902,SouthAfrica,15.9366394927536,75.2375905797102,1.28032155797101,0.481342878431425,0.65,0.03118819884678,26,1.44,28.8938739895821,-28.6803849879652,29,8.08624811697596,3.78953113857598,23.9169618442623,flux85,28.6803849879652,0.263884887980041,1158.1,Drakensberg,0.816260130502343,-0.2187062302764,,,,,9.76828772359745,6.47428116497028,-3.25994864610082,104.863825757576,1258.36590909091,10.0775,14.8610743988801,0.424447209192334,145.569561817102,3.80383408397587,14.8077275190909,0.342320759920099,998.918181818182,22.7288092180171,23.1334212527404,23.5380332874637,2390.90909090909,,,,,0.134799883747589,-0.317301907445216,,,,,,,4.61703475311214,872.140871774091,38.0706261252849,0.0541345169043127,0.778464550881656,20.4090909090909,1.79864867881063,-1.68203960662149,-4.34044248644326,-2.69246079234812,1.07556509387352,0.0568956692390908,42.548018062523,0.0644036580392271,-3.33243251909091,-0.0215650765326052,-226.418181818182,1.86058578198294,0.783540591521941,-0.293504598939055,-100.265909090909,1.0025,-190.909090909091,,,,,0.681460246754754,0.0985956771688159,5.59090909090909,0.0108148959357792,,,,,,,-2.11703475311214,195.859128225909,9.35922145540956,-0.0229463180575327,-0.128464550881656
South Africa,South_Africa_2023,2200,c,2200west,SA_2200west2,-5.01596238735271,5.73107166579275,22.8473776859504,24.3706783333333,1172,2.3,Drakensberg,0.0331904429603175,10.47255,0.304837426600929,3.98651205809797,176.595169551589,0.152536750105159,,,,,,,96.5083333333333,11.08,1502.63999727412,47.5265092896875,2.39319469393969,1.86178096473404,1.7274036562467,0.0977669399473986,1,43,12.8,550.4,-0.00215192284239239,0.00988789938699718,0.0417641240539184,-0.0821223854620111,0.0296467162394271,SouthAfrica,15.9366394927536,75.2375905797102,1.28032155797101,0.481342878431425,0.685393258426966,0.0538986115671491,29,1.44,28.8938779919408,-28.6803519842215,29,10.7470340531455,1.87522241560713,23.6090280096418,flux86,28.6803519842215,0.533270075953223,1158.1,Drakensberg,0.807107305370042,-0.209916689893015,,,,,9.76828772359745,6.47428116497028,-3.25994864610082,104.863825757576,1258.36590909091,10.0775,14.8610743988801,0.424447209192334,145.569561817102,3.80383408397587,14.8077275190909,0.342320759920099,998.918181818182,22.7288092180171,23.1334212527404,23.5380332874637,2390.90909090909,,,,,0.134799883747589,-0.317301907445216,,,,,,,4.61703475311214,872.140871774091,38.0706261252849,0.0541345169043127,0.778464550881656,20.4090909090909,1.79864867881063,0.978746329548011,-0.743209499177533,-1.75601374125189,1.07556509387352,0.0568956692390908,31.025607734487,0.182677974122097,-4.33517751909091,-0.0374833333191702,-448.518181818182,0.118568467933336,0.475606756901488,0.832645045869644,-100.265909090909,1.0025,-190.909090909091,,,,,0.672307421622453,0.107385217552201,8.59090909090909,0.0631322859234091,,,,,,,-2.31703475311214,299.859128225909,9.45588316440261,-0.000235905337163625,-0.0930712924546899
South Africa,South_Africa_2023,2200,c,2200west,SA_2200west3,-6.15936246532124,10.3519435630763,26.0766147540984,24.9973297520661,1174,6.4,Drakensberg,0.0229245048710317,10.022765,0.309257594966115,3.12735596732022,178.1463191099,0.0894396900138889,,,,,,,96.5,11.08,1502.63999727412,47.6231709986806,2.13655187399761,1.63659277555212,1.54641526752243,0.0827467891552458,1,46.5,11.6,539.4,-0.00180901872048909,0.0101404502477196,0.0452991853904158,-0.0821223852600506,0.0319218617360757,SouthAfrica,15.9366394927536,75.2375905797102,1.28032155797101,0.481342878431425,0.711111111111111,0.0670012308496696,22,1.44,28.8938819942996,-28.6803189804778,29,16.5113060283975,1.59499575396553,25.5369722530823,flux87,28.6803189804778,0.62696091667565,1158,Drakensberg,0.799916469716421,-0.355869347482702,,,,,9.76828772359745,6.47428116497028,-3.25994864610082,104.863825757576,1258.36590909091,10.0775,14.8610743988801,0.424447209192334,145.569561817102,3.80383408397587,14.8077275190909,0.342320759920099,998.918181818182,22.7288092180171,23.1334212527404,23.5380332874637,2390.90909090909,,,,,0.134799883747589,-0.317301907445216,,,,,,,4.61703475311214,872.140871774091,38.0706261252849,0.0541345169043127,0.778464550881656,20.4090909090909,1.79864867881063,6.74301830480009,3.87766239810602,-2.89941381922042,1.07556509387352,0.0568956692390908,32.576757292798,-0.676478116655653,-4.78496251909091,-0.0330631649539842,-459.518181818182,3.34780553608134,2.40355100034189,1.45929646460245,-100.365909090909,1.0025,-190.909090909091,,,,,0.665116585968832,-0.0385674400374859,1.59090909090909,-0.162055903258511,,,,,,,1.78296524688786,301.859128225909,9.55254487339567,0.0128667139453569,-0.0673534397705451
South Africa,South_Africa_2023,2200,c,2200west,SA_2200west4,-6.71769566414971,5.5463808638596,24.4433866666667,25.1175462809917,677,6.4,Drakensberg,0.025763359484127,9.890955,0.314130015627224,3.16682739050045,179.513478647295,0.144210311402778,,,,,,,96.4916666666667,11.08,1502.63999727412,47.7198327076736,2.96279674722169,1.64715728363234,1.50641369681528,0.0819303383722677,1,95.5,14.4,1375.2,-0.00249361846550846,0.0108262603430056,0.0457881215461969,-0.0821223850583171,0.0331939954431344,SouthAfrica,15.9366394927536,75.2375905797102,1.28032155797101,0.481342878431425,0.780104712041885,0.0386271476181933,31,1.44,28.8938859966584,-28.680285976734,29,12.2640765280093,2.21118542506203,24.7804664738292,flux88,28.680285976734,0.452246106846488,1157.9,Drakensberg,0.793638873778112,-0.354194473268183,,,,,9.76828772359745,6.47428116497028,-3.25994864610082,104.863825757576,1258.36590909091,10.0775,14.8610743988801,0.424447209192334,145.569561817102,3.80383408397587,14.8077275190909,0.342320759920099,998.918181818182,22.7288092180171,23.1334212527404,23.5380332874637,2390.90909090909,,,,,0.134799883747589,-0.317301907445216,,,,,,,4.61703475311214,872.140871774091,38.0706261252849,0.0541345169043127,0.778464550881656,20.4090909090909,1.79864867881063,2.49578880441186,-0.927900301110683,-3.45774701804889,1.07556509387352,0.0568956692390908,33.943916830193,-0.637006693475423,-4.91677251909091,-0.0281907442928752,376.281818181818,1.71457744864964,1.64704522108884,1.57951299352805,-100.465909090909,1.0025,-190.909090909091,,,,,0.658838990030523,-0.0368925658229671,10.5909090909091,-0.151491395178291,,,,,,,1.78296524688786,-195.140871774091,9.64920658238873,-0.0155073692861194,0.00164016116022858
South Africa,South_Africa_2023,2200,c,2200west,SA_2200west5,-4.02664082851267,6.40652599584739,23.5879479338843,25.995703968254,1071,7,Drakensberg,0.0276701036785714,8.89672,0.289039589685203,3.335336718579,174.640550444114,0.12570600475,,,,,,,96.4833333333333,11.08,1502.63999727412,47.8164944166667,1.86365294753924,1.81574239314804,1.78032129110778,0.0966311309607448,1,22.5,15.2,342,-0.00521695487806649,0.0123060559631342,0.0397313124298271,-0.0821223848568111,0.0320535726873653,SouthAfrica,15.9366394927536,75.2375905797102,1.28032155797101,0.481342878431425,0.5625,0.0668474849378475,23,1.44,28.8938899990171,-28.6802529729903,29,10.4331668243601,1.62852173410717,24.7918259510692,flux89,28.6802529729903,0.614053825046582,1157.8,Drakensberg,0.90381643288534,-0.300407950896684,,,,,9.76828772359745,6.47428116497028,-3.25994864610082,104.863825757576,1258.36590909091,10.0775,14.8610743988801,0.424447209192334,145.569561817102,3.80383408397587,14.8077275190909,0.342320759920099,998.918181818182,22.7288092180171,23.1334212527404,23.5380332874637,2390.90909090909,,,,,0.134799883747589,-0.317301907445216,,,,,,,4.61703475311214,872.140871774091,38.0706261252849,0.0541345169043127,0.778464550881656,20.4090909090909,1.79864867881063,0.664879100762612,-0.0677551691228935,-0.766692182411848,1.07556509387352,0.0568956692390908,29.070988627012,-0.468497365396873,-5.91100751909091,-0.0532811702348962,-656.918181818182,0.859138715867239,1.65840469832879,2.45767068079034,-100.565909090909,1.0025,-190.909090909091,,,,,0.769016549137751,0.0168939565485323,2.59090909090909,0.0170937143374093,,,,,,,2.38296524688786,198.859128225909,9.74586829138178,0.0127129680335348,-0.215964550881656
South Africa,South_Africa_2023,2400,c,2400east,SA_2400east1,-12.3358460602951,13.1567427457137,22.0864579365079,26.0708704918033,619.727283940476,4.73659508196721,Drakensberg,0.092763786,27.33215312,0.326697092092582,15.550179675395,182.250057194005,1.01667813181818,,,,,,,107.516666666667,9.9,1397.48505793292,27.1736860047222,3.37150930818716,1.88932315149368,1.58414079808814,0.216513264764848,1,98,26.6,2606.8,-0.00467274149687277,0.0106294072198547,0.0326107025842715,-0.115226857854795,0.0267325761975948,SouthAfrica,14.6543025362319,77.2860054347826,0.4334375,0.408096474336127,0.805128205128205,0.0281573906837699,18,1.44,28.896831041202,-28.7191719934344,32,25.4925888060088,1.93760638926485,24.0786642141556,flux90,28.7191719934344,0.516100692865393,1290.2,Drakensberg,0.482592477106625,1.58765494161661,,,,,9.76828772359745,6.47428116497028,-3.25994864610082,104.863825757576,1258.36590909091,10.0775,14.8610743988801,0.424447209192334,145.569561817102,3.80383408397587,14.8077275190909,0.342320759920099,998.918181818182,22.7288092180171,23.1334212527404,23.5380332874637,2390.90909090909,,,,,0.134799883747589,-0.317301907445216,,,,,,,4.61703475311214,872.140871774091,38.0706261252849,0.0541345169043127,0.778464550881656,20.4090909090909,1.79864867881063,15.7243010824114,6.68246158074342,-9.07589741419428,-0.206771862648223,-0.0163507348562071,36.680495376903,11.7463455914191,12.5244256009091,-0.0156236678275172,1607.88181818182,-0.642351281509161,0.945242961415243,2.53283720433965,31.8340909090909,-0.1775,9.09090909090901,,,,,0.347792593359036,1.90495684906183,-2.40909090909091,0.0906744726830491,,,,,,,0.119560328855075,-252.413587833615,-10.8969401205627,-0.0259771262205427,0.0266636542465489
South Africa,South_Africa_2023,2400,c,2400east,SA_2400east3,-1.72788426428589,11.7843401005128,23.0326098360656,26.7775355371901,804.291721311475,4.9958867768595,Drakensberg,0.0766784465833333,24.28181352,0.340912351143445,12.6790769006818,164.620369525413,0.816795587568182,,,,,,,107.5,9.9,1397.48505793292,25.063728905,4.02624381660052,2.56568602876967,2.16551945109039,0.191895447269705,1,100,24.6,2460,-0.0016863017527065,0.0102548388675558,0.0469979982274874,-0.115226857172818,0.0340468214337947,SouthAfrica,14.6543025362319,77.2860054347826,0.4334375,0.408096474336127,0.77,0.0496843940068239,22,1.44,28.8968045124784,-28.7191149964929,32,13.5122243647987,1.14662545798476,24.9050726866279,flux91,28.7191149964929,0.872124365490313,1290,Drakensberg,0.253962849811924,1.06280660870272,,,,,9.76828772359745,6.47428116497028,-3.25994864610082,104.863825757576,1258.36590909091,10.0775,14.8610743988801,0.424447209192334,145.569561817102,3.80383408397587,14.8077275190909,0.342320759920099,998.918181818182,22.7288092180171,23.1334212527404,23.5380332874637,2390.90909090909,,,,,0.134799883747589,-0.317301907445216,,,,,,,4.61703475311214,872.140871774091,38.0706261252849,0.0541345169043127,0.778464550881656,20.4090909090909,1.79864867881063,3.74393664120124,5.31005893554252,1.53206438181493,-0.206771862648223,-0.0163507348562071,19.050807708311,8.87524281670593,9.47408600090909,-0.00140840877665421,1461.08181818182,0.303800618048538,1.77165143388749,3.23950224972645,31.6340909090909,-0.1775,9.09090909090901,,,,,0.119162966064335,1.38010851614793,1.59090909090909,0.767037349959039,,,,,,,0.378852023747364,-67.8491504626156,-13.0068972202849,-0.00445012289748876,-0.00846455088165621
South Africa,South_Africa_2023,2400,c,2400east,SA_2400east5,-2.03905509222174,5.45430037067845,25.0360852459016,20.0045404958678,676.534836065574,2.13997355371901,Drakensberg,0.0560413935833333,27.67997916,0.354083675601758,8.2541204069697,173.291145007473,0.166386219022727,,,,,,,107.483333333333,9.9,1397.48505793292,22.9537718052778,2.06965976086002,1.42222811670645,1.32005329737907,0.0541522777105454,1,71,28.4,2016.4,-0.00499723253097351,0.0122018026760891,0.0406178522937685,-0.115226856489629,0.0333920424225637,SouthAfrica,14.6543025362319,77.2860054347826,0.4334375,0.408096474336127,0.916666666666667,0.0249518999519,15,1.44,28.8967779837549,-28.7190579995513,32,7.49335546290019,1.37384356446217,22.5203128708847,flux92,28.7190579995513,0.727884910529447,1289.8,Drakensberg,0.0413863833602268,0.62937819726502,,,,,9.76828772359745,6.47428116497028,-3.25994864610082,104.863825757576,1258.36590909091,10.0775,14.8610743988801,0.424447209192334,145.569561817102,3.80383408397587,14.8077275190909,0.342320759920099,998.918181818182,22.7288092180171,23.1334212527404,23.5380332874637,2390.90909090909,,,,,0.134799883747589,-0.317301907445216,,,,,,,4.61703475311214,872.140871774091,38.0706261252849,0.0541345169043127,0.778464550881656,20.4090909090909,1.79864867881063,-2.27493226069726,-1.01998079429183,1.22089355387908,-0.206771862648223,-0.0163507348562071,27.721583190371,4.45028632299383,12.8722516409091,0.0117629156816588,1017.48181818182,2.30727602788454,-0.613108381855657,-3.53349279159585,31.4340909090909,-0.1775,9.09090909090901,,,,,-0.0934135003873621,0.946680104710236,-5.40909090909091,-0.376420562104181,,,,,,,-2.47706119939313,-195.606035708517,-15.1168543200071,-0.0291826169524127,0.13820211578501
South Africa,South_Africa_2023,2400,c,2400west,SA_2400west1,-6.05296943001383,3.20946038846135,22.4519739837398,23.1921336065574,962.088048780488,6.6303237704918,Drakensberg,0.0384077415079365,9.56643863,0.267202220275507,4.65792731208333,137.090700171788,0.218779701845238,,,,,,,107.708333333333,9.8,1388.60546048489,42.8481788288889,2.34658591272242,2.04379939317662,1.96636440446693,0.114156568600656,1,27.5,13.2,363,-0.00515819484259577,0.0108544164555618,0.0311866987177659,-0.115226848563343,0.0260116908896005,SouthAfrica,14.721875,76.8803894927536,0.820878623188406,0.416712672611144,0.454545454545455,0.118091150762563,21,1.44,28.8956800382584,-28.7187730148435,33,9.26242981847518,2.8859772975468,22.8220537951486,flux93,28.7187730148435,0.346503072234852,1292.5,Drakensberg,0.618475047887815,-0.159012926649917,,,,,9.76828772359745,6.47428116497028,-3.25994864610082,104.863825757576,1258.36590909091,10.0775,14.8610743988801,0.424447209192334,145.569561817102,3.80383408397587,14.8077275190909,0.342320759920099,998.918181818182,22.7288092180171,23.1334212527404,23.5380332874637,2390.90909090909,,,,,0.134799883747589,-0.317301907445216,,,,,,,4.61703475311214,872.140871774091,38.0706261252849,0.0541345169043127,0.778464550881656,20.4090909090909,1.79864867881063,-0.505857905122268,-3.26482077650893,-2.79302078391301,-0.139199398880105,-0.00773453658119061,-8.47886164531403,0.854093228107457,-5.24128888909091,-0.0751185396445922,-635.918181818182,-0.276835234277261,-0.311367457591757,-0.345899680906253,34.1340909090909,-0.2775,9.09090909090901,,,,,0.483675164140226,0.158288980795299,0.59090909090909,0.245150714365989,,,,,,,2.01328901737966,89.9471770063973,4.77755270360401,0.0639566338582506,-0.323919096336202
South Africa,South_Africa_2023,2400,c,2400west,SA_2400west2,-1.59024272723601,3.30447680562702,23.7525185483871,23.9771140495868,860.47435483871,6.59780991735537,Drakensberg,0.0274133848333333,11.521695,0.346357276678525,3.08151244,115.890717523106,0.0958908448333333,,,,,,,107.691666666667,9.8,1388.60546048489,45.0783755975347,1.25520195001147,1.21380036508634,1.18494500564339,0.0429724941953184,1,38.5,14,539,-0.00266431425537913,0.0102009330610393,0.0409882838295648,-0.115226848152577,0.0302828982367297,SouthAfrica,14.721875,76.8803894927536,0.820878623188406,0.416712672611144,0.827586206896552,0.0328375028172188,5,1.44,28.895665789023,-28.7187380203977,33,4.89471953286303,1.48123888312004,23.864816298987,flux94,28.7187380203977,0.675110551981751,1292.3,Drakensberg,-0.107829739007511,-0.593831121527166,,,,,9.76828772359745,6.47428116497028,-3.25994864610082,104.863825757576,1258.36590909091,10.0775,14.8610743988801,0.424447209192334,145.569561817102,3.80383408397587,14.8077275190909,0.342320759920099,998.918181818182,22.7288092180171,23.1334212527404,23.5380332874637,2390.90909090909,,,,,0.134799883747589,-0.317301907445216,,,,,,,4.61703475311214,872.140871774091,38.0706261252849,0.0541345169043127,0.778464550881656,20.4090909090909,1.79864867881063,-4.87356819073442,-3.16980435934326,1.66970591886481,-0.139199398880105,-0.00773453658119061,-29.678844293996,-0.722321643975873,-3.28603251909091,0.00403651675842581,-459.918181818182,1.02370933037004,0.731395046246593,0.439080762123144,33.9340909090909,-0.2775,9.09090909090901,,,,,-0.2426296227551,-0.27652921408195,-15.4090909090909,-0.584848313724291,,,,,,,1.98077516424323,-11.6665169353806,7.00774947224984,-0.0212970140870938,0.0491216560148955
South Africa,South_Africa_2023,2400,c,2400west,SA_2400west3,-1.24666513823674,4.09470574483733,22.8820644628099,23.2089398373984,798.116611570248,4.58374878048781,Drakensberg,0.0370531036666667,11.30671,0.30845812339067,3.9698964852381,126.670299070765,0.18571239802381,,,,,,,107.675,9.8,1388.60546048489,47.3085723661806,2.45205968583553,1.90963171444195,1.75951174249621,0.0990983801481728,1,42,13.2,554.4,-0.00237086949753108,0.0104695232846948,0.0443548042611901,-0.115226847740973,0.0325380321596111,SouthAfrica,14.721875,76.8803894927536,0.820878623188406,0.416712672611144,0.642857142857143,0.0701231518792938,28,1.44,28.8956515397877,-28.718703025952,33,5.34137088307407,1.30445780867369,23.0455021501042,flux95,28.718703025952,0.766602026796675,1292.1,Drakensberg,0.22156476289094,-0.332988831880334,,,,,9.76828772359745,6.47428116497028,-3.25994864610082,104.863825757576,1258.36590909091,10.0775,14.8610743988801,0.424447209192334,145.569561817102,3.80383408397587,14.8077275190909,0.342320759920099,998.918181818182,22.7288092180171,23.1334212527404,23.5380332874637,2390.90909090909,,,,,0.134799883747589,-0.317301907445216,,,,,,,4.61703475311214,872.140871774091,38.0706261252849,0.0541345169043127,0.778464550881656,20.4090909090909,1.79864867881063,-4.42691684052338,-2.37957542013295,2.01328350786408,-0.139199398880105,-0.00773453658119061,-18.899262746337,0.166062401262227,-3.50101751909091,-0.0338626365294292,-444.518181818182,0.153255244792838,-0.0879191026362101,-0.329093450065255,33.7340909090908,-0.2775,9.09090909090901,,,,,0.0867648791433507,-0.0156869244351179,7.59090909090909,0.110983035631319,,,,,,,-0.0332859726243253,-74.0242602038427,9.23794624089568,0.0159886349749811,-0.135607408024513
South Africa,South_Africa_2023,2400,c,2400west,SA_2400west4,3.34213036123338,1.84358221007423,23.8028867768595,23.9378834710744,775.979504132232,6.88281074380165,Drakensberg,0.0376518388988095,8.53516141,0.258647145424274,4.80675696755952,138.263782030382,0.238931432202381,,,,,,,107.65,9.8,1388.60546048489,49.5387691348264,2.2716764250553,1.92712328132245,1.85941253450945,0.112160837286723,1,31.5,9.6,302.4,-0.00304879197889519,0.0111141129648398,0.0446222804862237,-0.115226847329462,0.0336453876759373,SouthAfrica,14.6896286231884,77.077490942029,0.913106884057971,0.412518653913958,0.46031746031746,0.143851312641122,18,1.44,28.8956372905523,-28.7186680315062,33,0,0,23.870385123967,flux96,28.7186680315062,,1291.8,Drakensberg,0.71481688277196,-0.148172051365961,,,,,9.76828772359745,6.47428116497028,-3.25994864610082,104.863825757576,1258.36590909091,10.0775,14.8610743988801,0.424447209192334,145.569561817102,3.80383408397587,14.8077275190909,0.342320759920099,998.918181818182,22.7288092180171,23.1334212527404,23.5380332874637,2390.90909090909,,,,,0.134799883747589,-0.317301907445216,,,,,,,4.61703475311214,872.140871774091,38.0706261252849,0.0541345169043127,0.778464550881656,20.4090909090909,1.79864867881063,-9.76828772359745,-4.63069895489605,6.6020790073342,-0.171445775691698,-0.0119285552783761,-7.30577978672002,1.00292288358365,-6.27256610909091,-0.0836736144958252,-696.518181818182,1.07407755884244,0.736963871226589,0.399850183610745,33.4340909090909,-0.2775,9.09090909090901,,,,,0.580016999024371,0.169129856079255,-2.40909090909091,0.128474602511819,,,,,,,2.26577599068951,-96.1613676418587,11.4681430095415,0.0897167957368089,-0.318147090564196
South Africa,South_Africa_2023,2600,c,2600east,SA_2600east1,-4.21630316897487,3.941738694584,22.826375,23.8740590163934,933.639274193548,2.29647540983607,Drakensberg,0.0314689461626984,15.331085,0.312636910849661,3.75069035932694,131.6900076112,0.123200336343254,,,,,,,112.116666666667,9.37,1350.52028458741,29.6253351408333,2.24887386299945,1.91442657466284,1.78850802806714,0.101473387199901,1,43.5,15.6,678.6,-0.00451521546854908,0.0107552597267181,0.0344380145754785,-0.115226929234398,0.0285182298767064,SouthAfrica,13.9772192028986,78.6432065217391,0.628913043478261,0.368136561004937,0.768292682926829,0.0528902938619141,18,1.44,28.8926219847053,-28.7283769994974,28,8.15804186355887,2.06965567625478,23.3502170081967,flux97,28.7283769994974,0.483172158283637,1345.4,Drakensberg,0.112296068314221,-0.261382453010094,,,,,9.76828772359745,6.47428116497028,-3.25994864610082,104.863825757576,1258.36590909091,10.0775,14.8610743988801,0.424447209192334,145.569561817102,3.80383408397587,14.8077275190909,0.342320759920099,998.918181818182,22.7288092180171,23.1334212527404,23.5380332874637,2390.90909090909,,,,,0.134799883747589,-0.317301907445216,,,,,,,4.61703475311214,872.140871774091,38.0706261252849,0.0541345169043127,0.778464550881656,20.4090909090909,1.79864867881063,-1.61024586003858,-2.53254247038628,-0.956354522874048,-0.883855195981555,-0.0563106481873968,-13.879554205902,-0.0531437246489332,0.523357480909091,-0.0296838490704382,-320.318181818182,0.0975657819829365,0.216795755456342,0.336025728929744,87.034090909091,-0.707500000000001,209.090909090909,,,,,-0.0225038154333675,0.0559194544351223,-2.40909090909091,0.115777895852209,,,,,,,-2.32055934327607,61.4984024194573,-8.44529098445155,-0.00124422304239855,-0.0101718679548269
South Africa,South_Africa_2023,2600,c,2600east,SA_2600east2,-1.29489787760445,10.4167981762791,23.5031357723577,24.4778918032787,898.941300813008,2.24238032786885,Drakensberg,0.0294248741686508,23.117955,0.354860505047603,3.24933367289259,121.526846739886,0.107095954863095,,,,,,,112.108333333333,9.37,1350.52028458741,29.8292922685069,2.77113629402217,2.17898056020938,1.9933001704034,0.124884205384636,1,64,15.8,1011.2,-0.00261717074429955,0.0104595887678488,0.0431785027420769,-0.115226929081178,0.0329015465266824,SouthAfrica,13.9772192028986,78.6432065217391,0.628913043478261,0.368136561004937,0.67741935483871,0.0475302425326127,26,1.44,28.8926459988579,-28.7283502402715,28,11.7116960538836,1.12430862686321,23.9905137878182,flux98,28.7283502402715,0.889435494940541,1345.3,Drakensberg,-0.491348705379159,-0.252947462442824,,,,,9.76828772359745,6.47428116497028,-3.25994864610082,104.863825757576,1258.36590909091,10.0775,14.8610743988801,0.424447209192334,145.569561817102,3.80383408397587,14.8077275190909,0.342320759920099,998.918181818182,22.7288092180171,23.1334212527404,23.5380332874637,2390.90909090909,,,,,0.134799883747589,-0.317301907445216,,,,,,,4.61703475311214,872.140871774091,38.0706261252849,0.0541345169043127,0.778464550881656,20.4090909090909,1.79864867881063,1.9434083302861,3.94251701130882,1.96505076849637,-0.883855195981555,-0.0563106481873968,-24.042715077216,-0.554500411083283,8.31022748090909,0.0125397451275038,12.2818181818182,0.77432655434064,0.857092535077843,0.939858515815043,86.9340909090909,-0.707500000000001,209.090909090909,,,,,-0.626148589126748,0.0643544450023916,5.59090909090909,0.380331881398749,,,,,,,-2.37465442524329,26.8004290389173,-8.24133385677794,-0.00660427437169994,-0.101045196042947
South Africa,South_Africa_2023,2600,c,2600east,SA_2600east3,-3.724724759058,11.2336963241994,24.1938680327869,23.026932231405,1029.89991803279,6.03354132231405,Drakensberg,0.0345687542876984,17.82427,0.337495176315014,3.93420780880691,141.1466132527,0.137423966537698,,,,,,,112.1,9.37,1350.52028458741,30.0332493961806,3.06369134311609,2.53497048687448,2.33809735260377,0.134821067641781,1,33,12.8,422.4,-0.00241900883273694,0.010664470650812,0.0456059052026912,-0.11522692892866,0.0345926129534449,SouthAfrica,13.9772192028986,78.6432065217391,0.628913043478261,0.368136561004937,0.6875,0.0946380449402288,24,1.44,28.8926700130105,-28.7283234810457,28,14.9584210832574,1.33156715755564,23.610400132096,flux99,28.7283234810457,0.750994791607585,1345.2,Drakensberg,0.00641623187639273,-0.204316069959537,,,,,9.76828772359745,6.47428116497028,-3.25994864610082,104.863825757576,1258.36590909091,10.0775,14.8610743988801,0.424447209192334,145.569561817102,3.80383408397587,14.8077275190909,0.342320759920099,998.918181818182,22.7288092180171,23.1334212527404,23.5380332874637,2390.90909090909,,,,,0.134799883747589,-0.317301907445216,,,,,,,4.61703475311214,872.140871774091,38.0706261252849,0.0541345169043127,0.778464550881656,20.4090909090909,1.79864867881063,5.19013335965995,4.75941515922912,-0.464776112957179,-0.883855195981555,-0.0563106481873968,-4.42294856440202,0.130373724831037,3.01654248090909,-0.00482558360508517,-576.518181818182,1.46505881476984,0.476978879355588,-0.511101056058656,86.834090909091,-0.707500000000001,209.090909090909,,,,,-0.128383651871196,0.112985837485679,3.59090909090909,0.736321808063849,,,,,,,1.41650656920191,157.759046258699,-8.03737672910433,0.0405035280359161,-0.0909645508816562
South Africa,South_Africa_2023,2600,c,2600east,SA_2600east4,-1.31214821033488,12.982877116217,23.6186783333333,23.841725,753.80775,2.3694814516129,Drakensberg,0.0352921786839578,15.823285,0.301907457322157,4.81084623100796,149.723992451239,0.243185377889252,,,,,,,112.091666666667,9.37,1350.52028458741,30.2372065238542,3.70123792904655,2.14887244867119,1.87121983085095,0.115797139629871,1,70.5,17.6,1240.8,-0.00302880175913551,0.0110817759242919,0.0448124472828454,-0.115226928774862,0.0347742600995197,SouthAfrica,13.9772192028986,78.6432065217391,0.628913043478261,0.368136561004937,0.464788732394366,0.114532823027759,41,1.44,28.8926940271631,-28.7282967218198,28,14.2950253265519,1.10106759839049,23.7302016666667,flux100,28.7282967218198,0.908209451864512,1345.1,Drakensberg,0.371307493166944,-0.0434546497967901,,,,,9.76828772359745,6.47428116497028,-3.25994864610082,104.863825757576,1258.36590909091,10.0775,14.8610743988801,0.424447209192334,145.569561817102,3.80383408397587,14.8077275190909,0.342320759920099,998.918181818182,22.7288092180171,23.1334212527404,23.5380332874637,2390.90909090909,,,,,0.134799883747589,-0.317301907445216,,,,,,,4.61703475311214,872.140871774091,38.0706261252849,0.0541345169043127,0.778464550881656,20.4090909090909,1.79864867881063,4.52673760295443,6.50859595124672,1.94780043576594,-0.883855195981555,-0.0563106481873968,4.15443063413699,1.00701214703209,1.01555748090909,-0.0404133025979422,241.881818181818,0.889869115316238,0.596780413926293,0.303691712536345,86.7340909090908,-0.707500000000001,209.090909090909,,,,,0.236507609419355,0.273847257648426,20.5909090909091,0.350223769860559,,,,,,,-2.24755330149924,-118.333121774091,-7.83341960143071,0.0603983061234464,-0.31367581848729
South Africa,South_Africa_2023,2600,c,2600east,SA_2600east5,-2.47159032285047,19.9251865948116,20.5643388059702,22.857625,535.882089552239,2.20359274193548,Drakensberg,0.0372556776289683,16.905335,0.309062188308675,4.56152492021305,155.015618316869,0.153017293886905,,,,,,,112.083333333333,9.38,1351.40397368675,30.4411636515278,2.69681790752966,2.20518801409705,2.01968943894512,0.111291274606801,1,39,12.6,491.4,-0.00519505050295905,0.0119225352368477,0.037927720865274,-0.115226928621768,0.0321784988031198,SouthAfrica,13.9772192028986,78.6432065217391,0.628913043478261,0.368136561004937,0.479452054794521,0.107834002417718,31,1.44,28.8927180413157,-28.7282699625939,28,22.3967769176621,1.12404352205635,21.7109819029851,flux101,28.7282699625939,0.889645267623246,1345,Drakensberg,0.344951252461664,-0.0344768678745365,,,,,9.76828772359745,6.47428116497028,-3.25994864610082,104.863825757576,1258.36590909091,10.0775,14.8610743988801,0.424447209192334,145.569561817102,3.80383408397587,14.8077275190909,0.342320759920099,998.918181818182,22.7288092180171,23.1334212527404,23.5380332874637,2390.90909090909,,,,,0.134799883747589,-0.317301907445216,,,,,,,4.61703475311214,872.140871774091,38.0706261252849,0.0541345169043127,0.778464550881656,20.4090909090909,1.79864867881063,12.6284891940646,13.4509054298413,0.788358323250352,-0.883855195981555,-0.0563106481873968,9.44605649976697,0.757690836237177,2.09760748090909,-0.0332585716114242,-507.518181818182,-2.16447041204686,-1.42243934975526,-0.680408287463656,86.6340909090909,-0.6975,209.090909090909,,,,,0.210151368714075,0.28282503957068,10.5909090909091,0.406539335286419,,,,,,,-2.41344201117666,-336.258782221852,-7.62946247375711,0.0536994855134051,-0.299012496087136
South Africa,South_Africa_2023,2600,c,2600west,SA_2600west1,-2.42573330276142,0.835495742128498,14.264343902439,14.5501458646617,822.426422764228,6.47120526315789,Drakensberg,0.0239072938519025,12.244275,0.34143114241672,2.78814663457735,132.049349195321,0.0969599238230804,,,,,,,112.075,9.38,1351.40397368675,32.42053269875,2.10108178000108,1.65058299820382,1.57013748362698,0.0824711810680742,1,71,11.8,837.8,-0.00401739826830465,0.0108604548715662,0.0379282021450287,-0.115226927749224,0.0306839028396425,SouthAfrica,13.9772192028986,78.6432065217391,0.628913043478261,0.368136561004937,0.827338129496403,0.0597441381201246,25,1.44,28.8924990221858,-28.7282849662006,28,3.26122904488992,3.90334609794857,14.4072448835504,flux102,28.7282849662006,0.256190451706436,1344.9,Drakensberg,0.0581698677085991,-0.553829334972754,,,,,9.76828772359745,6.47428116497028,-3.25994864610082,104.863825757576,1258.36590909091,10.0775,14.8610743988801,0.424447209192334,145.569561817102,3.80383408397587,14.8077275190909,0.342320759920099,998.918181818182,22.7288092180171,23.1334212527404,23.5380332874637,2390.90909090909,,,,,0.134799883747589,-0.317301907445216,,,,,,,4.61703475311214,872.140871774091,38.0706261252849,0.0541345169043127,0.778464550881656,20.4090909090909,1.79864867881063,-6.50705867870753,-5.63878542284179,0.834215343339401,-0.883855195981555,-0.0563106481873968,-13.520212621781,-1.01568744939852,-2.56345251909091,-0.000889617503379181,-161.118181818182,-8.46446531557806,-8.72617636919001,-8.98788742280196,86.534090909091,-0.6975,209.090909090909,,,,,-0.0766300160389899,-0.236527427527538,4.59090909090909,-0.148065680606811,,,,,,,1.85417051004575,-49.7144490098626,-5.65009342653488,0.0056096212158119,0.0488735786147466
South Africa,South_Africa_2023,2600,c,2600west,SA_2600west2,-2.13354382276436,1.07472570739189,15.3475338842975,16.1663115702479,826.137768595041,5.35444958677686,Drakensberg,0.0281198251363636,14.07247,0.343043419264298,3.00798055977273,116.324097217141,0.108921119530303,,,,,,,112.066666666667,9.38,1351.40397368675,32.2107274706771,2.32860194199568,1.81928579340249,1.75425756432094,0.101596313968803,1,76,14.8,1124.8,-0.00229351321415568,0.0103464249089649,0.0444021376370121,-0.115226927370225,0.0335692743696037,SouthAfrica,13.9772192028986,78.6432065217391,0.628913043478261,0.368136561004937,0.874172185430464,0.0385609287319071,18,1.44,28.8924827612937,-28.7282544770278,28,3.20826953015625,2.9851984632823,15.7569227272727,flux103,28.7282544770278,0.334986103034663,1344.8,Drakensberg,-0.17896682620021,-0.516160972168835,,,,,9.76828772359745,6.47428116497028,-3.25994864610082,104.863825757576,1258.36590909091,10.0775,14.8610743988801,0.424447209192334,145.569561817102,3.80383408397587,14.8077275190909,0.342320759920099,998.918181818182,22.7288092180171,23.1334212527404,23.5380332874637,2390.90909090909,,,,,0.134799883747589,-0.317301907445216,,,,,,,4.61703475311214,872.140871774091,38.0706261252849,0.0541345169043127,0.778464550881656,20.4090909090909,1.79864867881063,-6.5600181934412,-5.39955545757839,1.12640482333646,-0.883855195981555,-0.0563106481873968,-29.245464599961,-0.795853524203143,-0.73525751909091,0.000722659344198795,125.881818181818,-7.38127533371956,-7.37649852546766,-7.37172171721576,86.4340909090909,-0.6975,209.090909090909,,,,,-0.313766709947799,-0.198859064723619,-2.40909090909091,0.0206371145918591,,,,,,,0.737414833664724,-46.0031031790496,-5.8598986546078,-0.0155735881724055,0.0957076345488074
South Africa,South_Africa_2023,2600,c,2600west,SA_2600west3,-3.63277939757025,2.60083965300261,16.6862788617886,16.0746991735537,716.266585365854,4.94293305785124,Drakensberg,0.0212147255909091,10.99165,0.337148134179183,2.62726933037879,130.429875103481,0.105206858635281,,,,,,,112.05,9.38,1351.40397368675,32.0009222426042,2.15763143698206,1.51906785398724,1.42632965783307,0.0757720170135854,1,68.5,10,685,-0.00222679888739888,0.0105668887656546,0.0462022287144979,-0.115226926990436,0.0349502973239641,SouthAfrica,13.9772192028986,78.6432065217391,0.628913043478261,0.368136561004937,0.822222222222222,0.0781301792507086,19,1.44,28.8924665004015,-28.728223987855,28,6.23361905057286,2.39677176690854,16.3804890176712,flux104,28.728223987855,0.417227878685271,1344.6,Drakensberg,0.103206155388097,-0.607937427505045,,,,,9.76828772359745,6.47428116497028,-3.25994864610082,104.863825757576,1258.36590909091,10.0775,14.8610743988801,0.424447209192334,145.569561817102,3.80383408397587,14.8077275190909,0.342320759920099,998.918181818182,22.7288092180171,23.1334212527404,23.5380332874637,2390.90909090909,,,,,0.134799883747589,-0.317301907445216,,,,,,,4.61703475311214,872.140871774091,38.0706261252849,0.0541345169043127,0.778464550881656,20.4090909090909,1.79864867881063,-3.53466867302459,-3.87344151196767,-0.372830751469428,-0.883855195981555,-0.0563106481873968,-15.139686713621,-1.17656475359708,-3.81607751909091,-0.0051726257409162,-313.918181818182,-6.04253035622846,-6.75293223506921,-7.46333411390996,86.2340909090908,-0.6975,209.090909090909,,,,,-0.0315937283594922,-0.290635520059829,-1.40909090909091,-0.279580824823391,,,,,,,0.325898304739105,-155.874286408237,-6.06970388268071,0.0239956623463959,0.043757671340566
South Africa,South_Africa_2023,2600,c,2600west,SA_2600west4,-4.9410822161161,5.26361288772992,17.2961106557377,18.1681146341463,642.999262295082,4.0526,Drakensberg,0.0263522662883345,12.89438,0.330404057017596,2.67022964795455,99.3081841331892,0.0965199050935008,,,,,,,112.033333333333,9.38,1351.40397368675,31.7911170145313,2.39757219333108,1.77265577153801,1.71818945315823,0.109846824220283,1,88.5,14.4,1274.4,-0.00295656820860791,0.0111322236905435,0.0456677017417421,-0.115226926610322,0.0354996618683219,SouthAfrica,13.9772192028986,78.6432065217391,0.628913043478261,0.368136561004937,0.854748603351955,0.0796527149444446,23,1.44,28.8924502395093,-28.7281934986822,28,10.204695103846,1.9387244695814,17.732112644942,flux105,28.7281934986822,0.515803052826746,1344.4,Drakensberg,-0.266522004086758,-0.604043720414046,,,,,9.76828772359745,6.47428116497028,-3.25994864610082,104.863825757576,1258.36590909091,10.0775,14.8610743988801,0.424447209192334,145.569561817102,3.80383408397587,14.8077275190909,0.342320759920099,998.918181818182,22.7288092180171,23.1334212527404,23.5380332874637,2390.90909090909,,,,,0.134799883747589,-0.317301907445216,,,,,,,4.61703475311214,872.140871774091,38.0706261252849,0.0541345169043127,0.778464550881656,20.4090909090909,1.79864867881063,0.436407380248573,-1.21066827724036,-1.68113357001528,-0.883855195981555,-0.0563106481873968,-46.2613776839128,-1.13360443602132,-1.91334751909091,-0.0119167029025032,275.481818181818,-5.43269856227936,-5.40130860779836,-5.36991865331736,86.034090909091,-0.6975,209.090909090909,,,,,-0.401321887834347,-0.28674181296883,2.59090909090909,-0.0259929072726208,,,,,,,-0.564434753112136,-229.141609479009,-6.27950911075363,0.0255181980401319,0.0762840524702991
South Africa,South_Africa_2023,2600,c,2600west,SA_2600west5,-1.86367369998721,5.74906563866356,18.8769569105691,19.260079338843,782.267723577236,3.77598181818182,Drakensberg,0.0317080419166667,9.895895,0.268112990187298,3.70556068333333,122.358378941346,0.123295505833333,,,,,,,112.025,9.38,1351.40397368675,31.5813117864583,1.76000775247243,1.19365958447758,1.14060692872467,0.0245981853711109,1,98,13.6,1332.8,-0.00531319035665943,0.0123024060425151,0.039715250339436,-0.115226926230352,0.0338427677954162,SouthAfrica,13.9772192028986,78.6432065217391,0.628913043478261,0.368136561004937,0.91304347826087,0.031250643107411,15,1.44,28.8924339786172,-28.7281630095094,28,7.61273933865077,1.32416984204418,19.0685181247061,flux106,28.7281630095094,0.755190133658574,1344.3,Drakensberg,0.420778884115066,-0.316852076355839,,,,,9.76828772359745,6.47428116497028,-3.25994864610082,104.863825757576,1258.36590909091,10.0775,14.8610743988801,0.424447209192334,145.569561817102,3.80383408397587,14.8077275190909,0.342320759920099,998.918181818182,22.7288092180171,23.1334212527404,23.5380332874637,2390.90909090909,,,,,0.134799883747589,-0.317301907445216,,,,,,,4.61703475311214,872.140871774091,38.0706261252849,0.0541345169043127,0.778464550881656,20.4090909090909,1.79864867881063,-2.15554838494668,-0.725215526306723,1.39627494611361,-0.883855195981555,-0.0563106481873968,-23.211182875756,-0.098273400642543,-4.91183251909091,-0.0742077697328012,333.881818181818,-3.85185230744796,-4.06490312803431,-4.27795394862066,85.9340909090909,-0.6975,209.090909090909,,,,,0.285979000367477,0.000449831089376629,-5.40909090909091,-0.604989094333051,,,,,,,-0.841052934930316,-89.8731481968547,-6.48931433882655,-0.0228838737969017,0.134578927379213
South Africa,South_Africa_2023,2800,c,2800east,SA_2800east1,0.648480356133226,8.15371862980433,22.9519438016529,21.757568852459,835.814876033058,4.08487786885246,Drakensberg,0.023490393625,23.24334,0.384761823797643,3.2062580109596,157.356659012974,0.0610585240757576,,,,,,,121.441666666667,7.76,1210.0254568076,27.3517110461111,2.81103294320994,1.36656776647325,1.28302155256367,0.0482951275071394,1,94.5,24,2268,-0.00490636667359532,0.0106721864643847,0.0319399495776089,-0.115227031727023,0.0275529079043536,SouthAfrica,12.9770833333333,81.5251358695652,0.509682971014493,0.300369533639071,0.984126984126984,0.0208732160223037,8,1.44,28.8943739701062,-28.7378170341253,26,7.5052382736711,0.920468146427958,22.354756327056,flux107,28.7378170341253,1.08640369998753,1457.3,Drakensberg,-0.255820432692182,-0.255741924574069,,,,,9.76828772359745,6.47428116497028,-3.25994864610082,104.863825757576,1258.36590909091,10.0775,14.8610743988801,0.424447209192334,145.569561817102,3.80383408397587,14.8077275190909,0.342320759920099,998.918181818182,22.7288092180171,23.1334212527404,23.5380332874637,2390.90909090909,,,,,0.134799883747589,-0.317301907445216,,,,,,,4.61703475311214,872.140871774091,38.0706261252849,0.0541345169043127,0.778464550881656,20.4090909090909,1.79864867881063,-2.26304944992634,1.67943746483405,3.90842900223405,-1.88399106554677,-0.124077675553264,11.787097195872,-0.597576073016273,8.43561248090909,0.0424410638775438,1269.08181818182,0.223134583635837,-0.77866492568441,-1.78046443500466,198.934090909091,-2.3175,409.090909090909,,,,,-0.390620316439771,0.0615599828711471,-12.4090909090909,-0.432080912337381,,,,,,,-0.532156884259676,-36.3259957410327,-10.7189150791738,-0.033261300882009,0.205662433245328
South Africa,South_Africa_2023,2800,c,2800east,SA_2800east3,0.302340132401051,9.66750310476634,22.9223661157025,23.7094165289256,913.521983471074,4.6716305785124,Drakensberg,0.0324423402471264,27.33222,0.426294454600931,2.51145845163097,106.277469147168,0.0842318698410833,,,,,,,121.408333333333,7.76,1210.0254568076,28.5421994179167,3.23741896650513,1.77627332896398,1.67046784913576,0.107051737754559,1,99.5,29.4,2925.3,-0.0018020231358631,0.0105789818240664,0.0488756387936983,-0.115227031110648,0.0371224799008442,SouthAfrica,12.9770833333333,81.5251358695652,0.509682971014493,0.300369533639071,0.94,0.0630210651238689,13,1.44,28.8943769875914,-28.7377540022135,26,9.36516297236529,0.968726140646183,23.3158913223141,flux108,28.7377540022135,1.0322834886369,1456.9,Drakensberg,-1.18129521284379,-0.446318975242255,,,,,9.76828772359745,6.47428116497028,-3.25994864610082,104.863825757576,1258.36590909091,10.0775,14.8610743988801,0.424447209192334,145.569561817102,3.80383408397587,14.8077275190909,0.342320759920099,998.918181818182,22.7288092180171,23.1334212527404,23.5380332874637,2390.90909090909,,,,,0.134799883747589,-0.317301907445216,,,,,,,4.61703475311214,872.140871774091,38.0706261252849,0.0541345169043127,0.778464550881656,20.4090909090909,1.79864867881063,-0.403124751232159,3.19322193979606,3.56228877850187,-1.88399106554677,-0.124077675553264,-39.292092669934,-1.2923756323449,12.5244924809091,0.0839736946808318,1926.38181818182,0.193556897685436,0.182470069573693,0.171383241461946,198.534090909091,-2.3175,409.090909090909,,,,,-1.31609509659137,-0.129017067797039,-7.40909090909091,-0.0223753498466508,,,,,,,0.0545958254002645,41.3811116969833,-9.52842670736822,0.00888654821955618,0.161535449118344
South Africa,South_Africa_2023,2800,c,2800east,SA_2800east5,-0.816061611555373,6.69873254626874,19.5924181818182,22.009894214876,676.94132231405,5.51558429752066,Drakensberg,0.0318612753712121,19.858815,0.346202053759121,3.94456932537879,154.597984389744,0.142905726343434,,,,,,,121.358333333333,7.77,1210.88470172918,29.7326877897222,2.60259650784915,1.91334597132372,1.76008387495874,0.0960234475731497,1,64,19.2,1228.8,-0.00582119113032377,0.0126404451477617,0.0391931500541473,-0.115227030492882,0.0346704113192487,SouthAfrica,12.9770833333333,81.5251358695652,0.509682971014493,0.300369533639071,0.813953488372093,0.0430943813686696,17,1.44,28.8943800050765,-28.7376909703016,26,7.51479415782411,1.12182328610954,20.8011561983471,flux109,28.7376909703016,0.891405992710297,1456.3,Drakensberg,0.0391338008772016,-0.14194685224714,,,,,9.76828772359745,6.47428116497028,-3.25994864610082,104.863825757576,1258.36590909091,10.0775,14.8610743988801,0.424447209192334,145.569561817102,3.80383408397587,14.8077275190909,0.342320759920099,998.918181818182,22.7288092180171,23.1334212527404,23.5380332874637,2390.90909090909,,,,,0.134799883747589,-0.317301907445216,,,,,,,4.61703475311214,872.140871774091,38.0706261252849,0.0541345169043127,0.778464550881656,20.4090909090909,1.79864867881063,-2.25349356577333,0.224451381298457,2.44388703454545,-1.88399106554677,-0.124077675553264,9.02842257264197,0.140735241402917,5.05108748090909,0.0038812938390218,229.881818181818,-3.13639103619886,-2.33226505439326,-1.52813907258766,197.934090909091,-2.3075,409.090909090909,,,,,-0.0956660828703874,0.175355055198076,-3.40909090909091,0.114697292513089,,,,,,,0.898549544408525,-195.199549460041,-8.33793833556266,-0.0110401355356431,0.0354889374904368
South Africa,South_Africa_2023,2800,c,2800west,SA_2800west1,-2.01423644088801,11.096734496585,20.9346520661157,22.937815625,970.931570247934,6.22507109375,Drakensberg,0.0336616260249042,25.337995,0.387295698789141,2.9389900107136,88.6994007398777,0.12121369586175,,,,,,,121.825,7.64,1199.73008795982,34.1106325043056,3.01287205611784,1.82346798417202,1.54712764132573,0.0980361843606699,1,90,15.6,1404,-0.0047207763045176,0.0104767133904734,0.0313749695844056,-0.115227022570197,0.026068821242303,SouthAfrica,12.683740942029,82.3673460144928,1.16651721014493,0.281682745286687,0.881578947368421,0.0486272144535794,17,1.44,28.8926250021905,-28.7377170380205,27,13.110970937473,1.18151614256499,21.9362338455579,flux110,28.7377170380205,0.84637015439253,1461.9,Drakensberg,-1.09448789451749,-0.39601885807655,,,,,9.76828772359745,6.47428116497028,-3.25994864610082,104.863825757576,1258.36590909091,10.0775,14.8610743988801,0.424447209192334,145.569561817102,3.80383408397587,14.8077275190909,0.342320759920099,998.918181818182,22.7288092180171,23.1334212527404,23.5380332874637,2390.90909090909,,,,,0.134799883747589,-0.317301907445216,,,,,,,4.61703475311214,872.140871774091,38.0706261252849,0.0541345169043127,0.778464550881656,20.4090909090909,1.79864867881063,3.34268321387556,4.62245333161472,1.24571220521281,-2.17733345685112,-0.142764463905647,-56.8701610772243,-0.864844073262273,10.5302674809091,0.0449749388690418,405.081818181818,-1.79415715190136,-1.19718740718251,-0.600217662463656,203.534090909091,-2.4375,409.090909090909,,,,,-1.22928777826508,-0.0787169506313342,-3.40909090909091,0.0248193053613892,,,,,,,1.60803634063786,98.7906984738434,-3.95999362097933,-0.00550730245073325,0.103114396486765
South Africa,South_Africa_2023,2800,c,2800west,SA_2800west2,-2.15086111815585,5.59994635289941,21.9660272727273,21.4096057377049,500.058512396694,1.47292950819672,Drakensberg,0.0284530587023809,25.3947,0.393159620675794,2.37454091761905,102.529596902311,0.0865958103174603,,,,,,,121.841666666667,7.64,1199.73008795982,32.2263255249653,3.06814580226113,1.92572429244868,1.60892516533058,0.106920440952966,1,58.5,21.8,1275.3,-0.00209275842400751,0.00998535539030045,0.0429212165932874,-0.115227022571225,0.0316160341500767,SouthAfrica,12.683740942029,82.3673460144928,1.16651721014493,0.281682745286687,0.904347826086956,0.0402064261313714,19,1.44,28.8925987458788,-28.7377292755991,27,7.75080747105526,1.38408602201023,21.6878165052161,flux111,28.7377292755991,0.722498445976363,1462.1,Drakensberg,-0.990499904657585,-0.445971714361371,,,,,9.76828772359745,6.47428116497028,-3.25994864610082,104.863825757576,1258.36590909091,10.0775,14.8610743988801,0.424447209192334,145.569561817102,3.80383408397587,14.8077275190909,0.342320759920099,998.918181818182,22.7288092180171,23.1334212527404,23.5380332874637,2390.90909090909,,,,,0.134799883747589,-0.317301907445216,,,,,,,4.61703475311214,872.140871774091,38.0706261252849,0.0541345169043127,0.778464550881656,20.4090909090909,1.79864867881063,-2.01748025254219,-0.874334812070873,1.10908752794497,-2.17733345685112,-0.142764463905647,-43.039964914791,-1.42929316635682,10.5869724809091,0.0508388607556948,276.381818181818,-0.762781945289763,-1.44560474752426,-2.12842754975875,203.734090909091,-2.4375,409.090909090909,,,,,-1.12529978840517,-0.128669806916155,-1.40909090909091,0.127075613638049,,,,,,,-3.14410524491542,-372.082359377397,-5.84430060031961,-0.0139280907729413,0.1258832752053
South Africa,South_Africa_2023,2800,c,2800west,SA_2800west3,-1.52619049883455,5.59138901139297,20.5145776859504,19.5529293650794,986.26132231405,1.9329619047619,Drakensberg,0.0249312176666667,25.908545,0.396285521523665,2.05632071416667,120.212150597963,0.06811551875,,,,,,,121.858333333333,7.63,1198.87345435999,30.342018545625,2.97659289958732,1.89873329444332,1.69018351780281,0.118421902529181,1,115,16.5,1897.5,-0.0017714244284868,0.0103048112099761,0.0467796481512897,-0.115227022571846,0.034278950146737,SouthAfrica,12.683740942029,82.3673460144928,1.16651721014493,0.281682745286687,0.956521739130435,0.0323032965048406,11,1.44,28.8925724895671,-28.7377415131778,27,7.11757951022752,1.27295373219871,20.0337535255149,flux112,28.7377415131778,0.785574506524092,1462.3,Drakensberg,-0.841473773935465,-0.43283866850582,,,,,9.76828772359745,6.47428116497028,-3.25994864610082,104.863825757576,1258.36590909091,10.0775,14.8610743988801,0.424447209192334,145.569561817102,3.80383408397587,14.8077275190909,0.342320759920099,998.918181818182,22.7288092180171,23.1334212527404,23.5380332874637,2390.90909090909,,,,,0.134799883747589,-0.317301907445216,,,,,,,4.61703475311214,872.140871774091,38.0706261252849,0.0541345169043127,0.778464550881656,20.4090909090909,1.79864867881063,-2.65070821336993,-0.882892153577314,1.73375814726627,-2.17733345685112,-0.142764463905647,-25.357411219139,-1.7475133698092,11.1008174809091,0.0539647616035658,898.581818181818,-2.21423153206666,-3.09966772722546,-3.98510392238426,203.934090909091,-2.4475,409.090909090909,,,,,-0.976273657683054,-0.115536761060604,-9.40909090909091,0.100084615632689,,,,,,,-2.68407284835024,114.120450539959,-7.72860757965988,-0.0218312203994721,0.178057188248779
South Africa,South_Africa_2023,2800,c,2800west,SA_2800west4,1.63981117402656,3.50372947925252,20.9203141242938,20.5322768595041,829.434327683616,5.4270479338843,Drakensberg,0.0208944285151515,22.63152,0.387069575812506,2.58832042550505,170.785295644302,0.0629860743017677,,,,,,,121.875,7.63,1198.87345435999,28.4577115662847,2.59715228125698,2.07911077986385,1.96627200148994,0.127236880491882,1,64.5,27.6,1780.2,-0.00245231678414209,0.0109482333401131,0.0470278923736555,-0.115227022573143,0.0353943321765358,SouthAfrica,12.683740942029,82.3673460144928,1.16651721014493,0.281682745286687,0.937984496124031,0.0269943015314345,16,1.44,28.8925462332554,-28.7377537507564,27,1.86391830522596,0.531981226365571,20.726295491899,flux113,28.7377537507564,1.87976558276666,1462.5,Drakensberg,-0.119370779875884,-0.310146051576769,,,,,9.76828772359745,6.47428116497028,-3.25994864610082,104.863825757576,1258.36590909091,10.0775,14.8610743988801,0.424447209192334,145.569561817102,3.80383408397587,14.8077275190909,0.342320759920099,998.918181818182,22.7288092180171,23.1334212527404,23.5380332874637,2390.90909090909,,,,,0.134799883747589,-0.317301907445216,,,,,,,4.61703475311214,872.140871774091,38.0706261252849,0.0541345169043127,0.778464550881656,20.4090909090909,1.79864867881063,-7.90436941837149,-2.97055168571776,4.89975982012738,-2.17733345685112,-0.142764463905647,25.2157338272,-1.21551365847082,7.82379248090909,0.0447488158924068,781.281818181818,-1.80849509372326,-2.40712576084141,-3.00575642795955,204.134090909091,-2.4475,409.090909090909,,,,,-0.254170663623473,0.00715585586844653,-4.40909090909091,0.280462101053219,,,,,,,0.810013180772164,-42.7065440904747,-9.61291455900016,-0.0271402153728782,0.159519945242375
South Africa,South_Africa_2023,2800,c,2800west,SA_2800west5,-0.958965313401835,0.947106208593013,18.7487123966942,20.7833564516129,887.734380165289,5.55913790322581,Drakensberg,0.0281208013333333,26.96311,0.432794139435285,2.32824188643939,91.2794421217288,0.0749281689507576,,,,,,,121.891666666667,7.63,1198.87345435999,26.5734045869444,3.12971901467874,1.45199040087549,1.28092015892003,0.0537650588581533,1,97.5,34.8,3393,-0.00511014516006236,0.0121372964752391,0.0395585363690571,-0.115227022574031,0.0330055559053065,SouthAfrica,12.7831974637681,81.9908514492754,0.968242753623188,0.289307479334829,0.952380952380952,0.0426585827024165,11,1.44,28.8925199769437,-28.737765988335,27,1.90607152199485,2.01252140963835,19.7660344241536,flux114,28.737765988335,0.496889123867605,1462.7,Drakensberg,-1.36278008291658,-0.555561966438911,,,,,9.76828772359745,6.47428116497028,-3.25994864610082,104.863825757576,1258.36590909091,10.0775,14.8610743988801,0.424447209192334,145.569561817102,3.80383408397587,14.8077275190909,0.342320759920099,998.918181818182,22.7288092180171,23.1334212527404,23.5380332874637,2390.90909090909,,,,,0.134799883747589,-0.317301907445216,,,,,,,4.61703475311214,872.140871774091,38.0706261252849,0.0541345169043127,0.778464550881656,20.4090909090909,1.79864867881063,-7.8622162016026,-5.52717495637727,2.30098333269899,-2.07787693511199,-0.135139729857505,-54.2901196953732,-1.47559219753648,12.1553824809091,0.0904733795151858,2394.08181818182,-3.98009682132286,-3.36738682858681,-2.75467683585076,204.334090909091,-2.4475,409.090909090909,,,,,-1.49757996666417,-0.238260058993695,-9.40909090909091,-0.346658277935141,,,,,,,0.942103150113675,15.5935083911984,-11.4972215383404,-0.0114759342018961,0.173916401499296
Svalbard,Svalbard_2018,34.4487037658691,c,C2,SV_C2C,-2.44126793386136,6.05159375154365,12.2,13.2666666666667,369.4,0,Svalbard,0.00553229845238095,1.760645,0.280274457510074,0.828462134325397,163.621675910381,0.0247897959722222,2.47488724779046,20.1815722920105,312.078096604107,13.3120460138238,0.185913363371823,44.0723672688548,32.175,-6.69,324.065005206743,,1.67005921140131,1.64184547668475,1.61747791195942,0.0854712481393221,1,17.1,1,17.1,-0.0754876370322357,0.0438940836679703,-0.150461083407192,0.0790504239714605,-0.0116935164283758,Svalbard,5.40643115942029,72.0896286231884,0.920715579710145,0.251628712546153,0.064327485380117,0.621437560145088,7,0.5625,15.702689368,78.2131856212,25,8.49286168540501,1.40340909090909,12.7333333333333,flux115,78.2131856212,0.712550607287449,386.1,Svalbard,1.01965608697568,-0.842087799703001,1.730009938262,-0.0585849926883862,1.49504373120625,-0.532577099420704,2.91549380306669,1.92615565359054,-0.989338149476148,34.2525641025641,411.030769230769,-6.92346153846154,4.65731953734671,0.206514668634035,175.142376176856,0.844052972982807,3.3132075,0.2641598475389,53.8576923076923,11.0871794871795,11.074358974359,11.0615384615385,160.157926119291,1.54414177863457,0.333017577702362,1.162144933629,0.00904654070118983,1.16934031395477,-0.718467756550433,2.5036967145017,0.174514490696841,19.825413640691,338.634478761124,14.4246572333123,44.8727375777267,0,563.89641025641,,0.541445461114843,0.232160273481995,5.19230769230769,1.31949542997548,5.57736788233832,4.12543809795311,-1.45192978438521,0.749111622073579,0.0451140439121183,-11.5207002664755,-0.0155908386574098,-1.5525625,0.0161146099711745,-36.7576923076923,1.11282051282051,1.65897435897437,2.20512820512823,-24.9307692307692,0.233461538461539,-125.709222353422,0.185868159627432,-0.391602570390748,0.332898797577259,-0.541623640121894,-0.14968422697909,-0.123620043152568,1.80769230769231,0.322350046709274,-0.028809466711238,0.0113988726749816,0.356158651319472,-26.5563821570175,-1.11261121948845,-0.800370308871891,0,-194.49641025641,,0.0799920990302454,-0.167832788101878
Svalbard,Svalbard_2018,34.9179306030273,c,C2,SV_C2E,-1.01289468540665,0.863535638575497,10.1666666666667,12.3333333333333,287.4,0,Svalbard,0.00376567768900589,2.7453,0.341613844206238,0.592924643244752,137.940926002031,0.0199174306483505,2.13049405694468,26.8500541829704,446.036275458162,13.3621797954296,0.159442103725726,44.9466476944029,32.175,-6.69,324.065005206743,,2.15709567581506,2.14073993896354,2.12555914756425,0.136411735513792,1,14.6,3,43.8,-0.0758864855558257,0.0442510753978348,-0.150538056637017,0.079050425467964,-0.0114386976849248,Svalbard,5.40643115942029,72.0896286231884,0.920715579710145,0.251628712546153,0.142857142857143,0.612567811934901,6,0.5625,15.7025572081667,78.2132646286667,25,1.87643032398215,2.17296222664016,11.25,flux116,78.2132646286667,0.460201280878316,386.1,Svalbard,0.401380098104776,-1.09788520342849,0.713661933013192,-0.156257822814416,0.640551937895748,-0.349410638291592,2.91549380306669,1.92615565359054,-0.989338149476148,34.2525641025641,411.030769230769,-6.92346153846154,4.65731953734671,0.206514668634035,175.142376176856,0.844052972982807,3.3132075,0.2641598475389,53.8576923076923,11.0871794871795,11.074358974359,11.0615384615385,160.157926119291,1.54414177863457,0.333017577702362,1.162144933629,0.00904654070118983,1.16934031395477,-0.718467756550433,2.5036967145017,0.174514490696841,19.825413640691,338.634478761124,14.4246572333123,44.8727375777267,0,563.89641025641,,0.541445461114843,0.232160273481995,5.19230769230769,1.31949542997548,-1.03906347908454,-1.06262001501504,-0.0235565359305016,0.749111622073579,0.0451140439121183,-37.2014501748255,-0.251128329738055,-0.5679075,0.0774539966673385,-10.0576923076923,-0.920512820512794,0.175641025641021,1.27179487179483,-24.9307692307692,0.233461538461539,-125.239995516264,-0.830479845621381,-0.489275400516778,-0.521592995733248,-0.358457178992782,-0.767960215849998,-0.379417446878052,0.807692307692308,0.821244508988064,-0.373202657557018,-0.0150723869711154,7.02464054227937,107.401796697038,-1.06247743788274,0.0739101166762097,0,-276.49641025641,,0.0711223508200576,-0.0893031306248523
Svalbard,Svalbard_2018,34.952938079834,c,C2,SV_C2B,-2.21659399589237,3.47094563697875,10.6666666666667,10.4,292.2,0,Svalbard,0.00481820763888889,2.847235,0.269264270350392,0.812844147738095,175.660708861284,0.021063051375,2.81593072815588,17.4174098002136,280.964252166199,14.4346754868751,0.195080986109892,43.8919230489605,32.175,-6.69,324.065005206743,,1.58755880590814,1.52170085076771,1.47057662564618,0.0849212488455975,1,15.2,2,30.4,-0.0725380140149166,0.0423364655620463,-0.143983482520402,0.0790504231648175,-0.0110753136919587,Svalbard,5.40643115942029,72.0896286231884,0.920715579710145,0.251628712546153,0.269736842105263,0.378497668221186,7,0.5625,15.7027536146,78.2131404344,25,5.68753963287112,1.63861386138614,10.5333333333334,flux117,78.2131404344,0.610271903323263,386.1,Svalbard,1.16512748484103,-0.748402484938195,2.09113444315045,0.0733898962820626,1.79899018456566,-0.374261451151403,2.91549380306669,1.92615565359054,-0.989338149476148,34.2525641025641,411.030769230769,-6.92346153846154,4.65731953734671,0.206514668634035,175.142376176856,0.844052972982807,3.3132075,0.2641598475389,53.8576923076923,11.0871794871795,11.074358974359,11.0615384615385,160.157926119291,1.54414177863457,0.333017577702362,1.162144933629,0.00904654070118983,1.16934031395477,-0.718467756550433,2.5036967145017,0.174514490696841,19.825413640691,338.634478761124,14.4246572333123,44.8727375777267,0,563.89641025641,,0.541445461114843,0.232160273481995,5.19230769230769,1.31949542997548,2.77204582980443,1.54478998338821,-1.22725584641622,0.749111622073579,0.0451140439121183,0.518332684427548,-0.0312088252447118,-0.4659725,0.00510442281149248,-23.4576923076923,-0.420512820512794,-0.54102564102563,-0.661538461538466,-24.9307692307692,0.233461538461539,-125.204988039457,0.546992664515875,-0.259627681420299,0.636845250936668,-0.383307991852593,-0.00421282911374776,-0.0299347283877622,1.80769230769231,0.202205420792234,0.312234013654182,0.0205664954130506,-2.40800384047743,-57.6702265949255,0.0100182535628033,-0.980814528766189,0,-271.69641025641,,-0.162947792893657,0.037576568623268
Svalbard,Svalbard_2018,84.3155212402344,c,C3,SV_C3A,-0.669361628903896,3.40388549272059,13.1666666666667,12.2333333333333,415,0,Svalbard,0.00430881178304152,2.90139,0.285479783997168,0.627252516918564,152.515099440401,0.0173385725337353,2.22462103398172,22.5915266718183,317.172810939348,14.7569325702769,0.150750911369108,47.5632882935298,33.225,-6.78,320.982155259571,,1.37593083929585,1.34806654776953,1.33218675766709,0.0624758786470707,1,51.3,2,102.6,-0.0623176696539178,0.037445273406767,-0.11856286290234,0.0790504363618001,-0.00755694009895455,Svalbard,5.1370018115942,73.4439311594203,1.07410326086957,0.235017936921275,0.1,0.842025316455696,7,0.5625,15.694441734,78.211463527375,24,4.07324712162449,1.19664634146341,12.7,flux118,78.211463527375,0.835668789808917,398.7,Svalbard,0.829941891514772,-0.883128093552245,0.549557777171996,0.88415356060805,0.16035640908427,1.41871552933582,2.91549380306669,1.92615565359054,-0.989338149476148,34.2525641025641,411.030769230769,-6.92346153846154,4.65731953734671,0.206514668634035,175.142376176856,0.844052972982807,3.3132075,0.2641598475389,53.8576923076923,11.0871794871795,11.074358974359,11.0615384615385,160.157926119291,1.54414177863457,0.333017577702362,1.162144933629,0.00904654070118983,1.16934031395477,-0.718467756550433,2.5036967145017,0.174514490696841,19.825413640691,338.634478761124,14.4246572333123,44.8727375777267,0,563.89641025641,,0.541445461114843,0.232160273481995,5.19230769230769,1.31949542997548,1.1577533185578,1.47772983913005,0.319976520572252,0.479682274247492,0.02850326828724,-22.6272767364555,-0.216800456064243,-0.4118175,0.0213199364582685,48.7423076923077,2.07948717948721,1.62564102564102,1.17179487179483,-12.3307692307692,0.143461538461539,-75.8424048790565,-0.994584001462577,0.551135982905688,-1.00178852454473,1.40966898863463,-0.339398422440001,-0.164660337001813,1.80769230769231,0.0285711177940542,-0.279075680519978,-0.0237635793277334,2.76611303112727,-21.4616678217765,0.332275336964628,2.69055071580311,0,-148.89641025641,,0.300579855340853,-0.132160273481995
Svalbard,Svalbard_2018,85.304313659668,c,C3,SV_C3C,0.0607530540927705,1.29664375449427,12.4,12.0333333333333,319,0,Svalbard,0.00424723691671633,2.72823,0.29518283472317,0.596442023155532,148.146935748307,0.0155454706476681,2.1774771724927,22.7807966350775,330.708297939851,15.2154995215026,0.143109147972137,46.9775817450856,33.225,-6.78,320.982155259571,,1.30741868222896,1.30339252596011,1.29968021378409,0.0563404541799453,1,53.1,2,106.2,-0.0667380313335201,0.0398550128875484,-0.127911948194335,0.0790504385017478,-0.0083512052163267,Svalbard,5.1370018115942,73.4439311594203,1.07410326086957,0.235017936921275,0.153846153846154,0.809639727361246,6,0.5625,15.6941230813333,78.211534236,24,1.2358907004015,0.953145917001338,12.2166666666667,flux119,78.211534236,1.04915730337079,398.7,Svalbard,0.740359902726747,-0.932190833942598,0.488057382660001,0.752231396322494,0.144193214389561,1.08739715702165,2.91549380306669,1.92615565359054,-0.989338149476148,34.2525641025641,411.030769230769,-6.92346153846154,4.65731953734671,0.206514668634035,175.142376176856,0.844052972982807,3.3132075,0.2641598475389,53.8576923076923,11.0871794871795,11.074358974359,11.0615384615385,160.157926119291,1.54414177863457,0.333017577702362,1.162144933629,0.00904654070118983,1.16934031395477,-0.718467756550433,2.5036967145017,0.174514490696841,19.825413640691,338.634478761124,14.4246572333123,44.8727375777267,0,563.89641025641,,0.541445461114843,0.232160273481995,5.19230769230769,1.31949542997548,-1.67960310266519,-0.62951189909627,1.05009120356892,0.479682274247492,0.02850326828724,-26.9954404285495,-0.247610949827275,-0.5849775,0.0310229871842704,52.3423076923077,1.31282051282051,1.14230769230767,0.971794871794833,-12.3307692307692,0.143461538461539,-74.8536124596229,-1.05608439597457,0.419213818620132,-1.01795171923943,1.07835061632046,-0.428980411228026,-0.213723077392166,0.807692307692308,-0.0161029040153657,-0.326219542008998,-0.0314053427247044,2.95538299438647,-7.92618082127348,0.790842288190333,2.10484416735891,0,-244.89641025641,,0.268194266246403,-0.0783141196358413
Svalbard,Svalbard_2018,85.3084259033203,c,C3,SV_C3D,-1.27923257702605,1.56619556052108,14.4333333333333,13.1333333333333,415.6,0,Svalbard,0.00426110605424546,3.173725,0.300140675680266,0.5613442559108,139.640877687785,0.0158745107354656,2.05148075194763,24.6817945571474,330.849283504139,13.2909283419964,0.154351953389546,48.602206411889,33.225,-6.78,320.982155259571,,1.20858779034514,1.18875080997636,1.17324456698314,0.0409093886483855,1,45.3,1.5,67.95,-0.0672972390734134,0.0401848082510271,-0.128964117582651,0.0790504397220369,-0.00839923950250007,Svalbard,5.1370018115942,73.4439311594203,1.07410326086957,0.235017936921275,0.0681818181818182,0.9102416570771,5,0.5625,15.6939437973333,78.2115756844445,24,2.84542813754713,1.81677704194261,13.7833333333333,flux120,78.2115756844445,0.550425273390036,398.7,Svalbard,0.608120094459775,-0.962890597357005,0.242432436659011,0.867517712255139,-0.0686968369269146,1.80890591506729,2.91549380306669,1.92615565359054,-0.989338149476148,34.2525641025641,411.030769230769,-6.92346153846154,4.65731953734671,0.206514668634035,175.142376176856,0.844052972982807,3.3132075,0.2641598475389,53.8576923076923,11.0871794871795,11.074358974359,11.0615384615385,160.157926119291,1.54414177863457,0.333017577702362,1.162144933629,0.00904654070118983,1.16934031395477,-0.718467756550433,2.5036967145017,0.174514490696841,19.825413640691,338.634478761124,14.4246572333123,44.8727375777267,0,563.89641025641,,0.541445461114843,0.232160273481995,5.19230769230769,1.31949542997548,-0.0700656655195577,-0.35996009306946,-0.289894427549902,0.479682274247492,0.02850326828724,-35.5014984890715,-0.282708717072007,-0.1394825,0.0359808281413664,14.0923076923077,3.34615384615381,2.70897435897432,2.07179487179483,-12.3307692307692,0.143461538461539,-74.8495002159706,-1.30170934197556,0.534500134552777,-1.23084177055591,1.7998593743661,-0.561220219494998,-0.244422840806572,-0.192307692307692,-0.130744619999116,-0.452215962554068,-0.0201625373072954,4.85638091645637,-7.78519525698545,-1.13372889131586,3.72946883416231,0,-148.29641025641,,0.368796195962257,-0.163978455300177
Svalbard,Svalbard_2018,85.3296585083008,c,C3,SV_C3B,-1.10568618489691,2.70393662038652,12.4,12.5,462.2,0,Svalbard,0.00392306150214379,3.1227,0.253859946673163,0.665815319558466,177.290715315912,0.0167242422766431,2.42523058394128,20.4672263515661,324.097320337732,15.6279269179941,0.155185687562235,45.8130555025524,33.225,-6.78,320.982155259571,,1.27097191747044,1.26429369012868,1.25836527362477,0.045016311841852,1,39.9,2,79.8,-0.0664396543789594,0.0396659678874013,-0.12744040342548,0.0790504372337841,-0.0083710259439356,Svalbard,5.1370018115942,73.4439311594203,1.07410326086957,0.235017936921275,0.256410256410256,0.596234988640052,7,0.5625,15.694319659,78.21149469,24,3.80962280528343,1.40891719745223,12.45,flux121,78.21149469,0.709764918625678,398.7,Svalbard,1.24524748609783,-0.709604745062894,1.16583946790189,0.737449839324856,0.657448223857958,0.587042958109048,2.91549380306669,1.92615565359054,-0.989338149476148,34.2525641025641,411.030769230769,-6.92346153846154,4.65731953734671,0.206514668634035,175.142376176856,0.844052972982807,3.3132075,0.2641598475389,53.8576923076923,11.0871794871795,11.074358974359,11.0615384615385,160.157926119291,1.54414177863457,0.333017577702362,1.162144933629,0.00904654070118983,1.16934031395477,-0.718467756550433,2.5036967145017,0.174514490696841,19.825413640691,338.634478761124,14.4246572333123,44.8727375777267,0,563.89641025641,,0.541445461114843,0.232160273481995,5.19230769230769,1.31949542997548,0.894129002216742,0.777780966795981,-0.116348035420761,0.479682274247492,0.02850326828724,2.14833913905554,-0.178237653424341,-0.1905075,-0.0102999008657366,25.9423076923077,1.31282051282051,1.37564102564102,1.43846153846153,-12.3307692307692,0.143461538461539,-74.8282676109901,-0.378302310732684,0.404432261622494,-0.504696709771038,0.577996417407858,0.075907172143054,0.00886301148753854,1.80769230769231,-0.0552017398467957,-0.0784661305604177,-0.0193288031346064,0.641812710875072,-14.5371584233924,1.20326968468184,0.940317924825713,0,-101.69641025641,,0.0547895275252089,0.0242499829282612
Svalbard,Svalbard_2018,85.5427932739258,c,C3,SV_C3E,0.13062887572692,1.59367228386843,13.3666666666667,12.9666666666667,532,0,Svalbard,0.00399975721148734,3.93234,0.27481680693161,0.622973139261148,163.46410359862,0.0159328265229171,2.14790517526427,22.6079513726974,374.027300183148,16.2231433719431,0.132397595584277,46.0147503142247,33.2166666666667,-6.78,320.982155259571,,1.31473711303073,1.29511985778499,1.28050394014787,0.045174080528019,1,42.1,3,126.3,-0.0640891867372238,0.0385168072028072,-0.121749677982671,0.0790504408923054,-0.00764726621394932,Svalbard,5.1370018115942,73.4439311594203,1.07410326086957,0.235017936921275,0.404761904761905,0.536317058468957,9,0.5625,15.6937776757778,78.2116176033333,24,1.46304340814151,0.918032786885246,13.1666666666667,flux122,78.2116176033333,1.08928571428571,398.6,Svalbard,0.963953490613882,-0.792530455966391,0.589375304308695,0.72652447268358,0.141427342257666,0.580146762826249,2.91549380306669,1.92615565359054,-0.989338149476148,34.2525641025641,411.030769230769,-6.92346153846154,4.65731953734671,0.206514668634035,175.142376176856,0.844052972982807,3.3132075,0.2641598475389,53.8576923076923,11.0871794871795,11.074358974359,11.0615384615385,160.157926119291,1.54414177863457,0.333017577702362,1.162144933629,0.00904654070118983,1.16934031395477,-0.718467756550433,2.5036967145017,0.174514490696841,19.825413640691,338.634478761124,14.4246572333123,44.8727375777267,0,563.89641025641,,0.541445461114843,0.232160273481995,5.19230769230769,1.31949542997548,-1.45245039492518,-0.332483369722109,1.11996702520307,0.479682274247492,0.02850326828724,-11.6782725782365,-0.221079833721659,0.6191325,0.0106569593927104,72.4423076923077,2.27948717948721,2.09230769230772,1.90512820512823,-12.4307692307692,0.143461538461539,-74.6151328453651,-0.954766474325877,0.393506894981219,-1.02071759137133,0.57110022212506,-0.205386823340891,-0.0740626994159588,3.80769230769231,-0.0243755721904857,-0.355791539237428,-0.0421168951125644,2.78253773200637,35.3928214220235,1.79848613863083,1.14201273649801,0,-31.8964102564103,,-0.00512840264588588,0.17260163127991
Svalbard,Svalbard_2018,134.393402099609,c,C4,SV_C4E,0.213008487230653,1.00789381762797,10.6666666666667,10.7666666666667,343.666666666667,0,Svalbard,0.00500909270984326,3.60617,0.300138595085403,0.809895385358587,164.716677510108,0.0242789359717505,2.44243540601418,20.0821340835367,338.035336670553,13.9611142930178,0.174945592074673,43.6768883723799,34.0583333333333,-6.88,317.587069572128,,1.44329358335115,1.41946315473715,1.39931107755833,0.067729752235144,1,33.7,3,101.1,-0.0597153139509784,0.0363039724347192,-0.111676120177988,0.0790504350722471,-0.00657575126745241,Svalbard,4.77649456521739,75.3005434782609,1.06861413043478,0.213208499987342,0.27190332326284,0.484913381008834,8,0.5625,15.6907280325556,78.2102397545556,23,0.794885330397317,0.788659793814433,10.7166666666667,flux123,78.2102397545556,1.26797385620915,408.7,Svalbard,0.868598527010559,-0.848191236492537,1.60531243562614,-0.157978148956767,1.41168884861139,-0.732197869086366,2.91549380306669,1.92615565359054,-0.989338149476148,34.2525641025641,411.030769230769,-6.92346153846154,4.65731953734671,0.206514668634035,175.142376176856,0.844052972982807,3.3132075,0.2641598475389,53.8576923076923,11.0871794871795,11.074358974359,11.0615384615385,160.157926119291,1.54414177863457,0.333017577702362,1.162144933629,0.00904654070118983,1.16934031395477,-0.718467756550433,2.5036967145017,0.174514490696841,19.825413640691,338.634478761124,14.4246572333123,44.8727375777267,0,563.89641025641,,0.541445461114843,0.232160273481995,5.19230769230769,1.31949542997548,-2.12060847266937,-0.91826183596257,1.2023466367068,0.11917502787068,0.00669383135330737,-10.4256986667484,-0.0341575876242198,0.2929625,0.0359787475465035,47.2423076923077,-0.420512820512794,-0.357692307692279,-0.294871794871767,-2.33076923076931,0.0434615384615391,-25.7645240196819,0.0611706569915644,-0.490995726659129,0.249543914982396,-0.741244409787556,-0.300741786944214,-0.129723479942105,2.80769230769231,0.0999677247616741,-0.0612613084875178,0.000431101377831589,0.256720442845673,-0.599142090571434,-0.46354294029449,-1.19584920534679,0,-220.229743589743,,-0.056532080106009,0.0397430497808447
Svalbard,Svalbard_2018,135.158020019531,c,C4,SV_C4A,-0.530425303348565,0.31790962806559,11.0333333333333,10.6666666666667,332.4,0,Svalbard,0.00957939277777778,3.828975,0.168061527477277,1.73565045242063,189.898083049753,0.0680606004047619,3.22961689785575,13.7657000147584,190.708386383796,12.9485639639807,0.24941892451083,41.7418167979848,34.0416666666667,-6.88,317.587069572128,,1.21706504739754,1.21706504739754,1.21706504739754,0.0522553723217677,1,6.1,1,6.1,-0.0576471938552547,0.0350500310233652,-0.107964681784909,0.079050430630431,-0.0064697984108788,Svalbard,4.77649456521739,75.3005434782609,1.06861413043478,0.213208499987342,0,0.262658227848101,2,0.5625,15.691604295625,78.210148510875,23,0.848334931414155,2.66847826086956,10.85,flux124,78.210148510875,0.374745417515275,408.5,Svalbard,1.80832631436388,-0.278221335664722,3.48861262120531,-0.309214874413289,3.16829992124977,-1.45589351569263,2.91549380306669,1.92615565359054,-0.989338149476148,34.2525641025641,411.030769230769,-6.92346153846154,4.65731953734671,0.206514668634035,175.142376176856,0.844052972982807,3.3132075,0.2641598475389,53.8576923076923,11.0871794871795,11.074358974359,11.0615384615385,160.157926119291,1.54414177863457,0.333017577702362,1.162144933629,0.00904654070118983,1.16934031395477,-0.718467756550433,2.5036967145017,0.174514490696841,19.825413640691,338.634478761124,14.4246572333123,44.8727375777267,0,563.89641025641,,0.541445461114843,0.232160273481995,5.19230769230769,1.31949542997548,-2.06715887165253,-1.60824602552495,0.458912846127584,0.11917502787068,0.00669383135330737,14.7557068728966,0.891597479437823,0.5157675,-0.0960983200616225,-47.7576923076923,-0.0538461538461945,-0.22435897435898,-0.394871794871767,-2.53076923076924,0.0434615384615391,-24.9999060997599,1.94447084257073,-0.64223245211565,2.00615498762078,-1.46494005639382,0.63898600040911,0.44024642088571,-3.19230769230769,-0.102430382577936,0.725920183354052,0.0749044338139886,-6.05971362593263,-147.926092377328,-1.47609326933162,-3.13092077974189,0,-231.49641025641,,-0.278787233266742,-0.232160273481995
Svalbard,Svalbard_2018,135.823959350586,c,C4,SV_C4B,-1.40703071974489,2.49578378595046,12.5333333333333,10.2666666666667,550.8,0,Svalbard,0.00708212462176712,4.601485,0.297491468838726,1.15119509378066,168.555588715445,0.0346039962449217,2.31027743087794,21.4610297321341,487.409004671089,15.5949795347984,0.148142382984397,43.2750793358029,34.05,-6.88,317.587069572128,,1.65000418182932,1.64010821563583,1.63117336677151,0.0915857099564821,1,21.3,3,63.9,-0.0617071847631784,0.0372547712647007,-0.11662713646912,0.0790504315957949,-0.00724587296330318,Svalbard,4.77649456521739,75.3005434782609,1.06861413043478,0.213208499987342,0.476190476190476,0.120253164556962,7,0.5625,15.691406792125,78.21016547775,23,3.90281450569535,1.56376306620209,11.4,flux125,78.21016547775,0.639483065953655,408.6,Svalbard,0.896900852549366,-0.759506659636204,1.23225201160878,-0.0313091010518781,0.962609452886515,-0.979164258004264,2.91549380306669,1.92615565359054,-0.989338149476148,34.2525641025641,411.030769230769,-6.92346153846154,4.65731953734671,0.206514668634035,175.142376176856,0.844052972982807,3.3132075,0.2641598475389,53.8576923076923,11.0871794871795,11.074358974359,11.0615384615385,160.157926119291,1.54414177863457,0.333017577702362,1.162144933629,0.00904654070118983,1.16934031395477,-0.718467756550433,2.5036967145017,0.174514490696841,19.825413640691,338.634478761124,14.4246572333123,44.8727375777267,0,563.89641025641,,0.541445461114843,0.232160273481995,5.19230769230769,1.31949542997548,0.987320702628662,0.569628132359921,-0.417692570268741,0.11917502787068,0.00669383135330737,-6.58678746141146,0.307142120797853,1.2882775,0.0333316212998265,10.0423076923077,1.44615384615381,0.325641025641019,-0.794871794871767,-2.43076923076922,0.0434615384615391,-24.3339667687049,-0.311889767025797,-0.36432667875424,-0.199535480742481,-0.988210798705454,-0.272439461405407,-0.0410389030857715,1.80769230769231,0.320612785660354,-0.193419283623758,-0.0263721077124444,1.63561609144307,148.774525909965,1.17032230148612,-1.59765824192379,0,-13.0964102564103,,-0.421192296557881,0.244030202708481
Svalbard,Svalbard_2018,176.567337036133,c,C5,SV_C5D,-0.602429974325841,1.15322309370947,10.4,11.3,448.8,0,Svalbard,0.0064143466991342,5.649025,0.267216879673794,1.05682291661616,176.665367969892,0.0336762662823774,2.50033356138111,18.6448460418148,363.162990029445,14.2261366048185,0.175756330115249,43.4553411722711,34.6166666666667,-6.96,314.893833852029,,1.36355514474541,1.35307461157376,1.34373691379613,0.0661987659306334,1,16.7,2,33.4,-0.0654318736038728,0.039185769624619,-0.125007269096001,0.07905040945238,-0.00810998338564036,Svalbard,4.58591485507246,76.2935235507247,1.10961503623188,0.201936466990876,0.615384615384615,0,4,0.5625,15.6928777993333,78.208882156,22,1.75565306803531,1.52238805970149,10.85,flux126,78.208882156,0.65686274509804,415.4,Svalbard,1.09435157353948,-0.630945187259363,1.79503338977182,-0.0638385217550679,1.50904035555987,-0.792599657280144,2.91549380306669,1.92615565359054,-0.989338149476148,34.2525641025641,411.030769230769,-6.92346153846154,4.65731953734671,0.206514668634035,175.142376176856,0.844052972982807,3.3132075,0.2641598475389,53.8576923076923,11.0871794871795,11.074358974359,11.0615384615385,160.157926119291,1.54414177863457,0.333017577702362,1.162144933629,0.00904654070118983,1.16934031395477,-0.718467756550433,2.5036967145017,0.174514490696841,19.825413640691,338.634478761124,14.4246572333123,44.8727375777267,0,563.89641025641,,0.541445461114843,0.232160273481995,5.19230769230769,1.31949542997548,-1.15984073503138,-0.77293255988107,0.386908175150308,-0.0714046822742471,-0.00457820164315925,1.52299179303554,0.212769943633353,2.3358175,0.00305703213489444,-20.4576923076923,-0.687179487179494,-0.224358974358978,0.238461538461534,4.36923076923074,-0.036538461538461,16.4094109168421,0.250891611137244,-0.396856099457429,0.346895421930879,-0.801646197981334,-0.0749887404152967,0.0875225692910692,-1.19230769230769,0.0335791815982842,-0.00336315312058799,0.00124183941840758,-1.18056759887623,24.5285112683205,-0.198520628493785,-1.41739640545559,0,-115.09641025641,,-0.541445461114843,0.38322434190262
Svalbard,Svalbard_2018,176.567855834961,c,C5,SV_C5B,0.0345961413318791,1.14167266395201,10.4666666666667,10.4666666666667,552.6,0,Svalbard,0.0105947574368687,3.959575,0.155709899615435,1.98895507036616,191.046988702314,0.0902800465176768,3.06422367251578,14.8178875315779,221.894499157246,13.8596098206675,0.221090183068963,40.3766147204708,34.6166666666667,-6.96,314.893833852029,,1.28422276446269,1.26914085609473,1.25675867683561,0.0532591929842666,1,13.3,2,26.6,-0.0614164058879836,0.036997430747124,-0.11652708549005,0.0790504074607931,-0.00739834888717581,Svalbard,4.58591485507246,76.2935235507247,1.10961503623188,0.201936466990876,0.0909090909090909,0.0477560414269275,4,0.5625,15.69323010375,78.2088258395,22,1.10707652262013,0.96969696969697,10.4666666666667,flux127,78.2088258395,1.03125,415.4,Svalbard,1.88422348189221,-0.20676841295596,3.36750142288146,-0.453863830211139,3.02122801338656,-2.26605494020982,2.91549380306669,1.92615565359054,-0.989338149476148,34.2525641025641,411.030769230769,-6.92346153846154,4.65731953734671,0.206514668634035,175.142376176856,0.844052972982807,3.3132075,0.2641598475389,53.8576923076923,11.0871794871795,11.074358974359,11.0615384615385,160.157926119291,1.54414177863457,0.333017577702362,1.162144933629,0.00904654070118983,1.16934031395477,-0.718467756550433,2.5036967145017,0.174514490696841,19.825413640691,338.634478761124,14.4246572333123,44.8727375777267,0,563.89641025641,,0.541445461114843,0.232160273481995,5.19230769230769,1.31949542997548,-1.80841728044656,-0.78448298963853,1.02393429080803,-0.0714046822742471,-0.00457820164315925,15.9046125254575,1.14490209738335,0.6463675,-0.108449947923465,-27.2576923076923,-0.620512820512793,-0.607692307692279,-0.594871794871766,4.36923076923074,-0.036538461538461,16.4099297156701,1.82335964424689,-0.786881407913501,1.85908307975757,-2.27510148091101,0.714883167937434,0.511699343594472,-1.19230769230769,-0.0503545738807458,0.560526958014082,0.0465756923721216,-5.00752610911313,-116.739979603878,-0.565047412644775,-4.49612285725589,0,-11.2964102564102,,-0.493689419687916,-0.141251182572904
Svalbard,Svalbard_2018,177.359558105469,c,C5,SV_C5C,-0.70720678044927,1.84563720751395,13.4,10.6666666666667,582.4,0,Svalbard,0.00539463183358308,3.1112,0.223645194396833,0.88834357638986,169.104853832543,0.0283101553396187,2.92038473525869,17.3531699792547,266.71945700081,14.3967419443735,0.202850391188683,45.3791122152204,34.625,-6.96,314.893833852029,,1.3841641585261,1.36265177152316,1.34424105601788,0.0616415853203527,1,19.9,2,39.8,-0.0650040573297456,0.0389153344579959,-0.124300471259943,0.0790504085383057,-0.00811416560156519,Svalbard,4.58591485507246,76.2935235507247,1.10961503623188,0.201936466990876,0,0.680731364275668,4,0.5625,15.6930172885,78.2088503065,22,2.55284398796322,1.38317757009346,12.0333333333334,flux128,78.2088503065,0.722972972972973,415.5,Svalbard,1.31308934061764,-0.620050673325252,2.0032245560821,0.508974799545143,1.61996223068183,0.515294752931066,2.91549380306669,1.92615565359054,-0.989338149476148,34.2525641025641,411.030769230769,-6.92346153846154,4.65731953734671,0.206514668634035,175.142376176856,0.844052972982807,3.3132075,0.2641598475389,53.8576923076923,11.0871794871795,11.074358974359,11.0615384615385,160.157926119291,1.54414177863457,0.333017577702362,1.162144933629,0.00904654070118983,1.16934031395477,-0.718467756550433,2.5036967145017,0.174514490696841,19.825413640691,338.634478761124,14.4246572333123,44.8727375777267,0,563.89641025641,,0.541445461114843,0.232160273481995,5.19230769230769,1.31949542997548,-0.362649815103468,-0.0805184460765895,0.282131369026879,-0.0714046822742471,-0.00457820164315925,-6.03752234431346,0.0442906034070532,-0.2020075,-0.0405146531420665,-14.0576923076923,2.31282051282051,0.95897435897437,-0.394871794871767,4.46923076923076,-0.036538461538461,17.2016319861781,0.459082777447524,0.175957221842782,0.457817297052835,0.506248212229876,0.143749026662871,0.0984170832251802,-1.19230769230769,0.0431563415476843,0.416688020756992,0.0283359004918416,-2.47224366143633,-71.9150217603145,-0.0279152889387753,0.506374637493714,0,18.5035897435897,,0.139285903160825,-0.232160273481995
Svalbard,Svalbard_2018,177.698089599609,c,C5,SV_C5A,-0.138507836809191,0.121194357208042,7.6,7.6,449.4,0,Svalbard,0.00347924094156011,1.46269,0.260340658559858,0.585553690302875,170.057883682561,0.0140304662273304,2.86258901112744,17.4626692565222,320.229496817819,16.61366410065,0.172303291663122,47.2187537679173,34.6166666666667,-6.96,314.893833852029,,1.08352151705086,1.07828501456384,1.07378144999522,0.0189027151609001,1,24.4,1,24.4,-0.0573977643926734,0.0348620943058238,-0.107715955421323,0.0790504064495838,-0.00653901346494906,Svalbard,4.58591485507246,76.2935235507247,1.10961503623188,0.201936466990876,0,0.915244909190974,3,0.5625,15.6934239276,78.2088017241,22,0.259702194017233,2.14285714285714,7.6,flux129,78.2088017241,0.466666666666666,415.4,Svalbard,1.19168112474187,-0.80592004362601,1.26675386504376,1.16265849878598,0.755276528650475,1.67660956988826,2.91549380306669,1.92615565359054,-0.989338149476148,34.2525641025641,411.030769230769,-6.92346153846154,4.65731953734671,0.206514668634035,175.142376176856,0.844052972982807,3.3132075,0.2641598475389,53.8576923076923,11.0871794871795,11.074358974359,11.0615384615385,160.157926119291,1.54414177863457,0.333017577702362,1.162144933629,0.00904654070118983,1.16934031395477,-0.718467756550433,2.5036967145017,0.174514490696841,19.825413640691,338.634478761124,14.4246572333123,44.8727375777267,0,563.89641025641,,0.541445461114843,0.232160273481995,5.19230769230769,1.31949542997548,-2.65579160904946,-1.8049612963825,0.850830312666958,-0.0714046822742471,-0.00457820164315925,-5.08449249429546,-0.258499282679932,-1.8505175,-0.00381918897904154,-29.4576923076923,-3.48717948717949,-3.47435897435898,-3.46153846153847,4.36923076923074,-0.036538461538461,17.5401634803181,-0.277387913590817,0.829640921083616,-0.40686840497852,1.66756302918707,0.0223408107870948,-0.0874522870755774,-2.19230769230769,-0.241210415411636,0.358892296625742,-0.00221119903371941,-2.36274438416883,-18.4049819433055,2.18900686733773,2.34601619019061,0,-114.49641025641,,0.373799448076131,-0.232160273481995
Svalbard,Svalbard_2018,223.044219970703,c,C6,SV_C6E,-3.72841939187738,2.2249687945046,7.1,7.1,332.04,0,Svalbard,0.00336228020562771,2.815415,0.285006830602353,0.569229640524892,183.027012601424,0.0116554315196609,2.45541469738026,20.0489468093669,389.157992375524,15.1660461128917,0.161902098879488,45.407098845533,35.1333333333333,-7.04,312.220779185786,,1.10604117975709,1.10349778005317,1.10114199322496,0.0232184450919048,1,32.6,2,65.2,-0.0636845833092822,0.0382597988504343,-0.121076029353704,0.0521679449095343,-0.00764803240069417,Svalbard,4.24891304347826,78.1029891304348,1.28392210144928,0.182213628706692,0.28125,0.703916139240506,4,0.5625,15.69701746175,78.207255272375,21,5.95338818638198,2.67571761055081,7.1,flux130,78.207255272375,0.37373151638156,421.6,Svalbard,1.16087512083322,-0.802091131091431,1.29203333355922,0.533018448842463,0.835225554839671,0.32831056336015,2.91549380306669,1.92615565359054,-0.989338149476148,34.2525641025641,411.030769230769,-6.92346153846154,4.65731953734671,0.206514668634035,175.142376176856,0.844052972982807,3.3132075,0.2641598475389,53.8576923076923,11.0871794871795,11.074358974359,11.0615384615385,160.157926119291,1.54414177863457,0.333017577702362,1.162144933629,0.00904654070118983,1.16934031395477,-0.718467756550433,2.5036967145017,0.174514490696841,19.825413640691,338.634478761124,14.4246572333123,44.8727375777267,0,563.89641025641,,0.541445461114843,0.232160273481995,5.19230769230769,1.31949542997548,3.0378943833153,0.298813140914065,-2.73908124240123,-0.40840649386845,-0.0243010399273433,7.88463642456753,-0.274823332457915,-0.4977925,0.0208469830634535,11.3423076923077,-3.98717948717949,-3.97435897435898,-3.96153846153847,10.5692307692308,-0.116538461538461,62.8862938514122,-0.252108445075348,0.200000871140102,-0.326919378789325,0.319264022658961,-0.00846519312155336,-0.0836233745409986,-1.19230769230769,-0.215997649922306,-0.048282017121438,-0.0126123918173534,0.223533168675871,50.5235136143995,0.741388879579361,0.534361267806311,0,-231.85641025641,,0.162470678125663,0.0490897265180048
Svalbard,Svalbard_2018,223.801406860352,c,C6,SV_C6F,-0.292143154203576,0.206218697084877,14.8666666666667,14.8666666666667,582.4,0,Svalbard,0.00349403258477633,3.565155,0.277309164445175,0.595660543217893,185.310919465146,0.0121505756967893,2.37897378386497,20.6161040717944,431.460351406092,15.28769448521,0.155613639856978,44.9221522574935,35.1416666666667,-7.04,312.220779185786,,1.14546971091273,1.14358860647145,1.1418240686133,0.0302860974111907,1,20.2,2,40.4,-0.0660383478522813,0.0395378571788916,-0.126092664500385,0.0521679458671539,-0.00809205385623402,Svalbard,4.24891304347826,78.1029891304348,1.28392210144928,0.182213628706692,0.421052631578947,0.553964023984011,4,0.5625,15.696810804625,78.20727381,21,0.498361851288453,2.41666666666667,14.8666666666667,flux131,78.20727381,0.413793103448276,421.7,Svalbard,1.19788300536938,-0.749084354722702,1.2668979083631,0.44641920603817,0.797013329736019,0.00668949055645881,2.91549380306669,1.92615565359054,-0.989338149476148,34.2525641025641,411.030769230769,-6.92346153846154,4.65731953734671,0.206514668634035,175.142376176856,0.844052972982807,3.3132075,0.2641598475389,53.8576923076923,11.0871794871795,11.074358974359,11.0615384615385,160.157926119291,1.54414177863457,0.333017577702362,1.162144933629,0.00904654070118983,1.16934031395477,-0.718467756550433,2.5036967145017,0.174514490696841,19.825413640691,338.634478761124,14.4246572333123,44.8727375777267,0,563.89641025641,,0.541445461114843,0.232160273481995,5.19230769230769,1.31949542997548,-2.41713195177824,-1.71993695650566,0.697194995272572,-0.40840649386845,-0.0243010399273433,10.1685432882895,-0.248392429764914,0.2519475,0.0131493169062755,-13.4576923076923,3.77948717948721,3.79230769230772,3.80512820512823,10.6692307692308,-0.116538461538461,63.6434807410611,-0.277243870271478,0.113401628335809,-0.365131603892977,-0.00235705014473102,0.0285426914146079,-0.030616598172269,-1.19230769230769,-0.175906823504026,-0.124722930636728,-0.0189008508398634,0.790690431103371,92.8258726449675,0.863037251897655,0.0494146797668122,0,18.5035897435897,,0.0125185628691676,0.188892358096952
Svalbard,Svalbard_2018,224.02717590332,c,C6,SV_C6G,-0.292505229642568,0.344123799579492,14.6,14.6,724.8,0,Svalbard,0.00439999282073018,4.82238,0.262328483870086,0.703202206348492,187.906603131946,0.0161537144829505,2.25698983566628,21.1177103142542,356.688125509709,12.6641713879026,0.178218516358856,43.6746693400753,35.1666666666667,-7.04,312.220779185786,,1.41208564161545,1.39582712269392,1.38454762382642,0.0631450242929101,1,24,2,48,-0.0634239805513769,0.038189272216586,-0.120160374387561,0.0521679467336451,-0.00745925650015291,Svalbard,4.24891304347826,78.1029891304348,1.28392210144928,0.182213628706692,0.434782608695652,0.1989543203082,8,0.5625,15.6965959222,78.2072793844,21,0.63662902922206,1.85,14.6,flux132,78.2072793844,0.540540540540541,422,Svalbard,1.25834357058878,-0.649010213582094,1.7689693224844,-0.137494647263916,1.40429824911335,-0.907547107312092,2.91549380306669,1.92615565359054,-0.989338149476148,34.2525641025641,411.030769230769,-6.92346153846154,4.65731953734671,0.206514668634035,175.142376176856,0.844052972982807,3.3132075,0.2641598475389,53.8576923076923,11.0871794871795,11.074358974359,11.0615384615385,160.157926119291,1.54414177863457,0.333017577702362,1.162144933629,0.00904654070118983,1.16934031395477,-0.718467756550433,2.5036967145017,0.174514490696841,19.825413640691,338.634478761124,14.4246572333123,44.8727375777267,0,563.89641025641,,0.541445461114843,0.232160273481995,5.19230769230769,1.31949542997548,-2.27886477384463,-1.58203185401105,0.696832919833581,-0.40840649386845,-0.0243010399273433,12.7642269550896,-0.140850766634315,1.5091725,-0.00183136366881353,-5.8576923076923,3.51282051282051,3.52564102564102,3.53846153846153,10.9692307692308,-0.116538461538461,63.8692497840291,0.224827543849826,-0.470512224966278,0.24215331548435,-0.916593648013282,0.0890032566340022,0.0694575429683381,2.80769230769231,0.0763316927184443,-0.246706878835418,0.00370402566201458,1.29229667356317,18.0536467485845,-1.76048584540967,-1.19806823765139,0,160.90358974359,,-0.342491140806643,0.202622335213657
Svalbard,Svalbard_2018,224.368225097656,c,C6,SV_C6D,-4.02297590760835,5.24150514699636,12.6666666666667,10.6666666666667,522.6,0,Svalbard,0.00339871586399711,2.06808,0.285340533767117,0.572923862671356,181.956132585435,0.0120685784677128,2.61046726134856,18.8058401333764,333.152624501878,14.716444897106,0.177384366917442,45.7321630117548,35.1166666666667,-7.04,312.220779185786,,1.08817329330999,1.08489155983733,1.08192597389949,0.018917944933664,1,81.9,1,81.9,-0.0678458859093906,0.0404199797847728,-0.130437991540836,0.0521679384686084,-0.00861687366732198,Svalbard,4.31630434782609,77.7234148550725,1.33559782608696,0.186220153682854,0.115384615384615,0.81313623085775,5,0.5625,15.6982493278571,78.2070669108572,21,9.26448105460471,1.76752302912718,11.6666666666667,flux133,78.2070669108572,0.565763491349705,421.4,Svalbard,1.17396512186887,-0.826626261375943,1.51078944674781,0.563774245034438,1.07694061159915,0.5839642150685,2.91549380306669,1.92615565359054,-0.989338149476148,34.2525641025641,411.030769230769,-6.92346153846154,4.65731953734671,0.206514668634035,175.142376176856,0.844052972982807,3.3132075,0.2641598475389,53.8576923076923,11.0871794871795,11.074358974359,11.0615384615385,160.157926119291,1.54414177863457,0.333017577702362,1.162144933629,0.00904654070118983,1.16934031395477,-0.718467756550433,2.5036967145017,0.174514490696841,19.825413640691,338.634478761124,14.4246572333123,44.8727375777267,0,563.89641025641,,0.541445461114843,0.232160273481995,5.19230769230769,1.31949542997548,6.34898725153802,3.31534949340582,-3.0336377581322,-0.341015189520625,-0.0202945149511812,6.81375640857854,-0.271129110311451,-1.2451275,0.0211806862282175,28.0423076923077,1.57948717948721,0.59230769230772,-0.394871794871767,10.3692307692307,-0.116538461538461,64.2102989783651,-0.0333523318867601,0.230756667332077,-0.0852043220298486,0.57491767436731,0.00462480791410025,-0.10815850482551,-0.192307692307692,-0.234603870138146,0.106770546846862,0.00286987622060059,-1.01957350731463,-5.48185425924646,0.291787663793659,0.859425434028111,0,-41.2964102564102,,0.271690769742907,-0.11677565809738
Svalbard,Svalbard_2018,224.652862548828,c,C6,SV_C6C,-1.08451808148141,2.89116922918762,8.56666666666667,11.6,574.4,0,Svalbard,0.00396950905492212,2.463315,0.288402341743234,0.638537267654986,179.558581594048,0.0136712572042646,2.55416084649783,18.9980622946126,325.760794045328,14.4915947093204,0.176251192344974,45.6021351998237,35.1083333333333,-7.04,312.220779185786,,1.16020403680209,1.14976898150024,1.14130029033017,0.0309620654041542,1,28.7,1,28.7,-0.0695005062177985,0.0412723003598264,-0.134206655249788,0.0521679374392728,-0.00902669618268535,Svalbard,4.31630434782609,77.7234148550725,1.33559782608696,0.186220153682854,0.142857142857143,0.751808318264015,6,0.5625,15.6984419146667,78.2070352876667,21,3.97568731066903,1.37511400942315,10.0833333333333,flux134,78.2070352876667,0.727212429767545,421.3,Svalbard,1.12091079270772,-0.822851152927401,1.48319876457247,0.486989621366642,1.08046924384228,0.474116275563365,2.91549380306669,1.92615565359054,-0.989338149476148,34.2525641025641,411.030769230769,-6.92346153846154,4.65731953734671,0.206514668634035,175.142376176856,0.844052972982807,3.3132075,0.2641598475389,53.8576923076923,11.0871794871795,11.074358974359,11.0615384615385,160.157926119291,1.54414177863457,0.333017577702362,1.162144933629,0.00904654070118983,1.16934031395477,-0.718467756550433,2.5036967145017,0.174514490696841,19.825413640691,338.634478761124,14.4246572333123,44.8727375777267,0,563.89641025641,,0.541445461114843,0.232160273481995,5.19230769230769,1.31949542997548,1.06019350760234,0.96501357559708,-0.0951799320052614,-0.341015189520625,-0.0202945149511812,4.41620541719155,-0.205515705327821,-0.8498925,0.0242424942043344,-25.1576923076923,-2.52051282051282,-0.991025641025644,0.538461538461533,10.2692307692308,-0.116538461538461,64.4949364295372,-0.0609430140621017,0.15397204366428,-0.0816756897867119,0.465069734862175,-0.0484295212470487,-0.104383396376969,0.807692307692308,-0.169726448475236,0.0504641319961321,0.00173670164813258,-0.82735134607843,-12.8736847157965,0.0669374760080608,0.729397622097011,0,10.5035897435897,,0.210362857149172,-0.0893031306248523
Svalbard,Svalbard_2018,224.705413818359,c,C6,SV_C6A,-0.497174472803014,1.88648816462658,10.5666666666667,9.4,1325,0,Svalbard,0.00373798775793651,1.797175,0.296350418680067,0.598199507656926,178.588291812218,0.0124585392965368,2.58135364982121,18.8997450965118,329.087398577182,15.0411256003923,0.171619712407287,45.9785741223564,35.1,-7.04,312.220779185786,,1.02551356842252,1.0246391282358,1.02383797256317,0.00673591294267334,1,39.6,1,39.6,-0.0591322832352679,0.0357192361875993,-0.111766195659531,0.05216793540855,-0.00696164010534641,Svalbard,4.18845108695652,78.4212862318841,1.31631793478261,0.178809045081557,0.0789473684210526,0.921052631578947,3,0.5625,15.698836050375,78.206980012875,21,2.38366263742959,1.26354497320763,9.98333333333335,flux135,78.206980012875,0.791424144928857,421.2,Svalbard,1.09345336193356,-0.872063157222346,1.35927891745978,0.630798547269937,0.936382473137491,0.735387802337848,2.91549380306669,1.92615565359054,-0.989338149476148,34.2525641025641,411.030769230769,-6.92346153846154,4.65731953734671,0.206514668634035,175.142376176856,0.844052972982807,3.3132075,0.2641598475389,53.8576923076923,11.0871794871795,11.074358974359,11.0615384615385,160.157926119291,1.54414177863457,0.333017577702362,1.162144933629,0.00904654070118983,1.16934031395477,-0.718467756550433,2.5036967145017,0.174514490696841,19.825413640691,338.634478761124,14.4246572333123,44.8727375777267,0,563.89641025641,,0.541445461114843,0.232160273481995,5.19230769230769,1.31949542997548,-0.531831165637094,-0.0396674889639594,0.492163676673135,-0.46886845039019,-0.0277056235524775,3.44591563536153,-0.245853465325881,-1.5160325,0.0321905711411675,-14.2576923076923,-0.520512820512794,-1.09102564102563,-1.66153846153847,10.1692307692308,-0.116538461538461,64.5474876990681,-0.184862861174793,0.297780969567575,-0.225762460491505,0.726341261636658,-0.0758869520212167,-0.153595400671913,-2.19230769230769,-0.294856301739676,0.0776569353195122,-0.00289477828955442,-0.925668544179228,-9.54708018394246,0.616468367080014,1.10583654462971,0,761.10358974359,,0.379607170464104,-0.153212905060943
Svalbard,Svalbard_2018,225.408432006836,c,C6,SV_C6B,-1.99792777203737,4.24471605194298,6.23333333333333,7.63333333333333,680.2,0,Svalbard,0.00433468337384837,2.31817,0.296059558210832,0.674173694745532,177.393004380993,0.0146069730120713,2.53458434732781,19.1435988460619,327.928040233657,14.8985137663889,0.170123301362169,45.6359633237753,35.1083333333333,-7.04,312.220779185786,,1.08486288324556,1.08027486862546,1.07644748238777,0.0173556202977824,1,46.6,2,93.2,-0.0664083133462757,0.0396073844962727,-0.127572129496087,0.0521679364772513,-0.00843955416857077,Svalbard,4.18845108695652,78.4212862318841,1.31631793478261,0.178809045081557,0.170212765957447,0.808510638297872,5,0.5625,15.698623882875,78.207006897125,21,6.24264382398035,1.4706858474368,6.93333333333333,flux136,78.207006897125,0.679954867140974,421.3,Svalbard,1.06574842350955,-0.850425097418937,1.37068016994693,0.521730462506855,0.974808834037424,0.508716691726947,2.91549380306669,1.92615565359054,-0.989338149476148,34.2525641025641,411.030769230769,-6.92346153846154,4.65731953734671,0.206514668634035,175.142376176856,0.844052972982807,3.3132075,0.2641598475389,53.8576923076923,11.0871794871795,11.074358974359,11.0615384615385,160.157926119291,1.54414177863457,0.333017577702362,1.162144933629,0.00904654070118983,1.16934031395477,-0.718467756550433,2.5036967145017,0.174514490696841,19.825413640691,338.634478761124,14.4246572333123,44.8727375777267,0,563.89641025641,,0.541445461114843,0.232160273481995,5.19230769230769,1.31949542997548,3.32715002091366,2.31856039835244,-1.00858962256122,-0.46886845039019,-0.0277056235524775,2.25062820413655,-0.169879278237275,-0.9950375,0.0318997106719325,39.3423076923077,-4.85384615384616,-4.14102564102565,-3.42820512820514,10.2692307692308,-0.116538461538461,65.2505058875451,-0.173461608687646,0.188712884804493,-0.187336099591572,0.499670151025757,-0.10359189044522,-0.131957340868504,-0.192307692307692,-0.239220561350016,0.0308876328261118,-0.00439118933467242,-0.68181479462913,-10.7064385274675,0.473856533076647,0.763225746048612,0,116.30358974359,,0.267065177183029,-0.0619475075245484
Svalbard,Svalbard_2018,237.017242431641,c,C7,SV_C7A,-0.588314276721711,1.13304974361391,10.5,11.1,1012.6,0,Svalbard,0.0065254432729607,4.859645,0.186139286469939,1.303683611323,195.798247219579,0.0486702113712121,2.60433878954464,18.0058141732707,336.328319801325,13.2658388992205,0.196319193179533,43.0961911451236,35.325,-7.07,311.22356494273,,1.39976064965722,1.39897914825392,1.3981912097873,0.0729050430105862,1,12.2,3,36.6,-0.0659308652629851,0.0393837125631541,-0.126345482499078,0.0521679350875179,-0.00825472795381926,Svalbard,4.18845108695652,78.4212862318841,1.31631793478261,0.178809045081557,0.416666666666667,0.0875527426160338,4,0.5625,15.6981682538889,78.2066609883334,21,1.72136402033562,1.51923075755285,10.8,flux137,78.2066609883334,0.658227853160887,423.9,Svalbard,1.73521955006538,-0.338207554809542,2.39647676102044,0.0493739408589226,1.9120122636982,-1.00401070816156,2.91549380306669,1.92615565359054,-0.989338149476148,34.2525641025641,411.030769230769,-6.92346153846154,4.65731953734671,0.206514668634035,175.142376176856,0.844052972982807,3.3132075,0.2641598475389,53.8576923076923,11.0871794871795,11.074358974359,11.0615384615385,160.157926119291,1.54414177863457,0.333017577702362,1.162144933629,0.00904654070118983,1.16934031395477,-0.718467756550433,2.5036967145017,0.174514490696841,19.825413640691,338.634478761124,14.4246572333123,44.8727375777267,0,563.89641025641,,0.541445461114843,0.232160273481995,5.19230769230769,1.31949542997548,-1.19412978273107,-0.79310590997663,0.401023872754438,-0.46886845039019,-0.0277056235524775,20.6558710427225,0.459630638340193,1.5464375,-0.0780205610689606,-17.2576923076923,-0.587179487179494,-0.274358974358979,0.038461538461533,12.8692307692307,-0.146538461538461,76.8593163123501,0.852334982385864,-0.283643636843439,0.749867330069203,-1.01305724886275,0.565879236110606,0.380260201740891,-1.19230769230769,0.0794837182784443,0.100642075042942,0.0218047024826916,-1.81959946742033,-2.30615895979946,-1.15881833409176,-1.77654643260309,0,448.70358974359,,-0.453892718498809,0.184506393184672
Svalbard,Svalbard_2018,237.332672119141,c,C7,SV_C7B,0.0814678867891652,2.32603055650886,6.43333333333333,8.2,1122,0,Svalbard,0.00399859627927628,2.82173,0.254798479194814,0.738779090205073,202.064165392395,0.0191148140828061,2.43115057102701,20.1297890185372,298.218347112898,13.0813217226049,0.185849000779937,45.2418373894487,35.3416666666667,-7.07,311.22356494273,,1.40057000525803,1.35518297790465,1.31896861405718,0.0493166436024045,1,18.2,1,18.2,-0.067171289375937,0.0400316858045271,-0.129111620542752,0.05216793604455,-0.00853270683232968,Svalbard,4.18845108695652,78.4212862318841,1.31631793478261,0.178809045081557,0.117647058823529,0.705882352941177,4,0.5625,15.697945115,78.2066739308889,21,2.2445626697197,0.964975573273878,7.31666666666667,flux138,78.2066739308889,1.03629566146145,424.1,Svalbard,1.51851069999351,-0.638906447228648,1.79671523269358,0.416638435013895,1.25625310758577,0.115201322275687,2.91549380306669,1.92615565359054,-0.989338149476148,34.2525641025641,411.030769230769,-6.92346153846154,4.65731953734671,0.206514668634035,175.142376176856,0.844052972982807,3.3132075,0.2641598475389,53.8576923076923,11.0871794871795,11.074358974359,11.0615384615385,160.157926119291,1.54414177863457,0.333017577702362,1.162144933629,0.00904654070118983,1.16934031395477,-0.718467756550433,2.5036967145017,0.174514490696841,19.825413640691,338.634478761124,14.4246572333123,44.8727375777267,0,563.89641025641,,0.541445461114843,0.232160273481995,5.19230769230769,1.31949542997548,-0.670931133346993,0.399874902918321,1.07080603626531,-0.46886845039019,-0.0277056235524775,26.9217892155386,-0.105273882777734,-0.4914775,-0.00936136834408552,-35.6576923076923,-4.65384615384616,-3.75769230769232,-2.86153846153847,13.0692307692308,-0.146538461538461,77.1747459998501,0.252573454059011,0.0836208573115331,0.0941081739567709,0.106154781574498,0.349170386038739,0.0795613093217844,-1.19230769230769,0.0356875479291743,-0.0725461434746881,0.0113345100830956,0.304375377846171,-40.4161316482264,-1.34333551070737,0.369099811722009,0,558.10358974359,,0.164436891826333,-0.114513214658466
Svalbard,Svalbard_2018,237.900863647461,c,C7,SV_C7C,-1.60368728685572,0.033980633190352,10.8,10.8,736.4,0,Svalbard,0.00439910035714286,3.119965,0.243348528668011,0.824681345952381,203.065987358388,0.0212147709166667,2.51998382964301,19.0608791640377,351.657243051856,14.6704216087378,0.171773102154207,45.438759349706,35.3666666666667,-7.07,311.22356494273,,1.1635572269804,1.1386401116807,1.12303790248168,0.0276144775496579,1,36.7,1.5,55.05,-0.0670240108123794,0.0400016246962077,-0.128538664557524,0.0521679370727499,-0.00840201211986873,Svalbard,4.18845108695652,78.4212862318841,1.31631793478261,0.178809045081557,0.228571428571429,0.714285714285714,3,0.5625,15.6976954577143,78.206684289,21,1.63766792004607,,10.8,flux139,78.206684289,0.0207494039386178,424.4,Svalbard,1.57776437203737,-0.584678695445172,1.64789522781716,0.693043253641534,1.03221259170097,0.3722448509236,2.91549380306669,1.92615565359054,-0.989338149476148,34.2525641025641,411.030769230769,-6.92346153846154,4.65731953734671,0.206514668634035,175.142376176856,0.844052972982807,3.3132075,0.2641598475389,53.8576923076923,11.0871794871795,11.074358974359,11.0615384615385,160.157926119291,1.54414177863457,0.333017577702362,1.162144933629,0.00904654070118983,1.16934031395477,-0.718467756550433,2.5036967145017,0.174514490696841,19.825413640691,338.634478761124,14.4246572333123,44.8727375777267,0,563.89641025641,,0.541445461114843,0.232160273481995,5.19230769230769,1.31949542997548,-1.27782588302062,-1.89217502040019,-0.614349137379571,-0.46886845039019,-0.0277056235524775,27.9236111815316,-0.0193716270304258,-0.1932425,-0.0208113188708886,1.19230769230769,-0.287179487179493,-0.274358974358979,-0.261538461538466,13.3692307692307,-0.146538461538461,77.7429375281701,0.103753449182586,0.360025675939173,-0.129932341928025,0.36319831022241,0.4084240580826,0.133789061105261,-2.19230769230769,-0.180855318294776,0.0162871151413122,-0.00274138854263442,-0.764534476653328,13.0227642907316,0.245764375425539,0.566021771979308,0,172.50358974359,,0.172840253170871,-0.0035888449105666
Svalbard,Svalbard_2018,238.159057617188,c,C7,SV_C7D,-0.0249431376551568,0.514072883002115,11.0333333333333,11.0333333333333,696,0,Svalbard,0.00620798740079365,6.06168,0.219835566640353,1.20183216190476,190.706349029359,0.0430087303253968,2.39080949937306,19.4684962330429,420.964403310343,13.9337725941964,0.171583789186345,42.9562063742567,35.3916666666667,-7.07,311.22356494273,,1.40400228880165,1.38789252454405,1.37307673813259,0.0729704767237713,1,8,3,24,-0.0657000432404733,0.0393802578626848,-0.125224521702024,0.0521679380603975,-0.00796274440373728,Svalbard,4.19125905797101,78.4150815217391,1.24827898550725,0.178907775420975,0.714285714285714,0,3,0.5625,15.6974353942,78.2066866933,21,0.539016020657272,1.0485206251485,11.0333333333333,flux140,78.2066866933,0.953724682200092,424.7,Svalbard,1.46921639386726,-0.427893841576168,1.92599217448742,-0.0276873769638989,1.49273245770694,-1.16981655415043,2.91549380306669,1.92615565359054,-0.989338149476148,34.2525641025641,411.030769230769,-6.92346153846154,4.65731953734671,0.206514668634035,175.142376176856,0.844052972982807,3.3132075,0.2641598475389,53.8576923076923,11.0871794871795,11.074358974359,11.0615384615385,160.157926119291,1.54414177863457,0.333017577702362,1.162144933629,0.00904654070118983,1.16934031395477,-0.718467756550433,2.5036967145017,0.174514490696841,19.825413640691,338.634478761124,14.4246572333123,44.8727375777267,0,563.89641025641,,0.541445461114843,0.232160273481995,5.19230769230769,1.31949542997548,-2.37647778240942,-1.41208277058842,0.964395011820992,-0.466060479375697,-0.0276068932130596,15.5639728525025,0.357779188921953,2.7484725,-0.0443242808985465,-29.8576923076923,-0.0538461538461945,-0.04102564102568,-0.0282051282051672,13.6692307692308,-0.146538461538461,78.0011314978972,0.381850395852845,-0.36070495466626,0.330587524077947,-1.17886309485162,0.29987607991249,0.290573914974265,-2.19230769230769,0.0683970945685744,-0.112887215128638,-0.0029307015104964,-0.35691740764813,82.3299245492186,-0.490884639115935,-1.91653120346999,0,132.10358974359,,-0.541445461114843,0.482125440803719
USA,Colorado_2023,2484,c,almont,US_almont1,-9.13359952094059,1.5952950376914,16.4805555555556,27.0045652173913,700.5,2,Rocky Mountains,0.006674292,,0.735138649369825,0.063457312,94.8476423636375,0.0092446625,,,,,,,53.65,3.48,866.609072041066,,,,,,,59.5,21.5,1269.9,9.41479785873692e-05,0.00387033467136912,0.0160971952905295,0.0943465165388121,0.00498230532718958,Colorado,16.2926630434783,47.6846467391304,0.347214673913044,0.9899469686072,0,1,,,-106.844210666667,38.6698886666667,3,10.728894558632,6.72533563080476,21.7425603864735,flux141,38.6698886666667,0.148691463875735,643.8,Rocky Mountains,,,,,,,15.9247566429461,5.95848718465657,-9.96626945828954,82.0145833333333,984.175,0.82375,12.542072388285,0.739261156743062,140.991598008273,0.651144251908125,34.6775405019935,0.461070935373755,3761.92630208333,22.3013666075944,22.9970717331431,23.6927768586918,2962.66666666667,1.75586976245349,-2.20026420755802,2.27112658852843,-0.556577890175565,-1.50308741283654,0.91577041829049,2.66827474221843,0.233696453651824,17.5788550970251,192.617815032019,11.5250785087985,43.9603251239269,2,699.155,21.5779397025,0.333223456320953,0.147916666666667,,2.73691627382962,-5.19586208431412,-4.36319214696517,0.832669937348946,3.75059065519324,0.250685811864139,-46.1439556446358,-0.587686939908125,,0.27406771399607,-2492.02630208333,-5.82081105203876,-1.25451134666962,3.31178835869951,-340.375,2.65625,-478.666666666667,,,,,,,,,,,,,,,0,1.34500000000003,,0.666776543679047,-0.147916666666667
USA,Colorado_2023,2484,c,almont,US_almont2,-12.643546492198,4.02094707900682,19.7083673469388,26.4554166666667,717.2,2,Rocky Mountains,0.003124934,8.075,0.873269979269265,0.0271328196,84.8940177671785,0.0036282215,2.199290002,20.7972800578393,262.808822523051,12.6366919997304,0.17404001,45.7392501,53.65,3.48,866.609072041066,,1.06633831648292,1.06633831648292,1.06633831648292,0.0182273809454889,1,87.75,28.75,2526.875,9.41479785873828e-05,0.00387033467136912,0.0160971952905295,0.0943465165388121,0.00498230532718959,Colorado,16.2926630434783,47.6846467391304,0.347214673913044,0.9899469686072,0,0.55,,,-106.844210666667,38.6698886666667,3,16.6644935712048,4.14442001940522,23.0818920068028,flux142,38.6698886666667,0.241288285289075,643.8,Rocky Mountains,-2.99791421246892,-2.69228340388142,-0.305971364372468,-1.75634800514875,0.968554377388314,0.291909895113285,15.9247566429461,5.95848718465657,-9.96626945828954,82.0145833333333,984.175,0.82375,12.542072388285,0.739261156743062,140.991598008273,0.651144251908125,34.6775405019935,0.461070935373755,3761.92630208333,22.3013666075944,22.9970717331431,23.6927768586918,2962.66666666667,1.75586976245349,-2.20026420755802,2.27112658852843,-0.556577890175565,-1.50308741283654,0.91577041829049,2.66827474221843,0.233696453651824,17.5788550970251,192.617815032019,11.5250785087985,43.9603251239269,2,699.155,21.5779397025,0.333223456320953,0.147916666666667,,2.73691627382962,0.739736928258717,-1.93754010564975,-2.67727703390846,3.75059065519324,0.250685811864139,-56.0975802410948,-0.624011432308125,-26.6025405019935,0.41219904389551,-1235.05130208333,-2.59299926065556,0.0848202736596768,2.76263980797491,-340.375,2.65625,-478.666666666667,-2.06184112682595,0.443916202409271,-1.30257221114011,0.84848778528885,-1.49482679963238,-3.60805382217191,,-1.6705779573467,-0.468984740218431,-0.0596564436518237,3.21842496081416,70.1910074910325,1.11161349093186,1.77892497607306,0,18.0450000000001,,0.216776543679047,-0.147916666666667
USA,Colorado_2023,2484,c,almont,US_almont3,-9.8955072254487,2.44934439278361,22.250752688172,25.9195698924731,686.6,2,Rocky Mountains,0.0383048965,8.075,0.82890848544694,0.40906636705,130.994168411986,0.051338491,2.199290002,16.9990928644934,272.007368777107,12.6366919997304,0.17404001,45.7392501,53.65,3.48,866.609072041066,,1.52462777495179,1.52462777495179,1.52462777495179,0.100818978150757,1,72,18.5,1324.2,9.41479785873582e-05,0.00387033467136913,0.0160971952905295,0.0943465165388121,0.00498230532718958,Colorado,16.2926630434783,47.6846467391304,0.347214673913044,0.9899469686072,0,0.5,,,-106.844210666667,38.6698886666667,3,12.3448516182323,5.04006364094954,24.0851612903226,flux143,38.6698886666667,0.198410193052959,643.8,Rocky Mountains,-2.30643334100023,-2.24828170847005,0.169682150116224,-1.42574861068367,1.08992664217597,0.391072779027955,15.9247566429461,5.95848718465657,-9.96626945828954,82.0145833333333,984.175,0.82375,12.542072388285,0.739261156743062,140.991598008273,0.651144251908125,34.6775405019935,0.461070935373755,3761.92630208333,22.3013666075944,22.9970717331431,23.6927768586918,2962.66666666667,1.75586976245349,-2.20026420755802,2.27112658852843,-0.556577890175565,-1.50308741283654,0.91577041829049,2.66827474221843,0.233696453651824,17.5788550970251,192.617815032019,11.5250785087985,43.9603251239269,2,699.155,21.5779397025,0.333223456320953,0.147916666666667,,2.73691627382962,-3.5799050247138,-3.50914279187296,0.0707622328408366,3.75059065519324,0.250685811864139,-9.99742959628728,-0.242077884858125,-26.6025405019935,0.367837550073185,-2437.72630208333,-0.0506139194223643,1.08808955717948,2.22679303378131,-340.375,2.65625,-478.666666666667,-1.58618761233726,0.774515596874355,-1.18119994635245,0.94765066920352,-0.803345928163685,-3.16405212676054,,-1.21228849887783,-0.468984740218431,-0.0596564436518237,-0.579762232531738,79.3895537450885,1.11161349093186,1.77892497607306,0,-12.555,,0.166776543679047,-0.147916666666667
USA,Colorado_2023,2484,c,almont,US_almont4,-6.59500667749544,0.868564186738404,24.0263829787234,26.1564948453608,735.3,2,Rocky Mountains,0.0374849985,8.075,0.8301902074026,0.4037747843,131.512516348268,0.050590629,2.199290002,16.9400516988756,271.950008744047,12.6366919997304,0.17404001,45.7392501,53.65,3.48,866.609072041066,,1.52462777495179,1.52462777495179,1.52462777495179,0.100818978150757,1,87,21.15,1797.25,9.41479785873893e-05,0.00387033467136912,0.0160971952905295,0.0943465165388122,0.00498230532718959,Colorado,16.2926630434783,47.6846467391304,0.347214673913044,0.9899469686072,0,0.5,,,-106.844210666667,38.6698886666667,3,7.46357086423384,8.59299862714894,25.0914389120421,flux144,38.6698886666667,0.116373811214234,643.8,Rocky Mountains,-2.30661294488708,-2.25420740007433,0.171859180451384,-1.42517444521778,1.09190174871398,0.392668579132105,15.9247566429461,5.95848718465657,-9.96626945828954,82.0145833333333,984.175,0.82375,12.542072388285,0.739261156743062,140.991598008273,0.651144251908125,34.6775405019935,0.461070935373755,3761.92630208333,22.3013666075944,22.9970717331431,23.6927768586918,2962.66666666667,1.75586976245349,-2.20026420755802,2.27112658852843,-0.556577890175565,-1.50308741283654,0.91577041829049,2.66827474221843,0.233696453651824,17.5788550970251,192.617815032019,11.5250785087985,43.9603251239269,2,699.155,21.5779397025,0.333223456320953,0.147916666666667,,2.73691627382962,-8.46118577871226,-5.08992299791816,3.3712627807941,3.75059065519324,0.250685811864139,-9.47908166000528,-0.247369467608125,-26.6025405019935,0.369119272028845,-1964.67630208333,1.72501637112904,2.09436717889903,2.46371798666901,-340.375,2.65625,-478.666666666667,-1.5840105820021,0.775089762340244,-1.17922483981445,0.94924646930767,-0.803525532050544,-3.16997781836482,,-1.21228849887783,-0.468984740218431,-0.0596564436518237,-0.638803398149538,79.3321937120285,1.11161349093186,1.77892497607306,0,36.145,,0.166776543679047,-0.147916666666667
USA,Colorado_2023,2699,c,cbt,US_cbt1,-9.05947093757606,8.17169847250346,15.9158695652174,17.3160869565217,482.1,2,Rocky Mountains,0.10645449075,43.1481744375913,0.440026431875204,0.4309191958875,152.256657040417,0.4368058135,2.42993519400815,18.8894450013008,195.861819652207,10.330260148497,0.2352249758552,44.859681232018,66.5333333333333,2.17,773.781586793783,33.297813095,2.77404586207977,2.58346530304949,2.44276036553925,0.184545053232748,1,129.75,27.9,3624.025,-4.58889224169584e-05,0.00782196152966174,0.0360657962783787,0.0943478032134361,0.0130976036421711,Colorado,14.0694746376812,47.0464221014493,0.251929347826087,0.86513977540267,0.541666666666667,0.291666666666667,,,-106.9802689902,38.8818976676,4,17.2311694100795,2.10863989512827,16.6159782608696,flux145,38.8818976676,0.474239343716472,798.4,Rocky Mountains,-1.44627762506336,0.186328503638476,1.36982562606158,-1.85545614001474,2.02084577437152,-0.229944751460608,15.9247566429461,5.95848718465657,-9.96626945828954,82.0145833333333,984.175,0.82375,12.542072388285,0.739261156743062,140.991598008273,0.651144251908125,34.6775405019935,0.461070935373755,3761.92630208333,22.3013666075944,22.9970717331431,23.6927768586918,2962.66666666667,1.75586976245349,-2.20026420755802,2.27112658852843,-0.556577890175565,-1.50308741283654,0.91577041829049,2.66827474221843,0.233696453651824,17.5788550970251,192.617815032019,11.5250785087985,43.9603251239269,2,699.155,21.5779397025,0.333223456320953,0.147916666666667,,2.73691627382962,1.30641276713341,2.21321128784689,0.906798520713476,1.52740224939614,0.125878618659608,11.2650590321432,-0.220225056020625,8.47063393559779,-0.0210445034985508,-137.901302083334,-6.38549704237696,-6.38109347227352,-6.37668990217009,-185.775,1.34625,-263.666666666667,-0.386044136391908,0.344808067543285,-0.250280814156902,0.326633138714957,0.0568097877731795,-0.729441914652014,,-0.153450970780128,-0.238339548210281,0.00152852220337632,1.31058990427566,3.24400462018852,-1.19481836030151,0.89935610809107,0,-217.055,11.7198733925,-0.0415567896542864,0.39375
USA,Colorado_2023,2699,c,cbt,US_cbt2,-16.3655762626726,8.552960291335,19.7404081632653,20.7110869565217,531.2,2,Rocky Mountains,0.12221100725,42.4686897682629,0.561666076540018,0.2266381183,114.857460320878,0.318408286,2.43379535112128,20.278073278209,214.006234595752,11.2640605945037,0.2160673169948,46.0779596956645,66.5333333333333,2.17,773.781586793783,33.297813095,2.24946563784271,2.19555796927543,2.15009373309695,0.131316440066657,1,134,25.375,3481.8125,-4.58889224169652e-05,0.00782196152966174,0.0360657962783787,0.0943478032134361,0.0130976036421711,Colorado,14.0694746376812,47.0464221014493,0.251929347826087,0.86513977540267,0.583333333333333,0.416666666666667,,,-106.9802689902,38.8818976676,4,24.9185365540076,2.91343999097629,20.2257475598935,flux146,38.8818976676,0.343236861956062,798.4,Rocky Mountains,-2.44547428874513,-0.250953680136027,0.526452953779749,-1.93485697748143,1.49760159394163,0.493484635768643,15.9247566429461,5.95848718465657,-9.96626945828954,82.0145833333333,984.175,0.82375,12.542072388285,0.739261156743062,140.991598008273,0.651144251908125,34.6775405019935,0.461070935373755,3761.92630208333,22.3013666075944,22.9970717331431,23.6927768586918,2962.66666666667,1.75586976245349,-2.20026420755802,2.27112658852843,-0.556577890175565,-1.50308741283654,0.91577041829049,2.66827474221843,0.233696453651824,17.5788550970251,192.617815032019,11.5250785087985,43.9603251239269,2,699.155,21.5779397025,0.333223456320953,0.147916666666667,,2.73691627382962,8.9937799110615,2.59447310667843,-6.39930680438306,1.52740224939614,0.125878618659608,-26.1341376873953,-0.424506133608125,7.79114926626949,0.100595141166263,-280.113802083333,-2.56095844432906,-2.77132417324957,-2.98168990217009,-185.775,1.34625,-263.666666666667,-1.22941680867374,0.265407230076593,-0.773524994586801,1.05006252594421,-0.94238687590859,-1.16672409842652,,-0.541358304554188,-0.234479391097156,-0.0176291366570237,2.69921818118381,21.388419563733,-0.261017914294802,2.11763457173757,0,-167.955,11.7198733925,0.0834432103457136,0.435416666666667
USA,Colorado_2023,2699,c,cbt,US_cbt3,-9.43008532250208,9.18956489018159,22.395652173913,23.0361956521739,843.5,2,Rocky Mountains,0.10572634225,18.6774926708888,0.522525842724034,0.305218316075,132.647184401916,0.29844976175,2.7620247592676,18.179328563243,137.878725085208,13.9821052286824,0.197539978,41.61027343327,66.5333333333333,2.17,773.781586793783,33.297813095,3.00376978874492,2.84061579427335,2.70557725005179,0.171735740992271,1,139.75,16.275,2273.95,-4.5888922416962e-05,0.00782196152966174,0.0360657962783787,0.0943478032134361,0.0130976036421711,Colorado,14.0694746376812,47.0464221014493,0.251929347826087,0.86513977540267,0.291666666666667,0.09375,,,-106.9802689902,38.8818976676,4,18.6196502126837,2.02617321224615,22.7159239130435,flux147,38.8818976676,0.493541220442566,798.4,Rocky Mountains,-1.21206917619346,-0.807986147637817,1.67047439256456,-1.95968287014711,2.33633706523365,-1.71168132912353,15.9247566429461,5.95848718465657,-9.96626945828954,82.0145833333333,984.175,0.82375,12.542072388285,0.739261156743062,140.991598008273,0.651144251908125,34.6775405019935,0.461070935373755,3761.92630208333,22.3013666075944,22.9970717331431,23.6927768586918,2962.66666666667,1.75586976245349,-2.20026420755802,2.27112658852843,-0.556577890175565,-1.50308741283654,0.91577041829049,2.66827474221843,0.233696453651824,17.5788550970251,192.617815032019,11.5250785087985,43.9603251239269,2,699.155,21.5779397025,0.333223456320953,0.147916666666667,,2.73691627382962,2.69489356973756,3.23107770552502,0.536184135787456,1.52740224939614,0.125878618659608,-8.34441360635779,-0.345925935833125,-16.0000478311047,0.0614549073502786,-1487.97630208333,0.0942855663186357,-0.281147820099623,-0.656581206517885,-185.775,1.34625,-263.666666666667,-0.0853953698889234,0.240581337410909,0.0652104767052246,-1.15510343894797,0.29101823664308,-1.72375656592831,,0.103699520443732,0.0937500170491687,-0.0361564756518237,0.600473466217814,-54.7390899468105,2.45702671988382,-2.35005169065694,0,144.345,11.7198733925,-0.239473456320953,0.14375
USA,Colorado_2023,2699,c,cbt,US_cbt4,-8.68690020804826,6.14218453987406,23.9436956521739,24.4486021505376,831.2,2,Rocky Mountains,0.241086718,26.4414962910548,0.426140593500005,0.4758246942625,136.920746165698,0.72557109275,2.55142062531578,18.5122140286341,187.773744275055,10.3415055199883,0.24671655595835,44.6362062423343,66.5333333333333,2.17,773.781586793783,33.297813095,3.1725564627919,2.87237977190385,2.6564424651555,0.144312988306871,1,138.75,23.2,3321.7,-4.58889224169613e-05,0.00782196152966174,0.0360657962783787,0.0943478032134361,0.0130976036421711,Colorado,14.0694746376812,47.0464221014493,0.251929347826087,0.86513977540267,0.333333333333333,0.206879543094496,,,-106.9802689902,38.8818976676,4,14.8290847479223,2.41430140231937,24.1961489013558,flux148,38.8818976676,0.414198491969279,798.4,Rocky Mountains,-1.08408059801967,0.257119292513609,1.76100033537414,-1.81013764474554,2.23384636406283,-0.30917209474443,15.9247566429461,5.95848718465657,-9.96626945828954,82.0145833333333,984.175,0.82375,12.542072388285,0.739261156743062,140.991598008273,0.651144251908125,34.6775405019935,0.461070935373755,3761.92630208333,22.3013666075944,22.9970717331431,23.6927768586918,2962.66666666667,1.75586976245349,-2.20026420755802,2.27112658852843,-0.556577890175565,-1.50308741283654,0.91577041829049,2.66827474221843,0.233696453651824,17.5788550970251,192.617815032019,11.5250785087985,43.9603251239269,2,699.155,21.5779397025,0.333223456320953,0.147916666666667,,2.73691627382962,-1.09567189502379,0.183697355217492,1.27936925024128,1.52740224939614,0.125878618659608,-4.07085184257579,-0.175319557645625,-8.23604421093872,-0.0349303418737503,-440.226302083333,1.64232904457954,1.19907716821267,0.755825291845813,-185.775,1.34625,-263.666666666667,0.005130572920657,0.390126562812485,-0.0372802244655932,0.247405795431135,0.419006814816867,-0.658651125776881,,0.135463498074232,-0.116854116902656,0.0130201023065263,0.933358931608961,-4.84407075696348,-1.18357298881026,0.675881118407318,0,132.045,11.7198733925,-0.126343913226457,0.185416666666667
USA,Colorado_2023,2699,c,cbt,US_cbt5,-4.63587808284521,4.04282070523697,25.2116304347826,25.6918279569892,807.7,2,Rocky Mountains,0.15673272575,20.0521518278231,0.461669596704042,0.427542399325,138.604509187167,0.546578467,2.9905076048282,17.9438615883159,137.878725085208,15.1387462685057,0.197539978,41.6306197213328,66.5333333333333,2.17,773.781586793783,33.297813095,2.30842390051859,2.20460972229068,2.1229610749299,0.132252826378662,1,147.5,16.375,2407.25,-4.58889224169674e-05,0.00782196152966174,0.0360657962783787,0.0943478032134361,0.0130976036421711,Colorado,14.0694746376812,47.0464221014493,0.251929347826087,0.86513977540267,0.333333333333333,0,,,-106.9802689902,38.8818976676,4,8.67869878808218,2.14669395969997,25.4517291958859,flux149,38.8818976676,0.465832586653276,798.4,Rocky Mountains,-0.939987508249227,-0.360787566356185,1.86743375341647,-1.76313119367723,2.36744521584255,-1.54683953796691,15.9247566429461,5.95848718465657,-9.96626945828954,82.0145833333333,984.175,0.82375,12.542072388285,0.739261156743062,140.991598008273,0.651144251908125,34.6775405019935,0.461070935373755,3761.92630208333,22.3013666075944,22.9970717331431,23.6927768586918,2962.66666666667,1.75586976245349,-2.20026420755802,2.27112658852843,-0.556577890175565,-1.50308741283654,0.91577041829049,2.66827474221843,0.233696453651824,17.5788550970251,192.617815032019,11.5250785087985,43.9603251239269,2,699.155,21.5779397025,0.333223456320953,0.147916666666667,,2.73691627382962,-7.24605785486393,-1.9156664794196,5.33039137544433,1.52740224939614,0.125878618659608,-2.38708882110629,-0.223601852583125,-14.6253886741704,0.000598661330287187,-1354.67630208333,2.91026382718824,2.45465746274283,1.99905109829741,-185.775,1.34625,-263.666666666667,0.111563990962987,0.437133013880793,0.0963186273141257,-0.990261647791347,0.563099904587314,-1.27655798464668,,-0.532306551538938,0.322232862609769,-0.0361564756518237,0.365006491290764,-54.7390899468105,3.61366775970717,-2.32970540259419,0,108.545,11.7198733925,-0.333223456320953,0.185416666666667
USA,Colorado_2023,2811,c,road,US_road1,-12.1300663049813,10.6690467891752,17.6158241758242,18.5637234042553,566.5,2,Rocky Mountains,0.19006965975,47.1557740059054,0.3682529838876,0.2398153686875,142.573463154051,0.65288153275,2.51371745571345,18.0998567413179,197.172280341312,10.6594765030387,0.23581997249085,43.7930225053645,68.65,1.62,736.799185717604,26.36302735,4.12401783429969,4.03041954702112,3.93762405698526,0.19161170849256,1,101.125,25.95,2647.5125,-4.79371581497404e-05,0.00799413532388532,0.0369461908161759,0.0943476799905343,0.0134505962826615,Colorado,13.3363224637681,48.3942481884058,0.307640398550725,0.803486819180086,0,0.487506334245465,,,-106.9786007326,38.8968994912,5,22.7991130941565,2.13694002329135,18.0897737900398,flux150,38.8968994912,0.467958851956821,823.8,Rocky Mountains,-1.42052893124695,0.791312223033445,1.66104585301111,-2.1920706027793,2.29026212091157,-0.773192587381922,15.9247566429461,5.95848718465657,-9.96626945828954,82.0145833333333,984.175,0.82375,12.542072388285,0.739261156743062,140.991598008273,0.651144251908125,34.6775405019935,0.461070935373755,3761.92630208333,22.3013666075944,22.9970717331431,23.6927768586918,2962.66666666667,1.75586976245349,-2.20026420755802,2.27112658852843,-0.556577890175565,-1.50308741283654,0.91577041829049,2.66827474221843,0.233696453651824,17.5788550970251,192.617815032019,11.5250785087985,43.9603251239269,2,699.155,21.5779397025,0.333223456320953,0.147916666666667,,2.73691627382962,6.87435645121039,4.71055960451863,-2.16379684669176,0.794250075483092,0.0642256624370243,1.58186514577773,-0.411328883220625,12.4782335039119,-0.0928179514861549,-1114.41380208333,-4.68554243177016,-4.90729794310332,-5.12905345443649,-160.375,0.79625,-151.666666666667,-0.0948239094423784,0.00819360477872255,0.0191355323831446,-0.216614697206358,0.0825584815895908,-0.124458195257045,,1.2935032731915,-0.154557286504982,0.00212351883902634,0.521001644292714,4.55446530929299,-0.865602005759838,-0.167302618562431,0,-132.655,4.7850876475,0.154282877924512,-0.147916666666667
USA,Colorado_2023,2811,c,road,US_road2,-13.1169352581483,7.33489354575236,20.5014285714286,21.4152688172043,840.5,2,Rocky Mountains,0.338480971,37.8483206183673,0.410702942108675,0.41943889935,117.696244923476,1.35145286825,2.6422643707459,18.5541722397442,189.26456648446,10.7950303346024,0.24476673884615,43.2895315261948,68.65,1.62,736.799185717604,26.36302735,3.72460169843537,3.61545317093123,3.50808902488738,0.178152627764519,1,117.75,34.075,4034.425,-4.79371581497542e-05,0.00799413532388532,0.0369461908161759,0.0943476799905343,0.0134505962826615,Colorado,13.3363224637681,48.3942481884058,0.307640398550725,0.803486819180086,0.125,0.452991452991453,,,-106.9786007326,38.8968994912,5,20.4518288039007,2.78829251935692,20.9583486943165,flux151,38.8968994912,0.358642428316895,823.8,Rocky Mountains,-1.70624545049307,0.946808806316565,1.8114421699764,-2.56910933553157,2.50873428713659,-1.02424890261213,15.9247566429461,5.95848718465657,-9.96626945828954,82.0145833333333,984.175,0.82375,12.542072388285,0.739261156743062,140.991598008273,0.651144251908125,34.6775405019935,0.461070935373755,3761.92630208333,22.3013666075944,22.9970717331431,23.6927768586918,2962.66666666667,1.75586976245349,-2.20026420755802,2.27112658852843,-0.556577890175565,-1.50308741283654,0.91577041829049,2.66827474221843,0.233696453651824,17.5788550970251,192.617815032019,11.5250785087985,43.9603251239269,2,699.155,21.5779397025,0.333223456320953,0.147916666666667,,2.73691627382962,4.52707216095456,1.37640636109579,-3.15066579985876,0.794250075483092,0.0642256624370243,-23.2953530847975,-0.231705352558125,3.17078011637384,-0.0503679932650798,272.498697916667,-1.79993803616576,-2.03872303882662,-2.27750804148749,-160.375,0.79625,-151.666666666667,0.0555724075229158,-0.368845127973547,0.23760769860816,-0.467671012436566,-0.203158037656533,0.0310383880260748,,0.878536897101612,-0.0260103714725317,0.0110702851943263,0.975317142719064,-3.353248547558,-0.730048174196115,-0.670793597732185,0,141.345,4.7850876475,0.1197679966705,-0.0229166666666666
USA,Colorado_2023,2811,c,road,US_road3,-12.5055805637248,10.2385157475623,23.2991304347826,24.0011827956989,733.7,2,Rocky Mountains,0.2176782015,28.8083079630031,0.356114276566603,0.4598275931625,129.93839142408,0.869610283,2.4105728316078,20.0333714331479,177.139494713418,9.25631710314969,0.2604246164803,43.9870029428003,68.65,1.62,736.799185717604,26.36302735,2.13398432421844,2.11134523808992,2.08986933571547,0.130581838930602,1,121,44.275,5361.5375,-4.79371581497488e-05,0.00799413532388532,0.0369461908161759,0.0943476799905343,0.0134505962826615,Colorado,13.3363224637681,48.3942481884058,0.307640398550725,0.803486819180086,0.125,0.303030303030303,,,-106.9786007326,38.8968994912,5,22.7440963112871,2.2214251432589,23.6501566152408,flux152,38.8968994912,0.450161466405736,823.8,Rocky Mountains,-0.873717028056039,0.407955683746167,1.94964155614994,-2.00005679907653,2.43399507769952,-0.840164279165045,15.9247566429461,5.95848718465657,-9.96626945828954,82.0145833333333,984.175,0.82375,12.542072388285,0.739261156743062,140.991598008273,0.651144251908125,34.6775405019935,0.461070935373755,3761.92630208333,22.3013666075944,22.9970717331431,23.6927768586918,2962.66666666667,1.75586976245349,-2.20026420755802,2.27112658852843,-0.556577890175565,-1.50308741283654,0.91577041829049,2.66827474221843,0.233696453651824,17.5788550970251,192.617815032019,11.5250785087985,43.9603251239269,2,699.155,21.5779397025,0.333223456320953,0.147916666666667,,2.73691627382962,6.819339668341,4.28002856290573,-2.53931110543526,0.794250075483092,0.0642256624370243,-11.0532065841938,-0.191316658745625,-5.86923253899041,-0.104956658807152,1599.61119791667,0.997763827188237,0.653084882097677,0.308405937007112,-160.375,0.79625,-151.666666666667,0.19377179369645,0.200207408481493,0.162868489171094,-0.283586388989481,0.629370384780502,-0.507814734544323,,-0.625571035739698,-0.257701910610631,0.0267281628284763,2.45451633612281,-15.4783203186005,-2.26876140564885,0.0266778188733099,0,34.5450000000001,4.7850876475,-0.0301931532906501,-0.0229166666666666
USA,Colorado_2023,2811,c,road,US_road4,-13.8330505347537,13.2733766167682,25.3795652173913,25.8405376344086,838.9,2,Rocky Mountains,0.16645973225,54.7953248122956,0.411530059901687,0.763993891,134.75434106843,0.4842987095,2.48582684910255,18.5676339770908,213.616773537587,11.7313404782978,0.2118962324639,44.0311784883267,68.65,1.62,736.799185717604,26.36302735,2.05302044354598,2.01747364376011,1.98491286539729,0.130296387016984,1,139.875,45.275,6337.89375,-4.79371581497392e-05,0.00799413532388533,0.0369461908161759,0.0943476799905343,0.0134505962826615,Colorado,13.3363224637681,48.3942481884058,0.307640398550725,0.803486819180086,0.375,0.398863636363636,,,-106.9786007326,38.8968994912,5,27.1064271515219,2.04216515014563,25.6100514259,flux153,38.8968994912,0.489676361350447,823.8,Rocky Mountains,-1.94601409669688,0.8138437719341,1.13494299832044,-2.20788883547045,1.93584511859615,-0.587775548738458,15.9247566429461,5.95848718465657,-9.96626945828954,82.0145833333333,984.175,0.82375,12.542072388285,0.739261156743062,140.991598008273,0.651144251908125,34.6775405019935,0.461070935373755,3761.92630208333,22.3013666075944,22.9970717331431,23.6927768586918,2962.66666666667,1.75586976245349,-2.20026420755802,2.27112658852843,-0.556577890175565,-1.50308741283654,0.91577041829049,2.66827474221843,0.233696453651824,17.5788550970251,192.617815032019,11.5250785087985,43.9603251239269,2,699.155,21.5779397025,0.333223456320953,0.147916666666667,,2.73691627382962,11.1816705085758,7.31488943211163,-3.86678107646416,0.794250075483092,0.0642256624370243,-6.23725693984378,0.112849639091875,20.1177843103021,-0.0495408754720673,2575.96744791667,3.07819860979694,2.61297969275688,2.14776077571682,-160.375,0.79625,-151.666666666667,-0.620926764133045,-0.00762462791243168,-0.335281469932281,-0.031197658562893,-0.44292668386034,-0.10192664635639,,-0.719442630069508,-0.182447893115882,-0.0218002211879237,0.988778880065663,20.998958505568,0.206261969499254,0.0708533643998095,0,139.745,4.7850876475,0.0656401800426833,0.227083333333333
USA,Colorado_2023,3171,c,pfeiler,US_pfeiler1,-9.64685433291572,4.91545466796354,21.299247311828,21.8063917525773,658.5,2,Rocky Mountains,0.2711612,31.4864534375,0.298749192517235,0.4028952916,168.147156965455,0.9060291,3.1962427985824,13.8499722874553,154.349330278751,11.2768365112972,0.2834343475123,43.329907425764,96.05,-0.48,606.83263340512,10.372632535,1.98926738442874,1.98036297919117,1.97153266237657,0.121082754673658,1,107.25,35.45,3752.85,-5.77818006008138e-05,0.00819238564874501,0.0379739312276754,0.0943482881522605,0.0138855780514623,Colorado,11.029393115942,52.9390851449275,0.290412137681159,0.629552172925528,0,0.141710143444952,,,-107.0314421354,38.9608656524,6,14.5623090008793,2.96255585384381,21.5528195322027,flux154,38.9608656524,0.337546378645498,1152.6,Rocky Mountains,-0.327345595481241,0.970658773154254,2.99548857749621,-1.78022642540638,3.22433935729919,-0.664861218977069,15.9247566429461,5.95848718465657,-9.96626945828954,82.0145833333333,984.175,0.82375,12.542072388285,0.739261156743062,140.991598008273,0.651144251908125,34.6775405019935,0.461070935373755,3761.92630208333,22.3013666075944,22.9970717331431,23.6927768586918,2962.66666666667,1.75586976245349,-2.20026420755802,2.27112658852843,-0.556577890175565,-1.50308741283654,0.91577041829049,2.66827474221843,0.233696453651824,17.5788550970251,192.617815032019,11.5250785087985,43.9603251239269,2,699.155,21.5779397025,0.333223456320953,0.147916666666667,,2.73691627382962,-1.36244764206685,-1.04303251669303,0.319415125373817,-1.512679272343,-0.109708983817533,27.1555589571817,-0.248248960308125,-3.19108706449346,-0.16232174285652,-9.0763020833333,-1.00211929576636,-1.44425220094042,-1.88638510611449,168.425,-1.30375,208.333333333333,1.23961881504272,0.420037782151645,0.953212768770767,-0.108283328801504,1.1757418173553,0.0548883548637642,,-0.756553294638448,0.527968056363969,0.0497378938604763,-3.72888280956984,-38.2684847532675,-0.248241997501356,-0.630417698162937,0,-40.655,-11.2053071675,-0.191513312876001,-0.147916666666667
USA,Colorado_2023,3171,c,pfeiler,US_pfeiler2,-9.38676988681764,7.88473786898248,23.1054838709677,23.7179787234043,288,2,Rocky Mountains,1.22108478225,36.6615262123831,0.274321370062243,1.8999400468375,173.568368761445,7.1358735955,3.45633522135043,12.8972965802292,158.288218311389,12.1930746792726,0.28346707555445,43.7462149104973,96.05,-0.48,606.83263340512,10.372632535,4.42814494833729,4.16011075617983,3.94379362685094,0.595594591534037,1,136.25,59.45,8116.425,-5.77818006008088e-05,0.00819238564874501,0.0379739312276754,0.0943482881522605,0.0138855780514623,Colorado,11.029393115942,52.9390851449275,0.290412137681159,0.629552172925528,0,0.0998008971939955,,,-107.0314421354,38.9608656524,6,17.2715077558001,2.19049866245319,23.411731297186,flux155,38.9608656524,0.456517055746602,1152.6,Rocky Mountains,-1.1819224686029,5.15240259521755,3.5214149072503,-3.0727569063983,3.23860967278623,-0.256535403151522,15.9247566429461,5.95848718465657,-9.96626945828954,82.0145833333333,984.175,0.82375,12.542072388285,0.739261156743062,140.991598008273,0.651144251908125,34.6775405019935,0.461070935373755,3761.92630208333,22.3013666075944,22.9970717331431,23.6927768586918,2962.66666666667,1.75586976245349,-2.20026420755802,2.27112658852843,-0.556577890175565,-1.50308741283654,0.91577041829049,2.66827474221843,0.233696453651824,17.5788550970251,192.617815032019,11.5250785087985,43.9603251239269,2,699.155,21.5779397025,0.333223456320953,0.147916666666667,,2.73691627382962,1.34675111285402,1.92625068432591,0.579499571471896,-1.512679272343,-0.109708983817533,32.5767707531712,1.24879579492938,1.98398571038959,-0.186749565311512,4354.49869791667,0.804117263373335,0.414659564042928,0.0252018647125141,168.425,-1.30375,208.333333333333,1.76554514479681,-0.872492698840284,0.967483084257804,0.300042487024042,0.32116494423364,4.23663217692706,,1.42319448235021,0.788060479131994,0.0497706219026263,-4.68155851679599,-34.3295967206295,0.667996170474085,-0.214110213429684,0,-411.155,-11.2053071675,-0.233422559126958,-0.147916666666667
USA,Colorado_2023,3171,c,pfeiler,US_pfeiler3,-11.888111979013,9.32245978723411,25.2336036036036,25.8069696969697,712.8,2,Rocky Mountains,1.61991890375,56.35401927955,0.211390227877985,3.409735717425,203.865965560958,9.051727216,3.4401160624273,12.8376356694029,143.372780456198,11.6099062352747,0.296308686109375,43.2438267569133,96.05,-0.48,606.83263340512,10.372632535,5.70511087263848,5.70069842216042,5.69631896571549,0.642096183840819,1,145,55.9,8165.8,-5.77818006008114e-05,0.008192385648745,0.0379739312276754,0.0943482881522605,0.0138855780514623,Colorado,11.029393115942,52.9390851449275,0.290412137681159,0.629552172925528,0,0.111363793017019,,,-107.0314421354,38.9608656524,6,21.2105717662471,2.27521193443947,25.5202866502867,flux156,38.9608656524,0.439519494805376,1152.6,Rocky Mountains,-1.56463208704623,7.71913920693138,3.96107811680711,-3.97566636546414,3.48426705853257,-0.586235898530447,15.9247566429461,5.95848718465657,-9.96626945828954,82.0145833333333,984.175,0.82375,12.542072388285,0.739261156743062,140.991598008273,0.651144251908125,34.6775405019935,0.461070935373755,3761.92630208333,22.3013666075944,22.9970717331431,23.6927768586918,2962.66666666667,1.75586976245349,-2.20026420755802,2.27112658852843,-0.556577890175565,-1.50308741283654,0.91577041829049,2.66827474221843,0.233696453651824,17.5788550970251,192.617815032019,11.5250785087985,43.9603251239269,2,699.155,21.5779397025,0.333223456320953,0.147916666666667,,2.73691627382962,5.285815123301,3.36397260257754,-1.92184252072346,-1.512679272343,-0.109708983817533,62.8743675526847,2.75859146551688,21.6764787775565,-0.24968070749577,4403.87369791667,2.93223699600924,2.52321491714358,2.11419283827791,168.425,-1.30375,208.333333333333,2.20520835435362,-1.77540215790612,1.21314047000414,-0.0296580083548826,-0.0615446742096943,6.80336878864089,,2.9637821483308,0.771841320208869,0.0626122324575513,-4.74121942762224,-49.24503457582,0.0848277264762025,-0.716498367013685,0,13.645,-11.2053071675,-0.221859663303934,-0.147916666666667
USA,Colorado_2023,3171,c,pfeiler,US_pfeiler4,-16.7564896142468,7.1220713112908,26.5069473684211,26.8133333333333,761.5,2,Rocky Mountains,0.41908246825,33.5681446800596,0.321649831241498,0.766483332375,174.682405833018,1.60982875325,3.36268481428493,13.1586802087626,151.565729491905,11.5727523770999,0.2905691493874,43.9014919410258,96.05,-0.48,606.83263340512,10.372632535,1.95775226967635,1.95562345660912,1.95347473686408,0.123794195868659,1,142,38.15,5389.925,-5.77818006008197e-05,0.00819238564874501,0.0379739312276754,0.0943482881522605,0.0138855780514623,Colorado,11.029393115942,52.9390851449275,0.290412137681159,0.629552172925528,0,0.11850405783264,,,-107.0314421354,38.9608656524,6,23.8785609255376,3.35275510197185,26.6601403508772,flux157,38.9608656524,0.29826216636338,1152.6,Rocky Mountains,-0.571935734955666,1.61068963125023,3.08139578126578,-1.90800029519737,3.25154035312449,-0.245752581230612,15.9247566429461,5.95848718465657,-9.96626945828954,82.0145833333333,984.175,0.82375,12.542072388285,0.739261156743062,140.991598008273,0.651144251908125,34.6775405019935,0.461070935373755,3761.92630208333,22.3013666075944,22.9970717331431,23.6927768586918,2962.66666666667,1.75586976245349,-2.20026420755802,2.27112658852843,-0.556577890175565,-1.50308741283654,0.91577041829049,2.66827474221843,0.233696453651824,17.5788550970251,192.617815032019,11.5250785087985,43.9603251239269,2,699.155,21.5779397025,0.333223456320953,0.147916666666667,,2.73691627382962,7.95380428259149,1.16358412663423,-6.79022015595726,-1.512679272343,-0.109708983817533,33.6908078247447,0.115339080466875,-1.10939582193392,-0.139421104132257,1627.99869791667,4.20558076082673,3.66306861773413,3.12055647464151,168.425,-1.30375,208.333333333333,1.3255260188123,0.292263912360654,0.980413764596067,0.310825308944953,0.931151677880874,0.694919212959745,,-0.781292817220498,0.694410072066494,0.0568726957355763,-4.42017488826254,-41.052085540114,0.0476738683013434,-0.0588331829011821,0,62.345,-11.2053071675,-0.214719398488313,-0.147916666666667
USA,Colorado_2023,3171,c,pfeiler,US_pfeiler5,-17.4083967177795,6.9060345400144,27.2856701030928,27.4561224489796,764.1,2,Rocky Mountains,0.38721071975,35.1281388119469,0.334013655319555,0.677721360525,180.414948769748,1.41315005625,3.21826500072815,13.6537201205058,147.720667494507,10.5200597867811,0.305916987731575,43.2561059726168,96.05,-0.48,606.83263340512,10.372632535,2.93879819278853,2.89541762237358,2.85803336728993,0.157680195150284,1,131,46.45,6145.35,-5.77818006008206e-05,0.00819238564874501,0.0379739312276754,0.0943482881522605,0.0138855780514623,Colorado,11.029393115942,52.9390851449275,0.290412137681159,0.629552172925528,0,0.224794397900174,,,-107.0314421354,38.9608656524,6,24.3144312577939,3.52075146987944,27.3708962760362,flux158,38.9608656524,0.284030272671942,1152.6,Rocky Mountains,-0.598840134518954,1.49963588030538,3.2353151781462,-2.21370107585622,3.48744444450088,-0.749546234881451,15.9247566429461,5.95848718465657,-9.96626945828954,82.0145833333333,984.175,0.82375,12.542072388285,0.739261156743062,140.991598008273,0.651144251908125,34.6775405019935,0.461070935373755,3761.92630208333,22.3013666075944,22.9970717331431,23.6927768586918,2962.66666666667,1.75586976245349,-2.20026420755802,2.27112658852843,-0.556577890175565,-1.50308741283654,0.91577041829049,2.66827474221843,0.233696453651824,17.5788550970251,192.617815032019,11.5250785087985,43.9603251239269,2,699.155,21.5779397025,0.333223456320953,0.147916666666667,,2.73691627382962,8.38967461484779,0.947547355357832,-7.44212725948996,-1.512679272343,-0.109708983817533,39.4233507614747,0.0265771086168749,0.450598309953435,-0.1270572800542,2383.42369791667,4.98430349549844,4.37382454289313,3.76334559028781,168.425,-1.30375,208.333333333333,1.47944541569272,-0.0134368682981982,1.21631785597246,-0.192968344705886,0.904247278317587,0.58386546201489,,0.158501348543962,0.549990258509718,0.0722205340797513,-3.92513497651929,-44.8971475375115,-1.00501872201744,-0.704219151310184,0,64.9450000000001,-11.2053071675,-0.108429058420779,-0.147916666666667
USA,Colorado_2023,3371,c,pbm,US_pbm4,-4.23697552003448,1.1483557911357,27.4651111111111,27.7073626373626,753.3,2,Rocky Mountains,0.73192135,66.1572867031394,0.267665290911485,0.81819295905,144.457688414124,3.44225575,2.06317332057095,22.4861393024865,223.541597880595,10.0052055216925,0.206209989,43.7984521654835,103.016666666667,-1.26,563.13878287548,11.40331745,3.77790906070041,3.7713754103249,3.76485305947686,0.304571447862816,1,115,28.7,3197,-5.83545352428078e-05,0.00822865252905,0.0381259699679818,0.0943483735382075,0.0139338204816377,Colorado,9.83641304347826,56.6964221014493,0.520384963768116,0.535252998999778,0.25,0.360294117647059,,,-107.0409444164,38.9694708876,7,5.38533131117018,4.68960173557726,27.5862368742369,flux159,38.9694708876,0.213237723880385,1236.2,Rocky Mountains,-2.06227324643117,3.84296287787922,1.37879463399677,-3.26699679639107,1.72069463030809,-1.07377268672584,15.9247566429461,5.95848718465657,-9.96626945828954,82.0145833333333,984.175,0.82375,12.542072388285,0.739261156743062,140.991598008273,0.651144251908125,34.6775405019935,0.461070935373755,3761.92630208333,22.3013666075944,22.9970717331431,23.6927768586918,2962.66666666667,1.75586976245349,-2.20026420755802,2.27112658852843,-0.556577890175565,-1.50308741283654,0.91577041829049,2.66827474221843,0.233696453651824,17.5788550970251,192.617815032019,11.5250785087985,43.9603251239269,2,699.155,21.5779397025,0.333223456320953,0.147916666666667,,2.73691627382962,-10.5394253317759,-4.81013139352087,5.72929393825506,-2.70565934480677,-0.204008157743284,3.46609040585071,0.167048707141875,31.4797462011459,-0.19340564446227,-564.926302083333,5.16374450351674,4.58916514109378,4.01458577867081,252.025,-2.08375,408.333333333334,-0.377075128456719,-1.06673258883305,-0.550431958220338,-0.517194796550277,-0.559185833594627,2.92719245958873,,1.03445913649528,-0.605101421647481,-0.0274864646518237,4.90728420546136,30.9237828485765,-1.51987298710604,-0.161872958443432,0,54.145,-10.1746222525,0.0270706613261058,0.102083333333333
USA,Colorado_2023,3371,c,pbm,US_pbm5,-4.36933986128657,2.30453619109737,28.3263736263736,28.7907692307692,730,2,Rocky Mountains,0.33089025,55.8969680181047,0.2874930142486,0.39526657135,132.198083283538,1.18655455,2.14246783649535,21.3204212024235,223.541597880595,10.3897383772973,0.206209989,42.8369520950055,103.016666666667,-1.26,563.13878287548,11.40331745,2.95110792753408,2.95090652894204,2.95070624858973,0.18743300692966,1,86.5,18.65,1662.05,-5.8354535242802e-05,0.00822865252905,0.0381259699679818,0.0943483735382075,0.0139338204816377,Colorado,9.83641304347826,56.6964221014493,0.520384963768116,0.535252998999778,0,0.406647116324536,,,-107.0409444164,38.9694708876,7,6.67387605238394,2.89597363589503,28.5585714285714,flux160,38.9694708876,0.345307010949683,1236.2,Rocky Mountains,-1.56635637573809,1.81528060815477,1.40020868680433,-2.68801061891483,1.96921427941437,-1.54439274768774,15.9247566429461,5.95848718465657,-9.96626945828954,82.0145833333333,984.175,0.82375,12.542072388285,0.739261156743062,140.991598008273,0.651144251908125,34.6775405019935,0.461070935373755,3761.92630208333,22.3013666075944,22.9970717331431,23.6927768586918,2962.66666666667,1.75586976245349,-2.20026420755802,2.27112658852843,-0.556577890175565,-1.50308741283654,0.91577041829049,2.66827474221843,0.233696453651824,17.5788550970251,192.617815032019,11.5250785087985,43.9603251239269,2,699.155,21.5779397025,0.333223456320953,0.147916666666667,,2.73691627382962,-9.25088059056216,-3.6539509935592,5.59692959700297,-2.70565934480677,-0.204008157743284,-8.79351472473528,-0.255877680558125,21.2194275161112,-0.173577921125155,-2099.87630208333,6.02500701877924,5.56149969542832,5.09799237207741,252.025,-2.08375,408.333333333334,-0.355661075649159,-0.48774641135681,-0.301912309114061,-0.987814857512175,-0.0632689629015468,0.89951018986428,,0.213990255112422,-0.525806905723081,-0.0274864646518237,3.74156610539836,30.9237828485765,-1.13534013150126,-1.12337302892144,0,30.845,-10.1746222525,0.0734236600035826,-0.147916666666667
