datetime,type,elevation,treatment,plot,temperature,flux_best,tier,par,site,latitude,longitude,plot_id,burn_year,date,year,aspect,season,location
2016-08-12T08:54:00Z,nee,3850,c,7,20.611,1.18815042192501,China_2016,867.628450704225,A,29.88911,102.0173,CH_A7,,2016-08-12,2016,,not_part_of_the_dataset,China
2016-08-12T11:25:00Z,nee,3850,c,2,21.612,-2.32189247991462,China_2016,1862.62672131148,A,29.88911,102.0173,CH_A2,,2016-08-12,2016,,not_part_of_the_dataset,China
2016-08-12T08:57:00Z,reco,3850,c,7,20.611,4.88269443580448,China_2016,2.50736263736264,A,29.88911,102.0173,CH_A7,,2016-08-12,2016,,not_part_of_the_dataset,China
2016-08-12T11:28:00Z,reco,3850,c,2,22.8767362637363,10.0095107405395,China_2016,1.8178021978022,A,29.88911,102.0173,CH_A2,,2016-08-12,2016,,not_part_of_the_dataset,China
2016-08-12T09:24:00Z,nee,3850,c,6,20.611,2.58111005146157,China_2016,789.206557377049,A,29.88911,102.0173,CH_A6,,2016-08-12,2016,,not_part_of_the_dataset,China
2016-08-12T09:27:00Z,reco,3850,c,6,20.611,8.18949051169089,China_2016,5.67802197802198,A,29.88911,102.0173,CH_A6,,2016-08-12,2016,,not_part_of_the_dataset,China
2016-08-12T11:03:00Z,nee,3850,c,1,17.607,-4.15850276738034,China_2016,794.459607843137,A,29.88911,102.0173,CH_A1,,2016-08-12,2016,,not_part_of_the_dataset,China
2016-08-12T11:10:00Z,nee,3850,c,3,19.010862745098,-1.46901448066624,China_2016,1277.14647058824,A,29.88911,102.0173,CH_A3,,2016-08-12,2016,,not_part_of_the_dataset,China
2016-08-12T12:46:00Z,nee,3850,c,4,16.606,-1.22758981160461,China_2016,549.941267605634,A,29.88911,102.0173,CH_A4,,2016-08-12,2016,,not_part_of_the_dataset,China
2016-08-12T11:06:00Z,reco,3850,c,1,18.108,10.187539466501,China_2016,2.80010989010989,A,29.88911,102.0173,CH_A1,,2016-08-12,2016,,not_part_of_the_dataset,China
2016-08-12T11:13:00Z,reco,3850,c,3,19.0884285714286,8.91505899267242,China_2016,4.24868131868132,A,29.88911,102.0173,CH_A3,,2016-08-12,2016,,not_part_of_the_dataset,China
2016-08-12T12:49:00Z,reco,3850,c,4,16.606,6.30384991907187,China_2016,3.03472527472527,A,29.88911,102.0173,CH_A4,,2016-08-12,2016,,not_part_of_the_dataset,China
2016-08-12T09:55:00Z,nee,3850,c,5,23.4757450980392,-0.119154928241263,China_2016,845.843333333333,A,29.88911,102.0173,CH_A5,,2016-08-12,2016,,not_part_of_the_dataset,China
2016-08-12T09:58:00Z,reco,3850,c,5,23.1789340659341,6.15162761887526,China_2016,5.84153846153846,A,29.88911,102.0173,CH_A5,,2016-08-12,2016,,not_part_of_the_dataset,China
2016-08-13T09:30:00Z,nee,4100,c,5,19.109,-0.520677550198739,China_2016,261.093406593407,H,29.90742,102.0118,CH_H5,,2016-08-13,2016,,not_part_of_the_dataset,China
2016-08-13T10:29:00Z,nee,4100,c,4,18.609,-6.16508002626152,China_2016,1107.24852459016,H,29.90742,102.0118,CH_H4,,2016-08-13,2016,,not_part_of_the_dataset,China
2016-08-13T10:32:00Z,reco,4100,c,4,18.3291621621622,3.09666648927881,China_2016,3.77081081081081,H,29.90742,102.0118,CH_H4,,2016-08-13,2016,,not_part_of_the_dataset,China
2016-08-13T11:52:00Z,nee,4100,c,1,20.4349436619718,1.89476416661093,China_2016,663.408591549296,H,29.90742,102.0118,CH_H1,,2016-08-13,2016,,not_part_of_the_dataset,China
2016-08-13T12:12:00Z,nee,4100,c,3,19.071021978022,-2.6312743381076,China_2016,1473.60879120879,H,29.90742,102.0118,CH_H3,,2016-08-13,2016,,not_part_of_the_dataset,China
2016-08-13T11:55:00Z,reco,4100,c,1,20.111,4.73824612726234,China_2016,2.59307692307692,H,29.90742,102.0118,CH_H1,,2016-08-13,2016,,not_part_of_the_dataset,China
2016-08-13T12:15:00Z,reco,4100,c,3,20.111,6.76540162776368,China_2016,3.39967032967033,H,29.90742,102.0118,CH_H3,,2016-08-13,2016,,not_part_of_the_dataset,China
2016-08-11T15:00:00Z,nee,3500,c,3,21.612,0.277138039701486,China_2016,570.377183098592,M,29.86192,102.036,CH_M3,,2016-08-11,2016,,not_part_of_the_dataset,China
2016-08-11T15:08:00Z,nee,3500,c,4,20.611,1.04824375053067,China_2016,485.836913580247,M,29.86192,102.036,CH_M4,,2016-08-11,2016,,not_part_of_the_dataset,China
2016-08-11T16:19:00Z,nee,3500,c,1,19.061,6.93555369992535,China_2016,691.223442622951,M,29.86192,102.036,CH_M1,,2016-08-11,2016,,not_part_of_the_dataset,China
2016-08-11T15:29:00Z,nee,3500,c,6,20.611,0.0913594337388507,China_2016,614.857323943662,M,29.86192,102.036,CH_M6,,2016-08-11,2016,,not_part_of_the_dataset,China
2016-08-11T15:03:00Z,reco,3500,c,3,21.4417872340426,3.86633375957954,China_2016,1.66652482269504,M,29.86192,102.036,CH_M3,,2016-08-11,2016,,not_part_of_the_dataset,China
2016-08-11T15:11:00Z,reco,3500,c,4,20.111,6.42850362257509,China_2016,1.68472527472527,M,29.86192,102.036,CH_M4,,2016-08-11,2016,,not_part_of_the_dataset,China
2016-08-11T16:23:00Z,reco,3500,c,1,20.111,12.9526569346241,China_2016,1.2021978021978,M,29.86192,102.036,CH_M1,,2016-08-11,2016,,not_part_of_the_dataset,China
2016-08-11T15:33:00Z,reco,3500,c,6,20.4077032967033,8.49298197728568,China_2016,0.78032967032967,M,29.86192,102.036,CH_M6,,2016-08-11,2016,,not_part_of_the_dataset,China
2016-08-11T12:12:00Z,nee,3500,c,5,28.612,-2.34684948726574,China_2016,2036.85469135802,M,29.86192,102.036,CH_M5,,2016-08-11,2016,,not_part_of_the_dataset,China
2016-08-11T12:16:00Z,reco,3500,c,5,28.612,8.89326744146408,China_2016,8.29846153846154,M,29.86192,102.036,CH_M5,,2016-08-11,2016,,not_part_of_the_dataset,China
2016-08-11T13:03:00Z,nee,3500,c,2,28.612,-4.65860709126915,China_2016,2457.95585365854,M,29.86192,102.036,CH_M2,,2016-08-11,2016,,not_part_of_the_dataset,China
2016-08-11T14:07:00Z,nee,3500,c,7,26.2608873239437,2.3878511533108,China_2016,791.871267605634,M,29.86192,102.036,CH_M7,,2016-08-11,2016,,not_part_of_the_dataset,China
2016-08-11T13:06:00Z,reco,3500,c,2,28.612,4.9554773168834,China_2016,9.63263736263736,M,29.86192,102.036,CH_M2,,2016-08-11,2016,,not_part_of_the_dataset,China
2016-08-11T14:10:00Z,reco,3500,c,7,26.613,3.65646976524377,China_2016,5.26604395604396,M,29.86192,102.036,CH_M7,,2016-08-11,2016,,not_part_of_the_dataset,China
2016-08-10T12:37:00Z,nee,3000,c,5,26.8209207920792,-3.26739314835144,China_2016,2733.42445544554,L,29.84347,102.0343,CH_L5,,2016-08-10,2016,,not_part_of_the_dataset,China
2016-08-10T13:17:00Z,nee,3000,c,7,24.113,5.45368884093592,China_2016,889.263516483516,L,29.84347,102.0343,CH_L7,,2016-08-10,2016,,not_part_of_the_dataset,China
2016-08-10T12:40:00Z,reco,3000,c,5,27.8191983471074,14.0196124298784,China_2016,10.1590082644628,L,29.84347,102.0343,CH_L5,,2016-08-10,2016,,not_part_of_the_dataset,China
2016-08-10T13:21:00Z,reco,3000,c,7,24.113,12.0892826019578,China_2016,3.79373626373626,L,29.84347,102.0343,CH_L7,,2016-08-10,2016,,not_part_of_the_dataset,China
2016-08-10T13:57:00Z,reco,3000,c,4,23.634978021978,20.3976035769831,China_2016,2.46516483516484,L,29.84347,102.0343,CH_L4,,2016-08-10,2016,,not_part_of_the_dataset,China
2016-08-10T13:54:00Z,nee,3000,c,4,23.613,8.05996179177413,China_2016,864.548732394366,L,29.84347,102.0343,CH_L4,,2016-08-10,2016,,not_part_of_the_dataset,China
2016-08-10T14:24:00Z,nee,3000,c,2,20.111,4.69866182753976,China_2016,386.366393442623,L,29.84347,102.0343,CH_L2,,2016-08-10,2016,,not_part_of_the_dataset,China
2016-08-10T14:17:00Z,nee,3000,c,3,19.3494615384615,3.82673233082112,China_2016,586.43978021978,L,29.84347,102.0343,CH_L3,,2016-08-10,2016,,not_part_of_the_dataset,China
2016-08-10T11:26:00Z,nee,3000,c,6,24.613,2.00875077575451,China_2016,1333.58336633663,L,29.84347,102.0343,CH_L6,,2016-08-10,2016,,not_part_of_the_dataset,China
2016-08-10T14:28:00Z,reco,3000,c,2,19.8686923076923,7.09042154365909,China_2016,2.42956043956044,L,29.84347,102.0343,CH_L2,,2016-08-10,2016,,not_part_of_the_dataset,China
2016-08-10T14:20:00Z,reco,3000,c,3,20.111,9.20087156743431,China_2016,2.91483516483516,L,29.84347,102.0343,CH_L3,,2016-08-10,2016,,not_part_of_the_dataset,China
2016-08-10T11:31:00Z,reco,3000,c,6,24.613,11.3903301153027,China_2016,4.11857142857143,L,29.84347,102.0343,CH_L6,,2016-08-10,2016,,not_part_of_the_dataset,China
2016-08-10T16:01:00Z,reco,3000,c,1,17.107,5.55237380767713,China_2016,0.96887323943662,L,29.84347,102.0343,CH_L1,,2016-08-10,2016,,not_part_of_the_dataset,China
2016-08-12T12:33:00Z,nee,3850,c,5,19.061,-5.84938459482557,China_2016,3.31487804878049,A,29.88911,102.0173,CH_A5,,2016-08-12,2016,,not_part_of_the_dataset,China
2016-08-12T11:43:00Z,nee,3850,c,4,24.613,-4.57084233878671,China_2016,5.01441860465116,A,29.88911,102.0173,CH_A4,,2016-08-12,2016,,not_part_of_the_dataset,China
2016-08-12T12:36:00Z,reco,3850,c,5,17.9880422535211,5.47476158882811,China_2016,530.14,A,29.88911,102.0173,CH_A5,,2016-08-12,2016,,not_part_of_the_dataset,China
2016-08-12T11:46:00Z,reco,3850,c,4,25.613,6.63675730943921,China_2016,1463.23925925926,A,29.88911,102.0173,CH_A4,,2016-08-12,2016,,not_part_of_the_dataset,China
2016-08-12T10:16:00Z,nee,3850,c,2,20.611,1.2569329323009,China_2016,5.96509803921569,A,29.88911,102.0173,CH_A2,,2016-08-12,2016,,not_part_of_the_dataset,China
2016-08-12T09:45:00Z,nee,3850,c,1,20.8861971830986,4.2037184704931,China_2016,788.795352112676,A,29.88911,102.0173,CH_A1,,2016-08-12,2016,,not_part_of_the_dataset,China
2016-08-12T10:30:00Z,nee,3850,c,3,20.1519836065574,0.984517975796855,China_2016,4.24295081967213,A,29.88911,102.0173,CH_A3,,2016-08-12,2016,,not_part_of_the_dataset,China
2016-08-12T10:19:00Z,reco,3850,c,2,20.611,5.31271641043638,China_2016,1019.31774647887,A,29.88911,102.0173,CH_A2,,2016-08-12,2016,,not_part_of_the_dataset,China
2016-08-12T09:49:00Z,reco,3850,c,1,22.669338028169,11.2980512717093,China_2016,1289.48309859155,A,29.88911,102.0173,CH_A1,,2016-08-12,2016,,not_part_of_the_dataset,China
2016-08-12T10:33:00Z,reco,3850,c,3,20.611,6.45388636043011,China_2016,974.609014084507,A,29.88911,102.0173,CH_A3,,2016-08-12,2016,,not_part_of_the_dataset,China
2016-08-13T11:48:00Z,nee,4100,c,3,20.611,-1.87500731397258,China_2016,326.952535211268,H,29.90742,102.0118,CH_H3,,2016-08-13,2016,,not_part_of_the_dataset,China
2016-08-13T11:51:00Z,reco,4100,c,3,20.1532535211268,6.887792326818,China_2016,525.535070422535,H,29.90742,102.0118,CH_H3,,2016-08-13,2016,,not_part_of_the_dataset,China
2016-08-13T10:34:00Z,nee,4100,c,1,17.9273114754098,0.408561276035338,China_2016,197.199180327869,H,29.90742,102.0118,CH_H1,,2016-08-13,2016,,not_part_of_the_dataset,China
2016-08-13T13:23:00Z,nee,4100,c,5,20.611,-6.44784702927494,China_2016,600.1,H,29.90742,102.0118,CH_H5,,2016-08-13,2016,,not_part_of_the_dataset,China
2016-08-13T12:18:00Z,nee,4100,c,4,20.111,-6.45438601976911,China_2016,642.61393442623,H,29.90742,102.0118,CH_H4,,2016-08-13,2016,,not_part_of_the_dataset,China
2016-08-13T10:37:00Z,reco,4100,c,1,17.9245352112676,6.01091065234731,China_2016,1492.58084507042,H,29.90742,102.0118,CH_H1,,2016-08-13,2016,,not_part_of_the_dataset,China
2016-08-13T13:25:00Z,reco,4100,c,5,20.611,3.34753163948232,China_2016,0.1,H,29.90742,102.0118,CH_H5,,2016-08-13,2016,,not_part_of_the_dataset,China
2016-08-13T12:21:00Z,reco,4100,c,4,21.112,2.99162008163085,China_2016,4.57338028169014,H,29.90742,102.0118,CH_H4,,2016-08-13,2016,,not_part_of_the_dataset,China
2016-08-11T13:30:00Z,nee,3500,c,3,30.08725,-2.14379648648299,China_2016,2648.61025,M,29.86192,102.036,CH_M3,,2016-08-11,2016,,not_part_of_the_dataset,China
2016-08-11T16:27:00Z,nee,3500,c,7,20.3659019607843,2.95984490744857,China_2016,1702.63705882353,M,29.86192,102.036,CH_M7,,2016-08-11,2016,,not_part_of_the_dataset,China
2016-08-11T15:22:00Z,nee,3500,c,2,21.112,-0.348129310584128,China_2016,764.798196721311,M,29.86192,102.036,CH_M2,,2016-08-11,2016,,not_part_of_the_dataset,China
2016-08-11T14:06:00Z,nee,3500,c,1,26.3679019607843,0.156501858849313,China_2016,916.621176470588,M,29.86192,102.036,CH_M1,,2016-08-11,2016,,not_part_of_the_dataset,China
2016-08-11T15:25:00Z,reco,3500,c,2,21.112,3.96521871997605,China_2016,3.24183098591549,M,29.86192,102.036,CH_M2,,2016-08-11,2016,,not_part_of_the_dataset,China
2016-08-11T14:09:00Z,reco,3500,c,1,26.7538450704225,7.14979929783668,China_2016,591.466056338028,M,29.86192,102.036,CH_M1,,2016-08-11,2016,,not_part_of_the_dataset,China
2016-08-11T17:17:00Z,nee,3500,c,5,22.112,-4.78703634747494,China_2016,1195.11,M,29.86192,102.036,CH_M5,,2016-08-11,2016,,not_part_of_the_dataset,China
2016-08-11T16:02:00Z,nee,3500,c,4,19.109,-1.59103486358971,China_2016,0.698571428571429,M,29.86192,102.036,CH_M4,,2016-08-11,2016,,not_part_of_the_dataset,China
2016-08-11T17:19:00Z,reco,3500,c,5,22.112,5.89618709614794,China_2016,1195.11,M,29.86192,102.036,CH_M5,,2016-08-11,2016,,not_part_of_the_dataset,China
2016-08-11T16:05:00Z,reco,3500,c,4,19.0909016393443,6.61099359201023,China_2016,484.626229508197,M,29.86192,102.036,CH_M4,,2016-08-11,2016,,not_part_of_the_dataset,China
2016-08-11T16:52:00Z,nee,3500,c,6,22.112,-0.519764341587002,China_2016,1195.11,M,29.86192,102.036,CH_M6,,2016-08-11,2016,,not_part_of_the_dataset,China
2016-08-12T12:33:00Z,nee,3850,c,5,19.061,-5.84938459482557,China_2016,3.31487804878049,A,29.88911,102.0173,CH_A5,,2016-08-12,2016,,not_part_of_the_dataset,China
2016-08-11T16:55:00Z,reco,3500,c,6,22.112,9.17630317795975,China_2016,1195.11,M,29.86192,102.036,CH_M6,,2016-08-11,2016,,not_part_of_the_dataset,China
2016-08-10T13:54:00Z,nee,3000,c,3,23.613,-3.34839984358708,China_2016,863.976197183099,L,29.84347,102.0343,CH_L3,,2016-08-10,2016,,not_part_of_the_dataset,China
2016-08-10T12:54:00Z,nee,3000,c,2,27.613,-2.79313614673737,China_2016,1068.13197183099,L,29.84347,102.0343,CH_L2,,2016-08-10,2016,,not_part_of_the_dataset,China
2016-08-10T13:56:00Z,reco,3000,c,3,24.000323943662,12.7303785341043,China_2016,240.298591549296,L,29.84347,102.0343,CH_L3,,2016-08-10,2016,,not_part_of_the_dataset,China
2016-08-10T12:57:00Z,reco,3000,c,2,26.7538450704225,5.56417932002514,China_2016,3.60760563380282,L,29.84347,102.0343,CH_L2,,2016-08-10,2016,,not_part_of_the_dataset,China
2016-08-10T12:26:00Z,nee,3000,c,1,31.2195352112676,-4.25865363096998,China_2016,579.458873239437,L,29.84347,102.0343,CH_L1,,2016-08-10,2016,,not_part_of_the_dataset,China
2016-08-10T12:29:00Z,reco,3000,c,1,27.3383521126761,6.32886480605917,China_2016,1290.75633802817,L,29.84347,102.0343,CH_L1,,2016-08-10,2016,,not_part_of_the_dataset,China
2016-08-10T15:51:00Z,nee,3000,c,7,18.108,6.73694397438538,China_2016,98.5029577464789,L,29.84347,102.0343,CH_L7,,2016-08-10,2016,,not_part_of_the_dataset,China
2016-08-10T15:33:00Z,nee,3000,c,5,18.609,6.64905821693978,China_2016,204.88,L,29.84347,102.0343,CH_L5,,2016-08-10,2016,,not_part_of_the_dataset,China
2016-08-10T15:53:00Z,reco,3000,c,7,17.3605211267606,13.7587033101782,China_2016,1.06478873239437,L,29.84347,102.0343,CH_L7,,2016-08-10,2016,,not_part_of_the_dataset,China
2016-08-10T15:36:00Z,reco,3000,c,5,18.609,13.0085280560733,China_2016,204.88,L,29.84347,102.0343,CH_L5,,2016-08-10,2016,,not_part_of_the_dataset,China
2016-08-12T13:23:00Z,nee,3850,c,7,17.607,-3.2711860381011,China_2016,600.1,A,29.88911,102.0173,CH_A7,,2016-08-12,2016,,not_part_of_the_dataset,China
2016-08-12T13:08:00Z,nee,3850,c,6,17.607,-0.6260069590464,China_2016,600.1,A,29.88911,102.0173,CH_A6,,2016-08-12,2016,,not_part_of_the_dataset,China
2016-08-12T13:26:00Z,reco,3850,c,7,17.607,2.92686740964427,China_2016,0.1,A,29.88911,102.0173,CH_A7,,2016-08-12,2016,,not_part_of_the_dataset,China
2016-08-12T13:11:00Z,reco,3850,c,6,17.607,11.9622843900769,China_2016,0.1,A,29.88911,102.0173,CH_A6,,2016-08-12,2016,,not_part_of_the_dataset,China
,nee,3444.1,b,1,21.24913386,-4.383607289,Peru_2018,756,ACJ,-13.169344,-71.634001,PE_ACJ_B_1,2005,2018-03-15,2018,,not_part_of_the_dataset,Peru
,nee,3444.2,b,2,19.56301205,-4.138674136,Peru_2018,732.7333333,ACJ,-13.169347,-71.634004,PE_ACJ_B_2,2005,2018-03-15,2018,,not_part_of_the_dataset,Peru
,nee,3446.3,b,3,17.78672414,-10.43522596,Peru_2018,773.5,ACJ,-13.169447,-71.634022,PE_ACJ_B_3,2005,2018-03-15,2018,,not_part_of_the_dataset,Peru
,nee,3447.3,b,4,16.64042735,-1.141069087,Peru_2018,523.9,ACJ,-13.169483,-71.634032,PE_ACJ_B_4,2005,2018-03-15,2018,,not_part_of_the_dataset,Peru
,nee,3447.7,b,5,15.0288785,-4.447599974,Peru_2018,461.775,ACJ,-13.169548,-71.63403,PE_ACJ_B_5,2005,2018-03-15,2018,,not_part_of_the_dataset,Peru
,reco,3444.1,b,1,21.85495146,3.733871511,Peru_2018,4.7,ACJ,-13.169344,-71.634001,PE_ACJ_B_1,2005,2018-03-15,2018,,not_part_of_the_dataset,Peru
,reco,3444.2,b,2,20.05655172,3.648467331,Peru_2018,5.575,ACJ,-13.169347,-71.634004,PE_ACJ_B_2,2005,2018-03-15,2018,,not_part_of_the_dataset,Peru
,reco,3446.3,b,3,18.14638655,3.129830045,Peru_2018,13.4,ACJ,-13.169447,-71.634022,PE_ACJ_B_3,2005,2018-03-15,2018,,not_part_of_the_dataset,Peru
,reco,3447.3,b,4,17.01316901,1.412718504,Peru_2018,8.333333333,ACJ,-13.169483,-71.634032,PE_ACJ_B_4,2005,2018-03-15,2018,,not_part_of_the_dataset,Peru
,reco,3447.7,b,5,15.57323077,2.764539874,Peru_2018,3.266666667,ACJ,-13.169548,-71.63403,PE_ACJ_B_5,2005,2018-03-15,2018,,not_part_of_the_dataset,Peru
,nee,3487.4,c,1,22.76305344,-3.306576643,Peru_2018,600.0666667,ACJ,-13.176034,-71.628828,PE_ACJ_C_1,,2018-03-15,2018,,not_part_of_the_dataset,Peru
,nee,3487.7,c,2,22.70477064,-10.14167167,Peru_2018,808.16,ACJ,-13.1761,-71.628834,PE_ACJ_C_2,,2018-03-15,2018,,not_part_of_the_dataset,Peru
,nee,3489,c,3,22.595,-8.281456415,Peru_2018,762.3,ACJ,-13.176134,-71.628834,PE_ACJ_C_3,,2018-03-15,2018,,not_part_of_the_dataset,Peru
,nee,3490,c,4,22.80139535,0.291094155,Peru_2018,173.5,ACJ,-13.176195,-71.628844,PE_ACJ_C_4,,2018-03-15,2018,,not_part_of_the_dataset,Peru
,nee,3492.4,c,5,22.77634146,0.116770251,Peru_2018,250.475,ACJ,-13.176252,-71.628819,PE_ACJ_C_5,,2018-03-15,2018,,not_part_of_the_dataset,Peru
,reco,3487.4,c,1,23.11852113,3.936852309,Peru_2018,5.583333333,ACJ,-13.176034,-71.628828,PE_ACJ_C_1,,2018-03-15,2018,,not_part_of_the_dataset,Peru
,reco,3487.7,c,2,22.75654867,5.868327876,Peru_2018,4.275,ACJ,-13.1761,-71.628834,PE_ACJ_C_2,,2018-03-15,2018,,not_part_of_the_dataset,Peru
,reco,3489,c,3,22.69358333,5.672621714,Peru_2018,8.3425,ACJ,-13.176134,-71.628834,PE_ACJ_C_3,,2018-03-15,2018,,not_part_of_the_dataset,Peru
,reco,3490,c,4,22.82161616,5.156272027,Peru_2018,3,ACJ,-13.176195,-71.628844,PE_ACJ_C_4,,2018-03-15,2018,,not_part_of_the_dataset,Peru
,reco,3492.4,c,5,22.90822581,4.289072847,Peru_2018,2.559333333,ACJ,-13.176252,-71.628819,PE_ACJ_C_5,,2018-03-15,2018,,not_part_of_the_dataset,Peru
,nee,3686.8,b,1,22.31925373,0.872672658,Peru_2018,77.16666667,PIL,-13.151593,-71.640514,PE_PIL_B_1,2007,2018-03-13,2018,,not_part_of_the_dataset,Peru
,nee,3686.9,b,2,22.92267717,-2.45188486,Peru_2018,405.6,PIL,-13.151584,-71.640511,PE_PIL_B_2,2007,2018-03-13,2018,,not_part_of_the_dataset,Peru
,nee,3687,b,3,22.95233083,-3.80551894,Peru_2018,316.3333333,PIL,-13.151582,-71.640513,PE_PIL_B_3,2007,2018-03-13,2018,,not_part_of_the_dataset,Peru
,nee,3687.4,b,4,23.66976563,-1.925564624,Peru_2018,155.6666667,PIL,-13.151576,-71.640552,PE_PIL_B_4,2007,2018-03-13,2018,,not_part_of_the_dataset,Peru
,nee,3626.7,b,5,23.72757576,-1.532860016,Peru_2018,318,PIL,-13.151583,-71.64071,PE_PIL_B_5,2007,2018-03-13,2018,,not_part_of_the_dataset,Peru
,reco,3686.8,b,1,22.04869919,3.08235896,Peru_2018,2.125,PIL,-13.151593,-71.640514,PE_PIL_B_1,2007,2018-03-13,2018,,not_part_of_the_dataset,Peru
,reco,3686.9,b,2,23.07929688,4.235043197,Peru_2018,3.733333333,PIL,-13.151584,-71.640511,PE_PIL_B_2,2007,2018-03-13,2018,,not_part_of_the_dataset,Peru
,reco,3687,b,3,23.00914063,3.647166189,Peru_2018,8.7,PIL,-13.151582,-71.640513,PE_PIL_B_3,2007,2018-03-13,2018,,not_part_of_the_dataset,Peru
,reco,3687.4,b,4,23.47354839,2.73024716,Peru_2018,4.15,PIL,-13.151576,-71.640552,PE_PIL_B_4,2007,2018-03-13,2018,,not_part_of_the_dataset,Peru
,reco,3626.7,b,5,23.98984615,4.073511803,Peru_2018,4.433333333,PIL,-13.151583,-71.64071,PE_PIL_B_5,2007,2018-03-13,2018,,not_part_of_the_dataset,Peru
,nee,3671.2,c,2,18.581,-0.616711292,Peru_2018,161.675,PIL,-13.151791,-71.639945,PE_PIL_C_2,,2018-03-14,2018,,not_part_of_the_dataset,Peru
,nee,3673.3,c,3,19.09920792,1.935217642,Peru_2018,101.1,PIL,-13.15178,-71.640027,PE_PIL_C_3,,2018-03-14,2018,,not_part_of_the_dataset,Peru
,nee,3683.5,c,4,20.14329949,-1.097282517,Peru_2018,225.5333333,PIL,-13.151633,-71.640395,PE_PIL_C_4,,2018-03-14,2018,,not_part_of_the_dataset,Peru
,nee,3685.5,c,5,20.83684211,-1.80631221,Peru_2018,233.825,PIL,-13.15161,-71.640462,PE_PIL_C_5,,2018-03-14,2018,,not_part_of_the_dataset,Peru
,reco,3669.6,c,1,18.19936508,2.94676305,Peru_2018,0.975,PIL,-13.151803,-71.639885,PE_PIL_C_1,,2018-03-14,2018,,not_part_of_the_dataset,Peru
,reco,3671.2,c,2,18.38622449,2.880972423,Peru_2018,0.72,PIL,-13.151791,-71.639945,PE_PIL_C_2,,2018-03-14,2018,,not_part_of_the_dataset,Peru
,reco,3673.3,c,3,19.33573529,3.276654521,Peru_2018,1.4,PIL,-13.15178,-71.640027,PE_PIL_C_3,,2018-03-14,2018,,not_part_of_the_dataset,Peru
,reco,3683.5,c,4,19.93033058,3.12581727,Peru_2018,2.825,PIL,-13.151633,-71.640395,PE_PIL_C_4,,2018-03-14,2018,,not_part_of_the_dataset,Peru
,reco,3685.5,c,5,20.69850746,1.739428159,Peru_2018,1.530666667,PIL,-13.15161,-71.640462,PE_PIL_C_5,,2018-03-14,2018,,not_part_of_the_dataset,Peru
,nee,3882.9,b,1,17.87736842,-2.723243797,Peru_2018,336.5,QUE,-13.213786,-71.619294,PE_QUE_B_1,2005,2018-03-17,2018,,not_part_of_the_dataset,Peru
,nee,3884.3,b,2,19.18689922,-2.781553803,Peru_2018,382.14,QUE,-13.213841,-71.619348,PE_QUE_B_2,2005,2018-03-17,2018,,not_part_of_the_dataset,Peru
,nee,3890,b,3,17.44488,-2.800171917,Peru_2018,394.7,QUE,-13.214201,-71.619384,PE_QUE_B_3,2005,2018-03-17,2018,,not_part_of_the_dataset,Peru
,nee,3889.8,b,4,15.50210145,-4.603887423,Peru_2018,618.725,QUE,-13.214146,-71.619396,PE_QUE_B_4,2005,2018-03-17,2018,,not_part_of_the_dataset,Peru
,nee,3893.1,b,5,14.5210687,-4.192370335,Peru_2018,588.8,QUE,-13.214258,-71.619377,PE_QUE_B_5,2005,2018-03-17,2018,,not_part_of_the_dataset,Peru
,reco,3882.9,b,1,17.53118182,0.350122547,Peru_2018,3.2,QUE,-13.213786,-71.619294,PE_QUE_B_1,2005,2018-03-17,2018,,not_part_of_the_dataset,Peru
,reco,3884.3,b,2,19.50175573,3.026059084,Peru_2018,4.48,QUE,-13.213841,-71.619348,PE_QUE_B_2,2005,2018-03-17,2018,,not_part_of_the_dataset,Peru
,reco,3890,b,3,18.26713115,2.858711541,Peru_2018,4.633333333,QUE,-13.214201,-71.619384,PE_QUE_B_3,2005,2018-03-17,2018,,not_part_of_the_dataset,Peru
,reco,3889.8,b,4,16.70346457,2.21441226,Peru_2018,8.45,QUE,-13.214146,-71.619396,PE_QUE_B_4,2005,2018-03-17,2018,,not_part_of_the_dataset,Peru
,reco,3893.1,b,5,13.82669231,2.200159268,Peru_2018,6.9,QUE,-13.214258,-71.619377,PE_QUE_B_5,2005,2018-03-17,2018,,not_part_of_the_dataset,Peru
,nee,3071.7,b,1,29.79829457,-4.115106276,Peru_2018,733.3333333,WAY,-13.179917,-71.588118,PE_WAY_B_1,2007,2018-03-12,2018,,not_part_of_the_dataset,Peru
,nee,3073.1,b,2,30.43044444,-4.555878297,Peru_2018,713.2857143,WAY,-13.179978,-71.588188,PE_WAY_B_2,2007,2018-03-12,2018,,not_part_of_the_dataset,Peru
,nee,3077.1,b,3,31.55896825,-5.7253573,Peru_2018,1094.8,WAY,-13.180036,-71.588263,PE_WAY_B_3,2007,2018-03-12,2018,,not_part_of_the_dataset,Peru
,nee,3078.8,b,4,33.84783582,-4.427817629,Peru_2018,1121.6,WAY,-13.180092,-71.588355,PE_WAY_B_4,2007,2018-03-12,2018,,not_part_of_the_dataset,Peru
,nee,3078.8,b,5,35.01603053,-5.219551108,Peru_2018,1227.2,WAY,-13.180092,-71.588355,PE_WAY_B_5,2007,2018-03-12,2018,,not_part_of_the_dataset,Peru
,reco,3071.7,b,1,30.05719697,4.717018361,Peru_2018,8.6,WAY,-13.179917,-71.588118,PE_WAY_B_1,2007,2018-03-12,2018,,not_part_of_the_dataset,Peru
,reco,3073.1,b,2,30.73464286,3.954002979,Peru_2018,12.66,WAY,-13.179978,-71.588188,PE_WAY_B_2,2007,2018-03-12,2018,,not_part_of_the_dataset,Peru
,reco,3077.1,b,3,32.20406504,5.455560735,Peru_2018,11.53333333,WAY,-13.180036,-71.588263,PE_WAY_B_3,2007,2018-03-12,2018,,not_part_of_the_dataset,Peru
,reco,3078.8,b,4,34.56736486,3.987070279,Peru_2018,9.825,WAY,-13.180092,-71.588355,PE_WAY_B_4,2007,2018-03-12,2018,,not_part_of_the_dataset,Peru
,reco,3078.8,b,5,35.10640845,3.513525556,Peru_2018,8.8,WAY,-13.180092,-71.588355,PE_WAY_B_5,2007,2018-03-12,2018,,not_part_of_the_dataset,Peru
,nee,3118,c,1,28.39096774,-1.380551075,Peru_2018,409,WAY,-13.180406,-71.589709,PE_WAY_C_1,,2018-03-12,2018,,not_part_of_the_dataset,Peru
,nee,3120.3,c,2,28.16173228,-5.199182085,Peru_2018,882.5,WAY,-13.18043,-71.589752,PE_WAY_C_2,,2018-03-12,2018,,not_part_of_the_dataset,Peru
,nee,3121,c,3,29.86618321,-4.011341122,Peru_2018,633,WAY,-13.180457,-71.589806,PE_WAY_C_3,,2018-03-12,2018,,not_part_of_the_dataset,Peru
,nee,3123.3,c,4,30.1040146,-2.651457454,Peru_2018,804.6666667,WAY,-13.180527,-71.589873,PE_WAY_C_4,,2018-03-12,2018,,not_part_of_the_dataset,Peru
,nee,3125,c,5,29.8502963,-1.714829817,Peru_2018,373.3333333,WAY,-13.18058,-71.589928,PE_WAY_C_5,,2018-03-12,2018,,not_part_of_the_dataset,Peru
,reco,3118,c,1,28.12676923,5.252886546,Peru_2018,4.625,WAY,-13.180406,-71.589709,PE_WAY_C_1,,2018-03-12,2018,,not_part_of_the_dataset,Peru
,reco,3120.3,c,2,29.01945701,1.906702529,Peru_2018,12.36,WAY,-13.18043,-71.589752,PE_WAY_C_2,,2018-03-12,2018,,not_part_of_the_dataset,Peru
,reco,3121,c,3,30.09639535,10.92567332,Peru_2018,4.733333333,WAY,-13.180457,-71.589806,PE_WAY_C_3,,2018-03-12,2018,,not_part_of_the_dataset,Peru
,reco,3123.3,c,4,30.13412214,1.264179746,Peru_2018,7.4,WAY,-13.180527,-71.589873,PE_WAY_C_4,,2018-03-12,2018,,not_part_of_the_dataset,Peru
,reco,3125,c,5,29.85353846,3.634709916,Peru_2018,5.35,WAY,-13.18058,-71.589928,PE_WAY_C_5,,2018-03-12,2018,,not_part_of_the_dataset,Peru
,nee,3444.1,b,1,17.62673913,-28.16100503,Peru_2019,2313.16666666667,ACJ,-13.169344,-71.634001,PE_ACJ_B_1,2005,2019-07-07,2019,,not_part_of_the_dataset,Peru
,nee,3444.2,b,2,18.49769231,-17.92134469,Peru_2019,2165.71428571429,ACJ,-13.169347,-71.634004,PE_ACJ_B_2,2005,2019-07-07,2019,,not_part_of_the_dataset,Peru
,nee,3446.3,b,3,18.34247423,-10.85792971,Peru_2019,1642.71428571429,ACJ,-13.169447,-71.634022,PE_ACJ_B_3,2005,2019-07-07,2019,,not_part_of_the_dataset,Peru
,nee,3447.3,b,4,17.8127957,-20.9197058,Peru_2019,1564.85714285714,ACJ,-13.169483,-71.634032,PE_ACJ_B_4,2005,2019-07-07,2019,,not_part_of_the_dataset,Peru
,nee,3447.7,b,5,17.03786517,-17.31296463,Peru_2019,1001.57142857143,ACJ,-13.169548,-71.63403,PE_ACJ_B_5,2005,2019-07-07,2019,,not_part_of_the_dataset,Peru
,reco,3444.1,b,1,18.01976471,-0.870011114,Peru_2019,30.2857142857143,ACJ,-13.169344,-71.634001,PE_ACJ_B_1,2005,2019-07-07,2019,,not_part_of_the_dataset,Peru
,reco,3444.2,b,2,18.56588889,0.06795194,Peru_2019,3.71428571428571,ACJ,-13.169347,-71.634004,PE_ACJ_B_2,2005,2019-07-07,2019,,not_part_of_the_dataset,Peru
,reco,3446.3,b,3,18.22444444,-1.639341569,Peru_2019,6.71428571428571,ACJ,-13.169447,-71.634022,PE_ACJ_B_3,2005,2019-07-07,2019,,not_part_of_the_dataset,Peru
,reco,3447.3,b,4,17.672,-0.803197211,Peru_2019,7.28571428571429,ACJ,-13.169483,-71.634032,PE_ACJ_B_4,2005,2019-07-07,2019,,not_part_of_the_dataset,Peru
,reco,3447.7,b,5,16.65532609,-6.155478734,Peru_2019,6,ACJ,-13.169548,-71.63403,PE_ACJ_B_5,2005,2019-07-07,2019,,not_part_of_the_dataset,Peru
,nee,3444.1,b,1,27.43012346,-3.193981194,Peru_2019,5051,ACJ,-13.169344,-71.634001,PE_ACJ_B_1,2005,2019-04-10,2019,,not_part_of_the_dataset,Peru
,nee,3444.1,b,1,27.67965116,-1.760891899,Peru_2019,5051,ACJ,-13.169344,-71.634001,PE_ACJ_B_1,2005,2019-04-10,2019,,not_part_of_the_dataset,Peru
,nee,3444.1,b,1,28.56870968,-2.466791557,Peru_2019,5051,ACJ,-13.169344,-71.634001,PE_ACJ_B_1,2005,2019-04-10,2019,,not_part_of_the_dataset,Peru
,nee,3444.1,b,1,28.97489362,-1.270088811,Peru_2019,5051,ACJ,-13.169344,-71.634001,PE_ACJ_B_1,2005,2019-04-10,2019,,not_part_of_the_dataset,Peru
,nee,3444.2,b,2,31.5141,-2.033249017,Peru_2019,5582.85714285714,ACJ,-13.169347,-71.634004,PE_ACJ_B_2,2005,2019-04-10,2019,,not_part_of_the_dataset,Peru
,nee,3444.2,b,2,31.795,-1.640185343,Peru_2019,5582.85714285714,ACJ,-13.169347,-71.634004,PE_ACJ_B_2,2005,2019-04-10,2019,,not_part_of_the_dataset,Peru
,nee,3444.2,b,2,32.09818182,-1.610590124,Peru_2019,5582.85714285714,ACJ,-13.169347,-71.634004,PE_ACJ_B_2,2005,2019-04-10,2019,,not_part_of_the_dataset,Peru
,nee,3444.2,b,2,32.40097826,0.466239172,Peru_2019,5582.85714285714,ACJ,-13.169347,-71.634004,PE_ACJ_B_2,2005,2019-04-10,2019,,not_part_of_the_dataset,Peru
,nee,3446.3,b,3,33.09989247,-1.555397453,Peru_2019,5774.14285714286,ACJ,-13.169447,-71.634022,PE_ACJ_B_3,2005,2019-04-10,2019,,not_part_of_the_dataset,Peru
,nee,3446.3,b,3,33.12057471,-3.395548604,Peru_2019,5774.14285714286,ACJ,-13.169447,-71.634022,PE_ACJ_B_3,2005,2019-04-10,2019,,not_part_of_the_dataset,Peru
,nee,3446.3,b,3,33.08235849,-3.251415889,Peru_2019,5774.14285714286,ACJ,-13.169447,-71.634022,PE_ACJ_B_3,2005,2019-04-10,2019,,not_part_of_the_dataset,Peru
,nee,3446.3,b,3,33.0451087,-1.808839171,Peru_2019,5774.14285714286,ACJ,-13.169447,-71.634022,PE_ACJ_B_3,2005,2019-04-10,2019,,not_part_of_the_dataset,Peru
,nee,3447.3,b,4,33.33863636,-2.91614297,Peru_2019,5706.85714285714,ACJ,-13.169483,-71.634032,PE_ACJ_B_4,2005,2019-04-10,2019,,not_part_of_the_dataset,Peru
,nee,3447.3,b,4,33.7225,-0.404910209,Peru_2019,5706.85714285714,ACJ,-13.169483,-71.634032,PE_ACJ_B_4,2005,2019-04-10,2019,,not_part_of_the_dataset,Peru
,nee,3447.3,b,4,34.00820225,-1.621448975,Peru_2019,5706.85714285714,ACJ,-13.169483,-71.634032,PE_ACJ_B_4,2005,2019-04-10,2019,,not_part_of_the_dataset,Peru
,nee,3447.3,b,4,34.32989362,-0.972583177,Peru_2019,5706.85714285714,ACJ,-13.169483,-71.634032,PE_ACJ_B_4,2005,2019-04-10,2019,,not_part_of_the_dataset,Peru
,nee,3447.7,b,5,34.96433333,-1.705041222,Peru_2019,5977.14285714286,ACJ,-13.169548,-71.63403,PE_ACJ_B_5,2005,2019-04-10,2019,,not_part_of_the_dataset,Peru
,nee,3447.7,b,5,34.91655914,-2.601464853,Peru_2019,5977.14285714286,ACJ,-13.169548,-71.63403,PE_ACJ_B_5,2005,2019-04-10,2019,,not_part_of_the_dataset,Peru
,nee,3447.7,b,5,34.87702128,-1.327065869,Peru_2019,5977.14285714286,ACJ,-13.169548,-71.63403,PE_ACJ_B_5,2005,2019-04-10,2019,,not_part_of_the_dataset,Peru
,nee,3447.7,b,5,34.90247312,-1.562580389,Peru_2019,5977.14285714286,ACJ,-13.169548,-71.63403,PE_ACJ_B_5,2005,2019-04-10,2019,,not_part_of_the_dataset,Peru
,reco,3444.1,b,1,29.49868132,1.214178033,Peru_2019,6.71428571428571,ACJ,-13.169344,-71.634001,PE_ACJ_B_1,2005,2019-04-10,2019,,not_part_of_the_dataset,Peru
,reco,3444.2,b,2,32.78956044,5.694952866,Peru_2019,3.71428571428571,ACJ,-13.169347,-71.634004,PE_ACJ_B_2,2005,2019-04-10,2019,,not_part_of_the_dataset,Peru
,reco,3446.3,b,3,33.03308511,2.976425982,Peru_2019,10.1428571428571,ACJ,-13.169447,-71.634022,PE_ACJ_B_3,2005,2019-04-10,2019,,not_part_of_the_dataset,Peru
,reco,3447.3,b,4,34.60224719,2.372340988,Peru_2019,16.5714285714286,ACJ,-13.169483,-71.634032,PE_ACJ_B_4,2005,2019-04-10,2019,,not_part_of_the_dataset,Peru
,reco,3447.7,b,5,34.87988764,2.188390688,Peru_2019,21.1428571428571,ACJ,-13.169548,-71.63403,PE_ACJ_B_5,2005,2019-04-10,2019,,not_part_of_the_dataset,Peru
,nee,3444.1,b,1,19.44314607,-7.917515966,Peru_2019,2221.85714285714,ACJ,-13.169344,-71.634001,PE_ACJ_B_1,2005,2019-11-23,2019,,not_part_of_the_dataset,Peru
,nee,3444.2,b,2,20.41021978,-1.3348016,Peru_2019,1681.71428571429,ACJ,-13.169347,-71.634004,PE_ACJ_B_2,2005,2019-11-23,2019,,not_part_of_the_dataset,Peru
,nee,3446.3,b,3,20.61088889,-2.40335601,Peru_2019,1117.14285714286,ACJ,-13.169447,-71.634022,PE_ACJ_B_3,2005,2019-11-23,2019,,not_part_of_the_dataset,Peru
,nee,3447.3,b,4,20.68306818,-1.371769082,Peru_2019,2054.14285714286,ACJ,-13.169483,-71.634032,PE_ACJ_B_4,2005,2019-11-23,2019,,not_part_of_the_dataset,Peru
,nee,3447.7,b,5,21.10663043,-1.5624291,Peru_2019,1754.42857142857,ACJ,-13.169548,-71.63403,PE_ACJ_B_5,2005,2019-11-23,2019,,not_part_of_the_dataset,Peru
,reco,3444.1,b,1,19.51354839,5.569600413,Peru_2019,6.28571428571429,ACJ,-13.169344,-71.634001,PE_ACJ_B_1,2005,2019-11-23,2019,,not_part_of_the_dataset,Peru
,reco,3444.2,b,2,20.25688889,2.164387598,Peru_2019,1.14285714285714,ACJ,-13.169347,-71.634004,PE_ACJ_B_2,2005,2019-11-23,2019,,not_part_of_the_dataset,Peru
,reco,3446.3,b,3,20.62768421,1.559454287,Peru_2019,3.71428571428571,ACJ,-13.169447,-71.634022,PE_ACJ_B_3,2005,2019-11-23,2019,,not_part_of_the_dataset,Peru
,reco,3447.3,b,4,20.79179775,1.67577316,Peru_2019,3.28571428571429,ACJ,-13.169483,-71.634032,PE_ACJ_B_4,2005,2019-11-23,2019,,not_part_of_the_dataset,Peru
,reco,3447.7,b,5,21.19155556,1.885855141,Peru_2019,4.57142857142857,ACJ,-13.169548,-71.63403,PE_ACJ_B_5,2005,2019-11-23,2019,,not_part_of_the_dataset,Peru
,nee,3487.4,c,1,25.62466667,-3.275590617,Peru_2019,2530,ACJ,-13.176034,-71.628828,PE_ACJ_C_1,,2019-04-10,2019,,not_part_of_the_dataset,Peru
,nee,3487.4,c,1,25.43044944,-3.067352517,Peru_2019,2530,ACJ,-13.176034,-71.628828,PE_ACJ_C_1,,2019-04-10,2019,,not_part_of_the_dataset,Peru
,nee,3487.4,c,1,25.25786517,-3.086128033,Peru_2019,2530,ACJ,-13.176034,-71.628828,PE_ACJ_C_1,,2019-04-10,2019,,not_part_of_the_dataset,Peru
,nee,3487.4,c,1,25.09477273,-2.345944202,Peru_2019,2530,ACJ,-13.176034,-71.628828,PE_ACJ_C_1,,2019-04-10,2019,,not_part_of_the_dataset,Peru
,nee,3487.7,c,2,24.79703297,-5.225872423,Peru_2019,2187.28571428571,ACJ,-13.1761,-71.628834,PE_ACJ_C_2,,2019-04-10,2019,,not_part_of_the_dataset,Peru
,nee,3487.7,c,2,24.60406593,-4.197349818,Peru_2019,2187.28571428571,ACJ,-13.1761,-71.628834,PE_ACJ_C_2,,2019-04-10,2019,,not_part_of_the_dataset,Peru
,nee,3487.7,c,2,23.54011236,-6.937153961,Peru_2019,2187.28571428571,ACJ,-13.1761,-71.628834,PE_ACJ_C_2,,2019-04-10,2019,,not_part_of_the_dataset,Peru
,nee,3487.7,c,2,23.36197802,-7.950020176,Peru_2019,2187.28571428571,ACJ,-13.1761,-71.628834,PE_ACJ_C_2,,2019-04-10,2019,,not_part_of_the_dataset,Peru
,nee,3489,c,3,22.83880435,-1.20872489,Peru_2019,1783,ACJ,-13.176134,-71.628834,PE_ACJ_C_3,,2019-04-10,2019,,not_part_of_the_dataset,Peru
,nee,3489,c,3,22.6756044,-0.936882645,Peru_2019,1783,ACJ,-13.176134,-71.628834,PE_ACJ_C_3,,2019-04-10,2019,,not_part_of_the_dataset,Peru
,nee,3489,c,3,22.4956044,-0.88699921,Peru_2019,1783,ACJ,-13.176134,-71.628834,PE_ACJ_C_3,,2019-04-10,2019,,not_part_of_the_dataset,Peru
,nee,3489,c,3,22.35021978,-0.531039126,Peru_2019,1783,ACJ,-13.176134,-71.628834,PE_ACJ_C_3,,2019-04-10,2019,,not_part_of_the_dataset,Peru
,nee,3490,c,4,21.80848485,0.447437312,Peru_2019,1213,ACJ,-13.176195,-71.628844,PE_ACJ_C_4,,2019-04-10,2019,,not_part_of_the_dataset,Peru
,nee,3490,c,4,21.62404255,0.195570077,Peru_2019,1213,ACJ,-13.176195,-71.628844,PE_ACJ_C_4,,2019-04-10,2019,,not_part_of_the_dataset,Peru
,nee,3490,c,4,21.40244681,0.330733363,Peru_2019,1213,ACJ,-13.176195,-71.628844,PE_ACJ_C_4,,2019-04-10,2019,,not_part_of_the_dataset,Peru
,nee,3490,c,4,21.15606383,0.758620998,Peru_2019,1213,ACJ,-13.176195,-71.628844,PE_ACJ_C_4,,2019-04-10,2019,,not_part_of_the_dataset,Peru
,reco,3487.4,c,1,24.97835294,1.459192785,Peru_2019,10.7142857142857,ACJ,-13.176034,-71.628828,PE_ACJ_C_1,,2019-04-10,2019,,not_part_of_the_dataset,Peru
,reco,3487.7,c,2,23.18383838,0.636406225,Peru_2019,3.57142857142857,ACJ,-13.1761,-71.628834,PE_ACJ_C_2,,2019-04-10,2019,,not_part_of_the_dataset,Peru
,reco,3489,c,3,22.17117021,2.123919314,Peru_2019,4.57142857142857,ACJ,-13.176134,-71.628834,PE_ACJ_C_3,,2019-04-10,2019,,not_part_of_the_dataset,Peru
,reco,3490,c,4,20.90696629,2.103643507,Peru_2019,3.14285714285714,ACJ,-13.176195,-71.628844,PE_ACJ_C_4,,2019-04-10,2019,,not_part_of_the_dataset,Peru
,nee,3487.4,c,1,19.42824176,-5.741451535,Peru_2019,3185.57142857143,ACJ,-13.176034,-71.628828,PE_ACJ_C_1,,2019-07-12,2019,,not_part_of_the_dataset,Peru
,nee,3487.7,c,2,21.01086022,-4.59903639,Peru_2019,1742.57142857143,ACJ,-13.1761,-71.628834,PE_ACJ_C_2,,2019-07-12,2019,,not_part_of_the_dataset,Peru
,nee,3489,c,3,23.37252747,-3.15310095,Peru_2019,1305.85714285714,ACJ,-13.176134,-71.628834,PE_ACJ_C_3,,2019-07-12,2019,,not_part_of_the_dataset,Peru
,nee,3489,c,3,23.39623529,-3.65084768,Peru_2019,1305.85714285714,ACJ,-13.176134,-71.628834,PE_ACJ_C_3,,2019-07-12,2019,,not_part_of_the_dataset,Peru
,nee,3489,c,3,23.40280899,-2.825120877,Peru_2019,1305.85714285714,ACJ,-13.176134,-71.628834,PE_ACJ_C_3,,2019-07-12,2019,,not_part_of_the_dataset,Peru
,nee,3489,c,3,23.40758242,-1.406184425,Peru_2019,1305.85714285714,ACJ,-13.176134,-71.628834,PE_ACJ_C_3,,2019-07-12,2019,,not_part_of_the_dataset,Peru
,nee,3490,c,4,22.45690722,-1.82451138,Peru_2019,1714.85714285714,ACJ,-13.176195,-71.628844,PE_ACJ_C_4,,2019-07-12,2019,,not_part_of_the_dataset,Peru
,nee,3492.4,c,5,23.06288889,-2.929398073,Peru_2019,1560.85714285714,ACJ,-13.176252,-71.628819,PE_ACJ_C_5,,2019-07-12,2019,,not_part_of_the_dataset,Peru
,reco,3487.4,c,1,20.00852632,1.898868613,Peru_2019,3.71428571428571,ACJ,-13.176034,-71.628828,PE_ACJ_C_1,,2019-07-12,2019,,not_part_of_the_dataset,Peru
,reco,3487.7,c,2,21.81162791,1.741257885,Peru_2019,7.57142857142857,ACJ,-13.1761,-71.628834,PE_ACJ_C_2,,2019-07-12,2019,,not_part_of_the_dataset,Peru
,reco,3489,c,3,23.40142857,-0.323268257,Peru_2019,3.85714285714286,ACJ,-13.176134,-71.628834,PE_ACJ_C_3,,2019-07-12,2019,,not_part_of_the_dataset,Peru
,reco,3490,c,4,22.66173469,0.41264756,Peru_2019,6.57142857142857,ACJ,-13.176195,-71.628844,PE_ACJ_C_4,,2019-07-12,2019,,not_part_of_the_dataset,Peru
,reco,3492.4,c,5,23.25377778,0.763568119,Peru_2019,5.14285714285714,ACJ,-13.176252,-71.628819,PE_ACJ_C_5,,2019-07-12,2019,,not_part_of_the_dataset,Peru
,nee,3487.4,c,1,23.3672043,-4.016034141,Peru_2019,991.428571428571,ACJ,-13.176034,-71.628828,PE_ACJ_C_1,,2019-11-20,2019,,not_part_of_the_dataset,Peru
,nee,3487.7,c,2,23.36465116,-5.952022366,Peru_2019,863.571428571429,ACJ,-13.1761,-71.628834,PE_ACJ_C_2,,2019-11-20,2019,,not_part_of_the_dataset,Peru
,nee,3489,c,3,23.99747368,-6.700173623,Peru_2019,1901.5,ACJ,-13.176134,-71.628834,PE_ACJ_C_3,,2019-11-20,2019,,not_part_of_the_dataset,Peru
,nee,3490,c,4,24.68617021,-3.499345944,Peru_2019,1397.14285714286,ACJ,-13.176195,-71.628844,PE_ACJ_C_4,,2019-11-20,2019,,not_part_of_the_dataset,Peru
,nee,3492.4,c,5,25.27945652,-9.667063244,Peru_2019,3021.85714285714,ACJ,-13.176252,-71.628819,PE_ACJ_C_5,,2019-11-20,2019,,not_part_of_the_dataset,Peru
,reco,3487.4,c,1,23.45956522,-0.096554664,Peru_2019,3,ACJ,-13.176034,-71.628828,PE_ACJ_C_1,,2019-11-20,2019,,not_part_of_the_dataset,Peru
,reco,3487.7,c,2,23.41206186,2.594242909,Peru_2019,7.14285714285714,ACJ,-13.1761,-71.628834,PE_ACJ_C_2,,2019-11-20,2019,,not_part_of_the_dataset,Peru
,reco,3489,c,3,24.23414894,2.405831476,Peru_2019,4.85714285714286,ACJ,-13.176134,-71.628834,PE_ACJ_C_3,,2019-11-20,2019,,not_part_of_the_dataset,Peru
,reco,3490,c,4,25.06663043,2.142780798,Peru_2019,3.85714285714286,ACJ,-13.176195,-71.628844,PE_ACJ_C_4,,2019-11-20,2019,,not_part_of_the_dataset,Peru
,reco,3492.4,c,5,25.43723404,2.483673203,Peru_2019,1.71428571428571,ACJ,-13.176252,-71.628819,PE_ACJ_C_5,,2019-11-20,2019,,not_part_of_the_dataset,Peru
,nee,3400,nb,1,15.24285714,-5.657454457,Peru_2019,3520.14285714286,ACJ,-13.167796,-71.632551,PE_ACJ_NB_1,2019,2019-07-10,2019,,not_part_of_the_dataset,Peru
,nee,3400,nb,1,15.92388889,-4.865226924,Peru_2019,3520.14285714286,ACJ,-13.167796,-71.632551,PE_ACJ_NB_1,2019,2019-07-10,2019,,not_part_of_the_dataset,Peru
,nee,3400,nb,1,16.59622222,-5.262562167,Peru_2019,3520.14285714286,ACJ,-13.167796,-71.632551,PE_ACJ_NB_1,2019,2019-07-10,2019,,not_part_of_the_dataset,Peru
,nee,3400,nb,1,17.261,-3.58299798,Peru_2019,3520.14285714286,ACJ,-13.167796,-71.632551,PE_ACJ_NB_1,2019,2019-07-10,2019,,not_part_of_the_dataset,Peru
,nee,3400,nb,2,19.38433333,-2.32788219,Peru_2019,3661,ACJ,-13.167796,-71.632551,PE_ACJ_NB_2,2019,2019-07-10,2019,,not_part_of_the_dataset,Peru
,nee,3400,nb,2,19.94978261,-3.733747591,Peru_2019,3661,ACJ,-13.167796,-71.632551,PE_ACJ_NB_2,2019,2019-07-10,2019,,not_part_of_the_dataset,Peru
,nee,3400,nb,2,20.58543478,-2.714716056,Peru_2019,3661,ACJ,-13.167796,-71.632551,PE_ACJ_NB_2,2019,2019-07-10,2019,,not_part_of_the_dataset,Peru
,nee,3400,nb,2,21.12347826,-2.047930379,Peru_2019,3661,ACJ,-13.167796,-71.632551,PE_ACJ_NB_2,2019,2019-07-10,2019,,not_part_of_the_dataset,Peru
,nee,3400,nb,3,22.89835165,-2.912121163,Peru_2019,3709.71428571429,ACJ,-13.167796,-71.632551,PE_ACJ_NB_3,2019,2019-07-10,2019,,not_part_of_the_dataset,Peru
,nee,3400,nb,3,23.29521739,-3.414385599,Peru_2019,3709.71428571429,ACJ,-13.167796,-71.632551,PE_ACJ_NB_3,2019,2019-07-10,2019,,not_part_of_the_dataset,Peru
,nee,3400,nb,3,23.65197802,-3.953308958,Peru_2019,3709.71428571429,ACJ,-13.167796,-71.632551,PE_ACJ_NB_3,2019,2019-07-10,2019,,not_part_of_the_dataset,Peru
,nee,3400,nb,3,24.00868132,-2.197631623,Peru_2019,3709.71428571429,ACJ,-13.167796,-71.632551,PE_ACJ_NB_3,2019,2019-07-10,2019,,not_part_of_the_dataset,Peru
,nee,3400,nb,4,25.93880435,-3.545361184,Peru_2019,3668.42857142857,ACJ,-13.167796,-71.632551,PE_ACJ_NB_4,2019,2019-07-10,2019,,not_part_of_the_dataset,Peru
,nee,3400,nb,4,25.98611111,-4.501960733,Peru_2019,3668.42857142857,ACJ,-13.167796,-71.632551,PE_ACJ_NB_4,2019,2019-07-10,2019,,not_part_of_the_dataset,Peru
,nee,3400,nb,4,25.97359551,-2.942337709,Peru_2019,3668.42857142857,ACJ,-13.167796,-71.632551,PE_ACJ_NB_4,2019,2019-07-10,2019,,not_part_of_the_dataset,Peru
,nee,3400,nb,4,25.90741573,-3.94982052,Peru_2019,3668.42857142857,ACJ,-13.167796,-71.632551,PE_ACJ_NB_4,2019,2019-07-10,2019,,not_part_of_the_dataset,Peru
,nee,3400,nb,5,25.18388889,-6.33153534,Peru_2019,4164.57142857143,ACJ,-13.167796,-71.632551,PE_ACJ_NB_5,2019,2019-07-10,2019,,not_part_of_the_dataset,Peru
,nee,3400,nb,5,25.37611111,-6.415920183,Peru_2019,4164.57142857143,ACJ,-13.167796,-71.632551,PE_ACJ_NB_5,2019,2019-07-10,2019,,not_part_of_the_dataset,Peru
,nee,3400,nb,5,25.54263736,-5.593984665,Peru_2019,4164.57142857143,ACJ,-13.167796,-71.632551,PE_ACJ_NB_5,2019,2019-07-10,2019,,not_part_of_the_dataset,Peru
,nee,3400,nb,5,25.69677778,-5.08676369,Peru_2019,4164.57142857143,ACJ,-13.167796,-71.632551,PE_ACJ_NB_5,2019,2019-07-10,2019,,not_part_of_the_dataset,Peru
,reco,3400,nb,1,18.01923913,1.619497783,Peru_2019,4.14285714285714,ACJ,-13.167796,-71.632551,PE_ACJ_NB_1,2019,2019-07-10,2019,,not_part_of_the_dataset,Peru
,reco,3400,nb,2,21.66494505,0.250086637,Peru_2019,5.85714285714286,ACJ,-13.167796,-71.632551,PE_ACJ_NB_2,2019,2019-07-10,2019,,not_part_of_the_dataset,Peru
,reco,3400,nb,3,24.43226804,0.610670872,Peru_2019,9.85714285714286,ACJ,-13.167796,-71.632551,PE_ACJ_NB_3,2019,2019-07-10,2019,,not_part_of_the_dataset,Peru
,reco,3400,nb,4,25.67277778,0.582453673,Peru_2019,11.2857142857143,ACJ,-13.167796,-71.632551,PE_ACJ_NB_4,2019,2019-07-10,2019,,not_part_of_the_dataset,Peru
,reco,3400,nb,5,25.84582418,1.571886064,Peru_2019,14.5714285714286,ACJ,-13.167796,-71.632551,PE_ACJ_NB_5,2019,2019-07-10,2019,,not_part_of_the_dataset,Peru
,nee,3400,nb,1,16.2176087,-1.447220179,Peru_2019,1542,ACJ,-13.167796,-71.632551,PE_ACJ_NB_1,2019,2019-11-23,2019,,not_part_of_the_dataset,Peru
,nee,3400,nb,2,17.4432967,0.07893419,Peru_2019,980.428571428572,ACJ,-13.167796,-71.632551,PE_ACJ_NB_2,2019,2019-11-23,2019,,not_part_of_the_dataset,Peru
,nee,3400,nb,3,18.24698925,-4.464607148,Peru_2019,1483.85714285714,ACJ,-13.167796,-71.632551,PE_ACJ_NB_3,2019,2019-11-23,2019,,not_part_of_the_dataset,Peru
,nee,3400,nb,4,18.89,-4.252046713,Peru_2019,1992.42857142857,ACJ,-13.167796,-71.632551,PE_ACJ_NB_4,2019,2019-11-23,2019,,not_part_of_the_dataset,Peru
,nee,3400,nb,5,20.385,-1.285287369,Peru_2019,894.857142857143,ACJ,-13.167796,-71.632551,PE_ACJ_NB_5,2019,2019-11-23,2019,,not_part_of_the_dataset,Peru
,reco,3400,nb,1,16.43538462,4.43502107,Peru_2019,1.57142857142857,ACJ,-13.167796,-71.632551,PE_ACJ_NB_1,2019,2019-11-23,2019,,not_part_of_the_dataset,Peru
,reco,3400,nb,2,17.69516484,2.520279882,Peru_2019,3.42857142857143,ACJ,-13.167796,-71.632551,PE_ACJ_NB_2,2019,2019-11-23,2019,,not_part_of_the_dataset,Peru
,reco,3400,nb,3,18.46645833,4.011737348,Peru_2019,0.857142857142857,ACJ,-13.167796,-71.632551,PE_ACJ_NB_3,2019,2019-11-23,2019,,not_part_of_the_dataset,Peru
,reco,3400,nb,4,19.04159574,4.084703472,Peru_2019,4.71428571428571,ACJ,-13.167796,-71.632551,PE_ACJ_NB_4,2019,2019-11-23,2019,,not_part_of_the_dataset,Peru
,reco,3400,nb,5,20.55966667,2.83813205,Peru_2019,4.85714285714286,ACJ,-13.167796,-71.632551,PE_ACJ_NB_5,2019,2019-11-23,2019,,not_part_of_the_dataset,Peru
,nee,3686.8,b,1,28.87450549,-3.248472633,Peru_2019,4808.42857142857,PIL,-13.151593,-71.640514,PE_PIL_B_1,2007,2019-04-09,2019,,not_part_of_the_dataset,Peru
,nee,3686.8,b,1,29.33021978,-1.115363369,Peru_2019,4808.42857142857,PIL,-13.151593,-71.640514,PE_PIL_B_1,2007,2019-04-09,2019,,not_part_of_the_dataset,Peru
,nee,3686.8,b,1,29.19955556,-1.521298246,Peru_2019,4808.42857142857,PIL,-13.151593,-71.640514,PE_PIL_B_1,2007,2019-04-09,2019,,not_part_of_the_dataset,Peru
,nee,3686.8,b,1,29.03544444,-1.413716817,Peru_2019,4808.42857142857,PIL,-13.151593,-71.640514,PE_PIL_B_1,2007,2019-04-09,2019,,not_part_of_the_dataset,Peru
,nee,3686.9,b,2,29.34538462,-3.080337594,Peru_2019,4717,PIL,-13.151584,-71.640511,PE_PIL_B_2,2007,2019-04-09,2019,,not_part_of_the_dataset,Peru
,nee,3686.9,b,2,29.38846154,-1.429838996,Peru_2019,4717,PIL,-13.151584,-71.640511,PE_PIL_B_2,2007,2019-04-09,2019,,not_part_of_the_dataset,Peru
,nee,3686.9,b,2,29.21933333,-1.935733027,Peru_2019,4717,PIL,-13.151584,-71.640511,PE_PIL_B_2,2007,2019-04-09,2019,,not_part_of_the_dataset,Peru
,nee,3686.9,b,2,28.89784946,-1.973997908,Peru_2019,4717,PIL,-13.151584,-71.640511,PE_PIL_B_2,2007,2019-04-09,2019,,not_part_of_the_dataset,Peru
,nee,3687,b,3,30.26655556,-2.424542102,Peru_2019,4305.71428571429,PIL,-13.151582,-71.640513,PE_PIL_B_3,2007,2019-04-09,2019,,not_part_of_the_dataset,Peru
,nee,3687,b,3,30.31444444,-3.013700357,Peru_2019,4305.71428571429,PIL,-13.151582,-71.640513,PE_PIL_B_3,2007,2019-04-09,2019,,not_part_of_the_dataset,Peru
,nee,3687,b,3,30.08989474,-2.645824006,Peru_2019,4305.71428571429,PIL,-13.151582,-71.640513,PE_PIL_B_3,2007,2019-04-09,2019,,not_part_of_the_dataset,Peru
,nee,3687,b,3,29.74923077,-2.135137283,Peru_2019,4305.71428571429,PIL,-13.151582,-71.640513,PE_PIL_B_3,2007,2019-04-09,2019,,not_part_of_the_dataset,Peru
,nee,3687.4,b,4,30.99633333,-3.450216003,Peru_2019,4498.57142857143,PIL,-13.151576,-71.640552,PE_PIL_B_4,2007,2019-04-09,2019,,not_part_of_the_dataset,Peru
,nee,3687.4,b,4,30.98811111,-1.640501781,Peru_2019,4498.57142857143,PIL,-13.151576,-71.640552,PE_PIL_B_4,2007,2019-04-09,2019,,not_part_of_the_dataset,Peru
,nee,3687.4,b,4,30.97935484,-1.536087845,Peru_2019,4498.57142857143,PIL,-13.151576,-71.640552,PE_PIL_B_4,2007,2019-04-09,2019,,not_part_of_the_dataset,Peru
,nee,3687.4,b,4,30.85262626,-2.620863673,Peru_2019,4498.57142857143,PIL,-13.151576,-71.640552,PE_PIL_B_4,2007,2019-04-09,2019,,not_part_of_the_dataset,Peru
,nee,3626.7,b,5,29.49811111,-3.582671376,Peru_2019,4298.16666666667,PIL,-13.151583,-71.64071,PE_PIL_B_5,2007,2019-04-09,2019,,not_part_of_the_dataset,Peru
,nee,3626.7,b,5,29.73252747,-2.286878312,Peru_2019,4298.16666666667,PIL,-13.151583,-71.64071,PE_PIL_B_5,2007,2019-04-09,2019,,not_part_of_the_dataset,Peru
,nee,3626.7,b,5,29.98978022,-3.805665262,Peru_2019,4298.16666666667,PIL,-13.151583,-71.64071,PE_PIL_B_5,2007,2019-04-09,2019,,not_part_of_the_dataset,Peru
,nee,3626.7,b,5,30.24066667,-1.769334852,Peru_2019,4298.16666666667,PIL,-13.151583,-71.64071,PE_PIL_B_5,2007,2019-04-09,2019,,not_part_of_the_dataset,Peru
,reco,3686.8,b,1,28.78307692,4.811454903,Peru_2019,6.14285714285714,PIL,-13.151593,-71.640514,PE_PIL_B_1,2007,2019-04-09,2019,,not_part_of_the_dataset,Peru
,reco,3686.9,b,2,28.544,3.52101825,Peru_2019,9.14285714285714,PIL,-13.151584,-71.640511,PE_PIL_B_2,2007,2019-04-09,2019,,not_part_of_the_dataset,Peru
,reco,3687,b,3,29.08967033,2.192866321,Peru_2019,12.4285714285714,PIL,-13.151582,-71.640513,PE_PIL_B_3,2007,2019-04-09,2019,,not_part_of_the_dataset,Peru
,reco,3687.4,b,4,30.62633333,1.315512684,Peru_2019,15.1428571428571,PIL,-13.151576,-71.640552,PE_PIL_B_4,2007,2019-04-09,2019,,not_part_of_the_dataset,Peru
,reco,3626.7,b,5,30.49747126,2.228481444,Peru_2019,12.5714285714286,PIL,-13.151583,-71.64071,PE_PIL_B_5,2007,2019-04-09,2019,,not_part_of_the_dataset,Peru
,nee,3686.8,b,1,24.30784946,-3.761557729,Peru_2019,2870.66666666667,PIL,-13.151593,-71.640514,PE_PIL_B_1,2007,2019-07-09,2019,,not_part_of_the_dataset,Peru
,nee,3686.9,b,2,25.33857143,-5.700052806,Peru_2019,4566,PIL,-13.151584,-71.640511,PE_PIL_B_2,2007,2019-07-09,2019,,not_part_of_the_dataset,Peru
,nee,3687,b,3,26.34896552,-3.743504584,Peru_2019,4670.14285714286,PIL,-13.151582,-71.640513,PE_PIL_B_3,2007,2019-07-09,2019,,not_part_of_the_dataset,Peru
,nee,3687.4,b,4,26.50896552,-3.741911625,Peru_2019,4413.28571428572,PIL,-13.151576,-71.640552,PE_PIL_B_4,2007,2019-07-09,2019,,not_part_of_the_dataset,Peru
,nee,3626.7,b,5,27.47808989,-1.524649865,Peru_2019,2790.28571428571,PIL,-13.151583,-71.64071,PE_PIL_B_5,2007,2019-07-09,2019,,not_part_of_the_dataset,Peru
,reco,3686.8,b,1,24.175,0.615519743,Peru_2019,9.14285714285714,PIL,-13.151593,-71.640514,PE_PIL_B_1,2007,2019-07-09,2019,,not_part_of_the_dataset,Peru
,reco,3686.9,b,2,25.7848913,0.924585854,Peru_2019,8.14285714285714,PIL,-13.151584,-71.640511,PE_PIL_B_2,2007,2019-07-09,2019,,not_part_of_the_dataset,Peru
,reco,3687,b,3,25.96766667,-0.051206042,Peru_2019,10.5714285714286,PIL,-13.151582,-71.640513,PE_PIL_B_3,2007,2019-07-09,2019,,not_part_of_the_dataset,Peru
,reco,3687.4,b,4,27.1028125,0.383681052,Peru_2019,17.4285714285714,PIL,-13.151576,-71.640552,PE_PIL_B_4,2007,2019-07-09,2019,,not_part_of_the_dataset,Peru
,reco,3626.7,b,5,27.39633333,1.200979773,Peru_2019,8.71428571428571,PIL,-13.151583,-71.64071,PE_PIL_B_5,2007,2019-07-09,2019,,not_part_of_the_dataset,Peru
,nee,3686.8,b,1,28.37711111,-6.621157886,Peru_2019,6512,PIL,-13.151593,-71.640514,PE_PIL_B_1,2007,2019-11-25,2019,,not_part_of_the_dataset,Peru
,nee,3686.9,b,2,28.64934066,-1.853873029,Peru_2019,1694.57142857143,PIL,-13.151584,-71.640511,PE_PIL_B_2,2007,2019-11-25,2019,,not_part_of_the_dataset,Peru
,nee,3687,b,3,28.52247312,-1.010598633,Peru_2019,2095.85714285714,PIL,-13.151582,-71.640513,PE_PIL_B_3,2007,2019-11-25,2019,,not_part_of_the_dataset,Peru
,nee,3687.4,b,4,27.63902174,0.411398863,Peru_2019,725,PIL,-13.151576,-71.640552,PE_PIL_B_4,2007,2019-11-25,2019,,not_part_of_the_dataset,Peru
,nee,3626.7,b,5,25.75255556,-2.249843404,Peru_2019,2291.83333333333,PIL,-13.151583,-71.64071,PE_PIL_B_5,2007,2019-11-25,2019,,not_part_of_the_dataset,Peru
,reco,3686.8,b,1,28.47873684,3.361236202,Peru_2019,3.71428571428571,PIL,-13.151593,-71.640514,PE_PIL_B_1,2007,2019-11-25,2019,,not_part_of_the_dataset,Peru
,reco,3686.9,b,2,28.61644444,1.719066964,Peru_2019,5.71428571428571,PIL,-13.151584,-71.640511,PE_PIL_B_2,2007,2019-11-25,2019,,not_part_of_the_dataset,Peru
,reco,3687,b,3,28.41139785,2.078705882,Peru_2019,10,PIL,-13.151582,-71.640513,PE_PIL_B_3,2007,2019-11-25,2019,,not_part_of_the_dataset,Peru
,reco,3687.4,b,4,28.14782609,1.828212533,Peru_2019,4,PIL,-13.151576,-71.640552,PE_PIL_B_4,2007,2019-11-25,2019,,not_part_of_the_dataset,Peru
,reco,3626.7,b,5,27.18795699,3.528848825,Peru_2019,3.71428571428571,PIL,-13.151583,-71.64071,PE_PIL_B_5,2007,2019-11-25,2019,,not_part_of_the_dataset,Peru
,nee,3669.6,c,1,27.27747253,-4.870124844,Peru_2019,4300.42857142857,PIL,-13.151803,-71.639885,PE_PIL_C_1,,2019-04-09,2019,,not_part_of_the_dataset,Peru
,nee,3669.6,c,1,27.28533333,-2.937545527,Peru_2019,4300.42857142857,PIL,-13.151803,-71.639885,PE_PIL_C_1,,2019-04-09,2019,,not_part_of_the_dataset,Peru
,nee,3669.6,c,1,27.08613636,-3.097609719,Peru_2019,4300.42857142857,PIL,-13.151803,-71.639885,PE_PIL_C_1,,2019-04-09,2019,,not_part_of_the_dataset,Peru
,nee,3669.6,c,1,26.73782609,-1.576051719,Peru_2019,4300.42857142857,PIL,-13.151803,-71.639885,PE_PIL_C_1,,2019-04-09,2019,,not_part_of_the_dataset,Peru
,nee,3671.2,c,2,27.63494505,-6.201776771,Peru_2019,5299.71428571429,PIL,-13.151791,-71.639945,PE_PIL_C_2,,2019-04-09,2019,,not_part_of_the_dataset,Peru
,nee,3671.2,c,2,27.53428571,-4.659524048,Peru_2019,5299.71428571429,PIL,-13.151791,-71.639945,PE_PIL_C_2,,2019-04-09,2019,,not_part_of_the_dataset,Peru
,nee,3671.2,c,2,27.27222222,-3.435512966,Peru_2019,5299.71428571429,PIL,-13.151791,-71.639945,PE_PIL_C_2,,2019-04-09,2019,,not_part_of_the_dataset,Peru
,nee,3671.2,c,2,27.14630435,-4.542606792,Peru_2019,5299.71428571429,PIL,-13.151791,-71.639945,PE_PIL_C_2,,2019-04-09,2019,,not_part_of_the_dataset,Peru
,nee,3673.3,c,3,26.64511111,-4.731778108,Peru_2019,5415.14285714286,PIL,-13.15178,-71.640027,PE_PIL_C_3,,2019-04-09,2019,,not_part_of_the_dataset,Peru
,nee,3673.3,c,3,26.83311111,-4.227990105,Peru_2019,5415.14285714286,PIL,-13.15178,-71.640027,PE_PIL_C_3,,2019-04-09,2019,,not_part_of_the_dataset,Peru
,nee,3673.3,c,3,26.62197802,-1.831855974,Peru_2019,5415.14285714286,PIL,-13.15178,-71.640027,PE_PIL_C_3,,2019-04-09,2019,,not_part_of_the_dataset,Peru
,nee,3673.3,c,3,26.46274725,-3.541087336,Peru_2019,5415.14285714286,PIL,-13.15178,-71.640027,PE_PIL_C_3,,2019-04-09,2019,,not_part_of_the_dataset,Peru
,nee,3683.5,c,4,26.39065217,-0.113406897,Peru_2019,1766.28571428571,PIL,-13.151633,-71.640395,PE_PIL_C_4,,2019-04-09,2019,,not_part_of_the_dataset,Peru
,nee,3683.5,c,4,26.00703297,-4.913697666,Peru_2019,1766.28571428571,PIL,-13.151633,-71.640395,PE_PIL_C_4,,2019-04-09,2019,,not_part_of_the_dataset,Peru
,nee,3683.5,c,4,26.10088889,-0.905783534,Peru_2019,1766.28571428571,PIL,-13.151633,-71.640395,PE_PIL_C_4,,2019-04-09,2019,,not_part_of_the_dataset,Peru
,nee,3683.5,c,4,26.059,-1.299897341,Peru_2019,1766.28571428571,PIL,-13.151633,-71.640395,PE_PIL_C_4,,2019-04-09,2019,,not_part_of_the_dataset,Peru
,nee,3685.5,c,5,29.08054348,-4.518705243,Peru_2019,4155,PIL,-13.15161,-71.640462,PE_PIL_C_5,,2019-04-09,2019,,not_part_of_the_dataset,Peru
,nee,3685.5,c,5,28.61622222,-0.650780357,Peru_2019,4155,PIL,-13.15161,-71.640462,PE_PIL_C_5,,2019-04-09,2019,,not_part_of_the_dataset,Peru
,nee,3685.5,c,5,28.23044444,-4.512841517,Peru_2019,4155,PIL,-13.15161,-71.640462,PE_PIL_C_5,,2019-04-09,2019,,not_part_of_the_dataset,Peru
,nee,3685.5,c,5,27.73787234,-1.395559752,Peru_2019,4155,PIL,-13.15161,-71.640462,PE_PIL_C_5,,2019-04-09,2019,,not_part_of_the_dataset,Peru
,reco,3669.6,c,1,26.19758242,3.273000867,Peru_2019,14.4285714285714,PIL,-13.151803,-71.639885,PE_PIL_C_1,,2019-04-09,2019,,not_part_of_the_dataset,Peru
,reco,3671.2,c,2,26.99228261,1.863495991,Peru_2019,18.8571428571429,PIL,-13.151791,-71.639945,PE_PIL_C_2,,2019-04-09,2019,,not_part_of_the_dataset,Peru
,reco,3673.3,c,3,26.27634409,1.931038413,Peru_2019,18,PIL,-13.15178,-71.640027,PE_PIL_C_3,,2019-04-09,2019,,not_part_of_the_dataset,Peru
,reco,3683.5,c,4,25.82847826,3.094219241,Peru_2019,11.4285714285714,PIL,-13.151633,-71.640395,PE_PIL_C_4,,2019-04-09,2019,,not_part_of_the_dataset,Peru
,reco,3685.5,c,5,27.05758242,1.979572811,Peru_2019,4.71428571428571,PIL,-13.15161,-71.640462,PE_PIL_C_5,,2019-04-09,2019,,not_part_of_the_dataset,Peru
,nee,3669.6,c,1,17.38373626,-4.501573179,Peru_2019,1627.28571428571,PIL,-13.151803,-71.639885,PE_PIL_C_1,,2019-07-09,2019,,not_part_of_the_dataset,Peru
,nee,3671.2,c,2,18.89175824,-3.73661989,Peru_2019,2202.28571428571,PIL,-13.151791,-71.639945,PE_PIL_C_2,,2019-07-09,2019,,not_part_of_the_dataset,Peru
,nee,3673.3,c,3,19.91296703,-3.603046059,Peru_2019,2254.16666666667,PIL,-13.15178,-71.640027,PE_PIL_C_3,,2019-07-09,2019,,not_part_of_the_dataset,Peru
,nee,3683.5,c,4,21.27913978,-3.340380688,Peru_2019,2637,PIL,-13.151633,-71.640395,PE_PIL_C_4,,2019-07-09,2019,,not_part_of_the_dataset,Peru
,nee,3685.5,c,5,22.93096774,-4.565600369,Peru_2019,3554.85714285714,PIL,-13.15161,-71.640462,PE_PIL_C_5,,2019-07-09,2019,,not_part_of_the_dataset,Peru
,reco,3669.6,c,1,17.84684783,1.655703584,Peru_2019,8.28571428571429,PIL,-13.151803,-71.639885,PE_PIL_C_1,,2019-07-09,2019,,not_part_of_the_dataset,Peru
,reco,3671.2,c,2,19.18709677,1.047936745,Peru_2019,6.14285714285714,PIL,-13.151791,-71.639945,PE_PIL_C_2,,2019-07-09,2019,,not_part_of_the_dataset,Peru
,reco,3673.3,c,3,20.48875,0.005560821,Peru_2019,6.71428571428571,PIL,-13.15178,-71.640027,PE_PIL_C_3,,2019-07-09,2019,,not_part_of_the_dataset,Peru
,reco,3683.5,c,4,21.72956989,0.853334562,Peru_2019,9.57142857142857,PIL,-13.151633,-71.640395,PE_PIL_C_4,,2019-07-09,2019,,not_part_of_the_dataset,Peru
,reco,3685.5,c,5,23.3910101,0.987015217,Peru_2019,8.85714285714286,PIL,-13.15161,-71.640462,PE_PIL_C_5,,2019-07-09,2019,,not_part_of_the_dataset,Peru
,nee,3669.6,c,1,23.86206522,-3.760254379,Peru_2019,5368.71428571429,PIL,-13.151803,-71.639885,PE_PIL_C_1,,2019-11-25,2019,,not_part_of_the_dataset,Peru
,nee,3671.2,c,2,26.09698925,-4.595382702,Peru_2019,6120.28571428572,PIL,-13.151791,-71.639945,PE_PIL_C_2,,2019-11-25,2019,,not_part_of_the_dataset,Peru
,nee,3673.3,c,3,29.05386364,-1.787420672,Peru_2019,1980.57142857143,PIL,-13.15178,-71.640027,PE_PIL_C_3,,2019-11-25,2019,,not_part_of_the_dataset,Peru
,nee,3683.5,c,4,29.08747253,-0.896967171,Peru_2019,2151.57142857143,PIL,-13.151633,-71.640395,PE_PIL_C_4,,2019-11-25,2019,,not_part_of_the_dataset,Peru
,nee,3685.5,c,5,29.05138298,-1.236657391,Peru_2019,1535.42857142857,PIL,-13.15161,-71.640462,PE_PIL_C_5,,2019-11-25,2019,,not_part_of_the_dataset,Peru
,reco,3669.6,c,1,24.58086957,2.32931394,Peru_2019,3.71428571428571,PIL,-13.151803,-71.639885,PE_PIL_C_1,,2019-11-25,2019,,not_part_of_the_dataset,Peru
,reco,3671.2,c,2,28.89113402,3.167047294,Peru_2019,4.71428571428571,PIL,-13.151791,-71.639945,PE_PIL_C_2,,2019-11-25,2019,,not_part_of_the_dataset,Peru
,reco,3673.3,c,3,29.04421053,1.463820828,Peru_2019,3.71428571428571,PIL,-13.15178,-71.640027,PE_PIL_C_3,,2019-11-25,2019,,not_part_of_the_dataset,Peru
,reco,3683.5,c,4,29.1084375,1.596304589,Peru_2019,2.57142857142857,PIL,-13.151633,-71.640395,PE_PIL_C_4,,2019-11-25,2019,,not_part_of_the_dataset,Peru
,reco,3685.5,c,5,28.95489583,1.674812885,Peru_2019,4.14285714285714,PIL,-13.15161,-71.640462,PE_PIL_C_5,,2019-11-25,2019,,not_part_of_the_dataset,Peru
,nee,3882.9,b,1,28.03147059,-5.652239958,Peru_2019,5453.5,QUE,-13.213786,-71.619294,PE_QUE_B_1,2005,2019-04-05,2019,,not_part_of_the_dataset,Peru
,nee,3884.3,b,2,28.41876404,-2.36648921,Peru_2019,4244,QUE,-13.213841,-71.619348,PE_QUE_B_2,2005,2019-04-05,2019,,not_part_of_the_dataset,Peru
,nee,3890,b,3,24.29233645,-3.938666102,Peru_2019,3557,QUE,-13.214201,-71.619384,PE_QUE_B_3,2005,2019-04-05,2019,,not_part_of_the_dataset,Peru
,nee,3889.8,b,4,24.42929293,-5.330940953,Peru_2019,2096.5,QUE,-13.214146,-71.619396,PE_QUE_B_4,2005,2019-04-05,2019,,not_part_of_the_dataset,Peru
,nee,3893.1,b,5,23.01340426,-4.028464108,Peru_2019,5347,QUE,-13.214258,-71.619377,PE_QUE_B_5,2005,2019-04-05,2019,,not_part_of_the_dataset,Peru
,reco,3882.9,b,1,28.21269231,1.92674579,Peru_2019,8.33333333333333,QUE,-13.213786,-71.619294,PE_QUE_B_1,2005,2019-04-05,2019,,not_part_of_the_dataset,Peru
,reco,3884.3,b,2,27.29286822,0.506355923,Peru_2019,15.5,QUE,-13.213841,-71.619348,PE_QUE_B_2,2005,2019-04-05,2019,,not_part_of_the_dataset,Peru
,reco,3890,b,3,23.9522807,0.005922494,Peru_2019,11,QUE,-13.214201,-71.619384,PE_QUE_B_3,2005,2019-04-05,2019,,not_part_of_the_dataset,Peru
,reco,3889.8,b,4,23.55757895,1.393317319,Peru_2019,4.5,QUE,-13.214146,-71.619396,PE_QUE_B_4,2005,2019-04-05,2019,,not_part_of_the_dataset,Peru
,reco,3893.1,b,5,23.73959184,1.231937215,Peru_2019,4.5,QUE,-13.214258,-71.619377,PE_QUE_B_5,2005,2019-04-05,2019,,not_part_of_the_dataset,Peru
,nee,3882.9,b,1,24.90733333,-1.756303694,Peru_2019,4546.42857142857,QUE,-13.213786,-71.619294,PE_QUE_B_1,2005,2019-07-11,2019,,not_part_of_the_dataset,Peru
,nee,3882.9,b,1,25.6101087,-3.564904774,Peru_2019,4546.42857142857,QUE,-13.213786,-71.619294,PE_QUE_B_1,2005,2019-07-11,2019,,not_part_of_the_dataset,Peru
,nee,3882.9,b,1,26.25258427,-1.442311551,Peru_2019,4546.42857142857,QUE,-13.213786,-71.619294,PE_QUE_B_1,2005,2019-07-11,2019,,not_part_of_the_dataset,Peru
,nee,3882.9,b,1,26.82054348,-2.06255651,Peru_2019,4546.42857142857,QUE,-13.213786,-71.619294,PE_QUE_B_1,2005,2019-07-11,2019,,not_part_of_the_dataset,Peru
,nee,3884.3,b,2,28.44826087,-1.697584517,Peru_2019,4563.85714285714,QUE,-13.213841,-71.619348,PE_QUE_B_2,2005,2019-07-11,2019,,not_part_of_the_dataset,Peru
,nee,3884.3,b,2,28.93404494,-1.636078613,Peru_2019,4563.85714285714,QUE,-13.213841,-71.619348,PE_QUE_B_2,2005,2019-07-11,2019,,not_part_of_the_dataset,Peru
,nee,3884.3,b,2,29.41073684,-1.535670762,Peru_2019,4563.85714285714,QUE,-13.213841,-71.619348,PE_QUE_B_2,2005,2019-07-11,2019,,not_part_of_the_dataset,Peru
,nee,3884.3,b,2,29.83902174,-1.095476837,Peru_2019,4563.85714285714,QUE,-13.213841,-71.619348,PE_QUE_B_2,2005,2019-07-11,2019,,not_part_of_the_dataset,Peru
,nee,3890,b,3,31.59611111,-0.699757754,Peru_2019,4896.85714285714,QUE,-13.214201,-71.619384,PE_QUE_B_3,2005,2019-07-11,2019,,not_part_of_the_dataset,Peru
,nee,3890,b,3,31.67247312,-0.728213793,Peru_2019,4896.85714285714,QUE,-13.214201,-71.619384,PE_QUE_B_3,2005,2019-07-11,2019,,not_part_of_the_dataset,Peru
,nee,3890,b,3,31.74450549,-0.991883918,Peru_2019,4896.85714285714,QUE,-13.214201,-71.619384,PE_QUE_B_3,2005,2019-07-11,2019,,not_part_of_the_dataset,Peru
,nee,3890,b,3,31.81549451,-1.16275466,Peru_2019,4896.85714285714,QUE,-13.214201,-71.619384,PE_QUE_B_3,2005,2019-07-11,2019,,not_part_of_the_dataset,Peru
,nee,3889.8,b,4,30.723,-1.462997899,Peru_2019,4658.71428571429,QUE,-13.214146,-71.619396,PE_QUE_B_4,2005,2019-07-11,2019,,not_part_of_the_dataset,Peru
,nee,3889.8,b,4,30.41659341,-1.625928854,Peru_2019,4658.71428571429,QUE,-13.214146,-71.619396,PE_QUE_B_4,2005,2019-07-11,2019,,not_part_of_the_dataset,Peru
,nee,3889.8,b,4,30.14258065,-2.190228949,Peru_2019,4658.71428571429,QUE,-13.214146,-71.619396,PE_QUE_B_4,2005,2019-07-11,2019,,not_part_of_the_dataset,Peru
,nee,3889.8,b,4,29.91808989,-0.939337762,Peru_2019,4658.71428571429,QUE,-13.214146,-71.619396,PE_QUE_B_4,2005,2019-07-11,2019,,not_part_of_the_dataset,Peru
,nee,3893.1,b,5,29.52626667,-1.46492842,Peru_2019,4792.42857142857,QUE,-13.214258,-71.619377,PE_QUE_B_5,2005,2019-07-11,2019,,not_part_of_the_dataset,Peru
,nee,3893.1,b,5,25.87428571,-1.911198524,Peru_2019,4792.42857142857,QUE,-13.214258,-71.619377,PE_QUE_B_5,2005,2019-07-11,2019,,not_part_of_the_dataset,Peru
,nee,3893.1,b,5,25.79236559,-1.380337803,Peru_2019,4792.42857142857,QUE,-13.214258,-71.619377,PE_QUE_B_5,2005,2019-07-11,2019,,not_part_of_the_dataset,Peru
,nee,3893.1,b,5,25.83956044,-1.151671169,Peru_2019,4792.42857142857,QUE,-13.214258,-71.619377,PE_QUE_B_5,2005,2019-07-11,2019,,not_part_of_the_dataset,Peru
,reco,3882.9,b,1,27.44021505,1.080577503,Peru_2019,8.14285714285714,QUE,-13.213786,-71.619294,PE_QUE_B_1,2005,2019-07-11,2019,,not_part_of_the_dataset,Peru
,reco,3884.3,b,2,30.75309524,0.307568764,Peru_2019,4,QUE,-13.213841,-71.619348,PE_QUE_B_2,2005,2019-07-11,2019,,not_part_of_the_dataset,Peru
,reco,3890,b,3,31.89333333,0.514500687,Peru_2019,16.7142857142857,QUE,-13.214201,-71.619384,PE_QUE_B_3,2005,2019-07-11,2019,,not_part_of_the_dataset,Peru
,reco,3889.8,b,4,29.64206522,-0.164438468,Peru_2019,257.714285714286,QUE,-13.214146,-71.619396,PE_QUE_B_4,2005,2019-07-11,2019,,not_part_of_the_dataset,Peru
,reco,3893.1,b,5,25.94731183,0.518185991,Peru_2019,17,QUE,-13.214258,-71.619377,PE_QUE_B_5,2005,2019-07-11,2019,,not_part_of_the_dataset,Peru
,nee,3882.9,b,1,20.21228261,-2.384407945,Peru_2019,4533.57142857143,QUE,-13.213786,-71.619294,PE_QUE_B_1,2005,2019-11-27,2019,,not_part_of_the_dataset,Peru
,nee,3882.9,b,1,20.65674157,-2.582641234,Peru_2019,4533.57142857143,QUE,-13.213786,-71.619294,PE_QUE_B_1,2005,2019-11-27,2019,,not_part_of_the_dataset,Peru
,nee,3882.9,b,1,21.41298851,-2.755888004,Peru_2019,4533.57142857143,QUE,-13.213786,-71.619294,PE_QUE_B_1,2005,2019-11-27,2019,,not_part_of_the_dataset,Peru
,nee,3882.9,b,1,21.79144444,-0.982935377,Peru_2019,4533.57142857143,QUE,-13.213786,-71.619294,PE_QUE_B_1,2005,2019-11-27,2019,,not_part_of_the_dataset,Peru
,nee,3884.3,b,2,24.42608696,-0.949488096,Peru_2019,2291.28571428571,QUE,-13.213841,-71.619348,PE_QUE_B_2,2005,2019-11-27,2019,,not_part_of_the_dataset,Peru
,nee,3890,b,3,25.00904255,0.809191239,Peru_2019,2567.42857142857,QUE,-13.214201,-71.619384,PE_QUE_B_3,2005,2019-11-27,2019,,not_part_of_the_dataset,Peru
,nee,3889.8,b,4,25.20422222,-1.632354668,Peru_2019,4618.14285714286,QUE,-13.214146,-71.619396,PE_QUE_B_4,2005,2019-11-27,2019,,not_part_of_the_dataset,Peru
,nee,3893.1,b,5,25.6888764,-2.940462851,Peru_2019,4924,QUE,-13.214258,-71.619377,PE_QUE_B_5,2005,2019-11-27,2019,,not_part_of_the_dataset,Peru
,nee,3893.1,b,5,25.90208791,-2.387195808,Peru_2019,4924,QUE,-13.214258,-71.619377,PE_QUE_B_5,2005,2019-11-27,2019,,not_part_of_the_dataset,Peru
,nee,3893.1,b,5,26.11844444,-2.66800605,Peru_2019,4924,QUE,-13.214258,-71.619377,PE_QUE_B_5,2005,2019-11-27,2019,,not_part_of_the_dataset,Peru
,nee,3893.1,b,5,26.38966667,-2.988780219,Peru_2019,4924,QUE,-13.214258,-71.619377,PE_QUE_B_5,2005,2019-11-27,2019,,not_part_of_the_dataset,Peru
,reco,3882.9,b,1,22.20780952,1.684298544,Peru_2019,14.4285714285714,QUE,-13.213786,-71.619294,PE_QUE_B_1,2005,2019-11-27,2019,,not_part_of_the_dataset,Peru
,reco,3884.3,b,2,24.54020833,0.402445159,Peru_2019,2.85714285714286,QUE,-13.213841,-71.619348,PE_QUE_B_2,2005,2019-11-27,2019,,not_part_of_the_dataset,Peru
,reco,3890,b,3,25.03891304,1.237674806,Peru_2019,15.2857142857143,QUE,-13.214201,-71.619384,PE_QUE_B_3,2005,2019-11-27,2019,,not_part_of_the_dataset,Peru
,reco,3889.8,b,4,25.32764706,1.329651706,Peru_2019,13.1428571428571,QUE,-13.214146,-71.619396,PE_QUE_B_4,2005,2019-11-27,2019,,not_part_of_the_dataset,Peru
,reco,3893.1,b,5,26.63535354,0.640008054,Peru_2019,1.71428571428571,QUE,-13.214258,-71.619377,PE_QUE_B_5,2005,2019-11-27,2019,,not_part_of_the_dataset,Peru
,nee,3618.2,nb,1,25.59134831,-2.984655496,Peru_2019,3026.85714285714,TRE,-13.138776,-71.631304,PE_TRE_NB_1,2018,2019-04-13,2019,,not_part_of_the_dataset,Peru
,nee,3618.2,nb,1,26.04363636,-0.71539424,Peru_2019,3026.85714285714,TRE,-13.138776,-71.631304,PE_TRE_NB_1,2018,2019-04-13,2019,,not_part_of_the_dataset,Peru
,nee,3618.2,nb,1,25.74333333,-0.823966494,Peru_2019,3026.85714285714,TRE,-13.138776,-71.631304,PE_TRE_NB_1,2018,2019-04-13,2019,,not_part_of_the_dataset,Peru
,nee,3618.2,nb,1,25.40633333,-1.205395822,Peru_2019,3026.85714285714,TRE,-13.138776,-71.631304,PE_TRE_NB_1,2018,2019-04-13,2019,,not_part_of_the_dataset,Peru
,nee,3619.1,nb,2,20.31247312,-0.986531506,Peru_2019,1598.42857142857,TRE,-13.138797,-71.631253,PE_TRE_NB_2,2018,2019-04-13,2019,,not_part_of_the_dataset,Peru
,nee,3619.4,nb,3,20.62228261,-2.26623039,Peru_2019,1089.42857142857,TRE,-13.138823,-71.631196,PE_TRE_NB_3,2018,2019-04-13,2019,,not_part_of_the_dataset,Peru
,nee,3620.3,nb,4,20.84246914,-5.974268042,Peru_2019,958,TRE,-13.138837,-71.631153,PE_TRE_NB_4,2018,2019-04-13,2019,,not_part_of_the_dataset,Peru
,nee,3621.3,nb,5,20.48870968,-10.26954128,Peru_2019,726.571428571429,TRE,-13.138871,-71.631095,PE_TRE_NB_5,2018,2019-04-13,2019,,not_part_of_the_dataset,Peru
,reco,3618.2,nb,1,24.82322222,0.640885109,Peru_2019,5.57142857142857,TRE,-13.138776,-71.631304,PE_TRE_NB_1,2018,2019-04-13,2019,,not_part_of_the_dataset,Peru
,reco,3619.1,nb,2,20.54719101,1.143127658,Peru_2019,1.14285714285714,TRE,-13.138797,-71.631253,PE_TRE_NB_2,2018,2019-04-13,2019,,not_part_of_the_dataset,Peru
,reco,3619.4,nb,3,20.86701149,2.259000156,Peru_2019,1.28571428571429,TRE,-13.138823,-71.631196,PE_TRE_NB_3,2018,2019-04-13,2019,,not_part_of_the_dataset,Peru
,reco,3620.3,nb,4,20.77119565,2.366550264,Peru_2019,1.14285714285714,TRE,-13.138837,-71.631153,PE_TRE_NB_4,2018,2019-04-13,2019,,not_part_of_the_dataset,Peru
,reco,3621.3,nb,5,20.35616438,0.507424063,Peru_2019,1.28571428571429,TRE,-13.138871,-71.631095,PE_TRE_NB_5,2018,2019-04-13,2019,,not_part_of_the_dataset,Peru
,nee,3618.2,nb,1,19.0923913,-5.249341081,Peru_2019,3629,TRE,-13.138776,-71.631304,PE_TRE_NB_1,2018,2019-07-14,2019,,not_part_of_the_dataset,Peru
,nee,3618.2,nb,1,20.16213333,-5.066392954,Peru_2019,3629,TRE,-13.138776,-71.631304,PE_TRE_NB_1,2018,2019-07-14,2019,,not_part_of_the_dataset,Peru
,nee,3618.2,nb,1,20.98879121,-4.698959897,Peru_2019,3629,TRE,-13.138776,-71.631304,PE_TRE_NB_1,2018,2019-07-14,2019,,not_part_of_the_dataset,Peru
,nee,3618.2,nb,1,22.06706522,-4.205685349,Peru_2019,3629,TRE,-13.138776,-71.631304,PE_TRE_NB_1,2018,2019-07-14,2019,,not_part_of_the_dataset,Peru
,nee,3619.4,nb,3,26.70085106,-2.334521369,Peru_2019,1173.42857142857,TRE,-13.138823,-71.631196,PE_TRE_NB_3,2018,2019-07-14,2019,,not_part_of_the_dataset,Peru
,nee,3620.3,nb,4,26.98793478,-1.193919385,Peru_2019,1416.14285714286,TRE,-13.138837,-71.631153,PE_TRE_NB_4,2018,2019-07-14,2019,,not_part_of_the_dataset,Peru
,nee,3621.3,nb,5,27.39826087,-1.414264012,Peru_2019,1685.14285714286,TRE,-13.138871,-71.631095,PE_TRE_NB_5,2018,2019-07-14,2019,,not_part_of_the_dataset,Peru
,reco,3618.2,nb,1,24.16059701,0.764817513,Peru_2019,2,TRE,-13.138776,-71.631304,PE_TRE_NB_1,2018,2019-07-14,2019,,not_part_of_the_dataset,Peru
,reco,3619.4,nb,3,26.83098901,1.660519866,Peru_2019,8.28571428571429,TRE,-13.138823,-71.631196,PE_TRE_NB_3,2018,2019-07-14,2019,,not_part_of_the_dataset,Peru
,reco,3620.3,nb,4,27.14268817,1.314691322,Peru_2019,6,TRE,-13.138837,-71.631153,PE_TRE_NB_4,2018,2019-07-14,2019,,not_part_of_the_dataset,Peru
,reco,3621.3,nb,5,27.52989583,0.754441795,Peru_2019,4.71428571428571,TRE,-13.138871,-71.631095,PE_TRE_NB_5,2018,2019-07-14,2019,,not_part_of_the_dataset,Peru
,nee,3618.2,nb,1,16.66957895,-4.232760124,Peru_2019,2365.28571428571,TRE,-13.138776,-71.631304,PE_TRE_NB_1,2018,2019-11-24,2019,,not_part_of_the_dataset,Peru
,nee,3619.1,nb,2,18.61698925,-2.952364952,Peru_2019,2504.28571428571,TRE,-13.138797,-71.631253,PE_TRE_NB_2,2018,2019-11-24,2019,,not_part_of_the_dataset,Peru
,nee,3619.4,nb,3,19.90177778,-3.80723487,Peru_2019,1867.42857142857,TRE,-13.138823,-71.631196,PE_TRE_NB_3,2018,2019-11-24,2019,,not_part_of_the_dataset,Peru
,nee,3620.3,nb,4,20.86717391,-1.982313562,Peru_2019,1376.14285714286,TRE,-13.138837,-71.631153,PE_TRE_NB_4,2018,2019-11-24,2019,,not_part_of_the_dataset,Peru
,nee,3621.3,nb,5,21.48866667,-2.147718361,Peru_2019,1872.57142857143,TRE,-13.138871,-71.631095,PE_TRE_NB_5,2018,2019-11-24,2019,,not_part_of_the_dataset,Peru
,reco,3618.2,nb,1,17.65042553,2.366117959,Peru_2019,1.14285714285714,TRE,-13.138776,-71.631304,PE_TRE_NB_1,2018,2019-11-24,2019,,not_part_of_the_dataset,Peru
,reco,3619.1,nb,2,19.07175824,2.006523107,Peru_2019,3.71428571428571,TRE,-13.138797,-71.631253,PE_TRE_NB_2,2018,2019-11-24,2019,,not_part_of_the_dataset,Peru
,reco,3619.4,nb,3,20.33011111,1.897690743,Peru_2019,2.28571428571429,TRE,-13.138823,-71.631196,PE_TRE_NB_3,2018,2019-11-24,2019,,not_part_of_the_dataset,Peru
,reco,3620.3,nb,4,21.07586957,2.349158907,Peru_2019,3.14285714285714,TRE,-13.138837,-71.631153,PE_TRE_NB_4,2018,2019-11-24,2019,,not_part_of_the_dataset,Peru
,reco,3621.3,nb,5,21.64376344,2.600398052,Peru_2019,4,TRE,-13.138871,-71.631095,PE_TRE_NB_5,2018,2019-11-24,2019,,not_part_of_the_dataset,Peru
,nee,3714.3,c,1,34.124375,-3.23739846,Peru_2019,6624.33333333333,TRE,-13.119746,-71.620771,PE_TRE_C_1,,2019-04-08,2019,,not_part_of_the_dataset,Peru
,nee,3714.3,c,1,34.73144444,-2.811210263,Peru_2019,6624.33333333333,TRE,-13.119746,-71.620771,PE_TRE_C_1,,2019-04-08,2019,,not_part_of_the_dataset,Peru
,nee,3714.3,c,1,35.39692308,-2.294632067,Peru_2019,6624.33333333333,TRE,-13.119746,-71.620771,PE_TRE_C_1,,2019-04-08,2019,,not_part_of_the_dataset,Peru
,nee,3714.3,c,1,35.90188889,-1.333946197,Peru_2019,6624.33333333333,TRE,-13.119746,-71.620771,PE_TRE_C_1,,2019-04-08,2019,,not_part_of_the_dataset,Peru
,nee,3714.8,c,2,34.96455556,-2.812727503,Peru_2019,5886.28571428572,TRE,-13.119733,-71.62081,PE_TRE_C_2,,2019-04-08,2019,,not_part_of_the_dataset,Peru
,nee,3714.8,c,2,34.82699029,-2.627036043,Peru_2019,5886.28571428572,TRE,-13.119733,-71.62081,PE_TRE_C_2,,2019-04-08,2019,,not_part_of_the_dataset,Peru
,nee,3714.8,c,2,34.24404494,-2.926932774,Peru_2019,5886.28571428572,TRE,-13.119733,-71.62081,PE_TRE_C_2,,2019-04-08,2019,,not_part_of_the_dataset,Peru
,nee,3714.8,c,2,33.70322222,-2.277674902,Peru_2019,5886.28571428572,TRE,-13.119733,-71.62081,PE_TRE_C_2,,2019-04-08,2019,,not_part_of_the_dataset,Peru
,nee,3714.7,c,3,36.47913043,-4.068331503,Peru_2019,6062.57142857143,TRE,-13.119713,-71.620874,PE_TRE_C_3,,2019-04-08,2019,,not_part_of_the_dataset,Peru
,nee,3714.7,c,3,33.93641304,-2.776055211,Peru_2019,6062.57142857143,TRE,-13.119713,-71.620874,PE_TRE_C_3,,2019-04-08,2019,,not_part_of_the_dataset,Peru
,nee,3714.7,c,3,34.24355556,-1.190935414,Peru_2019,6062.57142857143,TRE,-13.119713,-71.620874,PE_TRE_C_3,,2019-04-08,2019,,not_part_of_the_dataset,Peru
,nee,3714.7,c,3,34.47709677,-1.69094523,Peru_2019,6062.57142857143,TRE,-13.119713,-71.620874,PE_TRE_C_3,,2019-04-08,2019,,not_part_of_the_dataset,Peru
,nee,3714.7,c,4,37.00711111,-3.603677568,Peru_2019,6439.57142857143,TRE,-13.119695,-71.620927,PE_TRE_C_4,,2019-04-08,2019,,not_part_of_the_dataset,Peru
,nee,3714.7,c,4,32.77688172,-1.840758364,Peru_2019,6439.57142857143,TRE,-13.119695,-71.620927,PE_TRE_C_4,,2019-04-08,2019,,not_part_of_the_dataset,Peru
,nee,3714.7,c,4,33.2210989,-1.834828138,Peru_2019,6439.57142857143,TRE,-13.119695,-71.620927,PE_TRE_C_4,,2019-04-08,2019,,not_part_of_the_dataset,Peru
,nee,3714.7,c,4,33.40588889,-1.240687216,Peru_2019,6439.57142857143,TRE,-13.119695,-71.620927,PE_TRE_C_4,,2019-04-08,2019,,not_part_of_the_dataset,Peru
,nee,3714.6,c,5,37.45315217,-3.152613228,Peru_2019,6614,TRE,-13.119707,-71.62093,PE_TRE_C_5,,2019-04-08,2019,,not_part_of_the_dataset,Peru
,nee,3714.6,c,5,37.55764045,-3.642553487,Peru_2019,6614,TRE,-13.119707,-71.62093,PE_TRE_C_5,,2019-04-08,2019,,not_part_of_the_dataset,Peru
,nee,3714.6,c,5,37.35717391,-3.335203346,Peru_2019,6614,TRE,-13.119707,-71.62093,PE_TRE_C_5,,2019-04-08,2019,,not_part_of_the_dataset,Peru
,nee,3714.6,c,5,37.36122222,-1.334941499,Peru_2019,6614,TRE,-13.119707,-71.62093,PE_TRE_C_5,,2019-04-08,2019,,not_part_of_the_dataset,Peru
,reco,3714.3,c,1,36.28610526,1.53949863,Peru_2019,12,TRE,-13.119746,-71.620771,PE_TRE_C_1,,2019-04-08,2019,,not_part_of_the_dataset,Peru
,reco,3714.8,c,2,36.42483516,2.874779473,Peru_2019,10.4285714285714,TRE,-13.119733,-71.62081,PE_TRE_C_2,,2019-04-08,2019,,not_part_of_the_dataset,Peru
,reco,3714.7,c,3,36.43184783,2.994199259,Peru_2019,16.7142857142857,TRE,-13.119713,-71.620874,PE_TRE_C_3,,2019-04-08,2019,,not_part_of_the_dataset,Peru
,reco,3714.7,c,4,36.6593617,0.926322649,Peru_2019,11.7142857142857,TRE,-13.119695,-71.620927,PE_TRE_C_4,,2019-04-08,2019,,not_part_of_the_dataset,Peru
,reco,3714.6,c,5,36.68681818,2.257481379,Peru_2019,14.1428571428571,TRE,-13.119707,-71.62093,PE_TRE_C_5,,2019-04-08,2019,,not_part_of_the_dataset,Peru
,nee,3714.3,c,1,13.93544444,-24.7464419,Peru_2019,1595.57142857143,TRE,-13.119746,-71.620771,PE_TRE_C_1,,2019-07-08,2019,,not_part_of_the_dataset,Peru
,nee,3714.8,c,2,15.14538462,-0.849214137,Peru_2019,1510,TRE,-13.119733,-71.62081,PE_TRE_C_2,,2019-07-08,2019,,not_part_of_the_dataset,Peru
,nee,3714.7,c,3,15.96725275,-3.908922922,Peru_2019,1238,TRE,-13.119713,-71.620874,PE_TRE_C_3,,2019-07-08,2019,,not_part_of_the_dataset,Peru
,nee,3714.7,c,4,17.41587629,-2.396810358,Peru_2019,1721.71428571429,TRE,-13.119695,-71.620927,PE_TRE_C_4,,2019-07-08,2019,,not_part_of_the_dataset,Peru
,nee,3714.6,c,5,17.28175824,-5.197741073,Peru_2019,1365.57142857143,TRE,-13.119707,-71.62093,PE_TRE_C_5,,2019-07-08,2019,,not_part_of_the_dataset,Peru
,reco,3714.3,c,1,14.39792683,1.52366709,Peru_2019,1,TRE,-13.119746,-71.620771,PE_TRE_C_1,,2019-07-08,2019,,not_part_of_the_dataset,Peru
,reco,3714.8,c,2,15.42833333,2.170608261,Peru_2019,3.85714285714286,TRE,-13.119733,-71.62081,PE_TRE_C_2,,2019-07-08,2019,,not_part_of_the_dataset,Peru
,reco,3714.7,c,3,16.02747368,1.35872602,Peru_2019,3.28571428571429,TRE,-13.119713,-71.620874,PE_TRE_C_3,,2019-07-08,2019,,not_part_of_the_dataset,Peru
,reco,3714.7,c,4,17.50266667,1.928047611,Peru_2019,3.14285714285714,TRE,-13.119695,-71.620927,PE_TRE_C_4,,2019-07-08,2019,,not_part_of_the_dataset,Peru
,reco,3714.6,c,5,17.59365591,0.9007149,Peru_2019,4.85714285714286,TRE,-13.119707,-71.62093,PE_TRE_C_5,,2019-07-08,2019,,not_part_of_the_dataset,Peru
,nee,3714.3,c,1,19.21591398,-2.660849035,Peru_2019,1764.28571428571,TRE,-13.119746,-71.620771,PE_TRE_C_1,,2019-11-21,2019,,not_part_of_the_dataset,Peru
,nee,3714.8,c,2,20.0544086,-4.990143362,Peru_2019,2459.71428571429,TRE,-13.119733,-71.62081,PE_TRE_C_2,,2019-11-21,2019,,not_part_of_the_dataset,Peru
,nee,3714.7,c,3,21.14141304,-8.795836114,Peru_2019,5733.57142857143,TRE,-13.119713,-71.620874,PE_TRE_C_3,,2019-11-21,2019,,not_part_of_the_dataset,Peru
,nee,3714.7,c,4,22.65681319,-2.394371923,Peru_2019,3861.71428571429,TRE,-13.119695,-71.620927,PE_TRE_C_4,,2019-11-21,2019,,not_part_of_the_dataset,Peru
,nee,3714.6,c,5,24.0772043,-2.675118581,Peru_2019,2223.14285714286,TRE,-13.119707,-71.62093,PE_TRE_C_5,,2019-11-21,2019,,not_part_of_the_dataset,Peru
,reco,3714.3,c,1,19.54765957,3.638564856,Peru_2019,3.28571428571429,TRE,-13.119746,-71.620771,PE_TRE_C_1,,2019-11-21,2019,,not_part_of_the_dataset,Peru
,reco,3714.8,c,2,20.22989247,3.446996926,Peru_2019,1.71428571428571,TRE,-13.119733,-71.62081,PE_TRE_C_2,,2019-11-21,2019,,not_part_of_the_dataset,Peru
,reco,3714.7,c,3,21.59784946,3.664950244,Peru_2019,4.28571428571429,TRE,-13.119713,-71.620874,PE_TRE_C_3,,2019-11-21,2019,,not_part_of_the_dataset,Peru
,reco,3714.7,c,4,23.14229167,3.459185321,Peru_2019,4.14285714285714,TRE,-13.119695,-71.620927,PE_TRE_C_4,,2019-11-21,2019,,not_part_of_the_dataset,Peru
,reco,3714.6,c,5,24.29760417,0.197860192,Peru_2019,5.57142857142857,TRE,-13.119707,-71.62093,PE_TRE_C_5,,2019-11-21,2019,,not_part_of_the_dataset,Peru
,nee,3071.7,b,1,25.32684783,-3.135886279,Peru_2019,5157.57142857143,WAY,-13.179917,-71.588118,PE_WAY_B_1,2007,2019-04-11,2019,,not_part_of_the_dataset,Peru
,nee,3071.7,b,1,25.9277907,-4.199001953,Peru_2019,5157.57142857143,WAY,-13.179917,-71.588118,PE_WAY_B_1,2007,2019-04-11,2019,,not_part_of_the_dataset,Peru
,nee,3071.7,b,1,26.50868132,-3.639493566,Peru_2019,5157.57142857143,WAY,-13.179917,-71.588118,PE_WAY_B_1,2007,2019-04-11,2019,,not_part_of_the_dataset,Peru
,nee,3071.7,b,1,27.03752688,-1.775137464,Peru_2019,5157.57142857143,WAY,-13.179917,-71.588118,PE_WAY_B_1,2007,2019-04-11,2019,,not_part_of_the_dataset,Peru
,nee,3073.1,b,2,29.37366667,-3.94310423,Peru_2019,5123.71428571429,WAY,-13.179978,-71.588188,PE_WAY_B_2,2007,2019-04-11,2019,,not_part_of_the_dataset,Peru
,nee,3073.1,b,2,29.61527473,-3.752397096,Peru_2019,5123.71428571429,WAY,-13.179978,-71.588188,PE_WAY_B_2,2007,2019-04-11,2019,,not_part_of_the_dataset,Peru
,nee,3073.1,b,2,30.08806452,-2.683523104,Peru_2019,5123.71428571429,WAY,-13.179978,-71.588188,PE_WAY_B_2,2007,2019-04-11,2019,,not_part_of_the_dataset,Peru
,nee,3073.1,b,2,30.43011111,-2.13049976,Peru_2019,5123.71428571429,WAY,-13.179978,-71.588188,PE_WAY_B_2,2007,2019-04-11,2019,,not_part_of_the_dataset,Peru
,nee,3077.1,b,3,31.42945652,-4.969622197,Peru_2019,5242.57142857143,WAY,-13.180036,-71.588263,PE_WAY_B_3,2007,2019-04-11,2019,,not_part_of_the_dataset,Peru
,nee,3077.1,b,3,31.81802198,-3.520677895,Peru_2019,5242.57142857143,WAY,-13.180036,-71.588263,PE_WAY_B_3,2007,2019-04-11,2019,,not_part_of_the_dataset,Peru
,nee,3077.1,b,3,32.43869565,-3.143818241,Peru_2019,5242.57142857143,WAY,-13.180036,-71.588263,PE_WAY_B_3,2007,2019-04-11,2019,,not_part_of_the_dataset,Peru
,nee,3077.1,b,3,32.61336957,-2.640927787,Peru_2019,5242.57142857143,WAY,-13.180036,-71.588263,PE_WAY_B_3,2007,2019-04-11,2019,,not_part_of_the_dataset,Peru
,nee,3078.8,b,4,33.75510638,-3.325980407,Peru_2019,3206.71428571429,WAY,-13.180092,-71.588355,PE_WAY_B_4,2007,2019-04-11,2019,,not_part_of_the_dataset,Peru
,nee,3078.8,b,4,34.32182796,-2.713119369,Peru_2019,3206.71428571429,WAY,-13.180092,-71.588355,PE_WAY_B_4,2007,2019-04-11,2019,,not_part_of_the_dataset,Peru
,nee,3078.8,b,4,34.81712766,-3.217524102,Peru_2019,3206.71428571429,WAY,-13.180092,-71.588355,PE_WAY_B_4,2007,2019-04-11,2019,,not_part_of_the_dataset,Peru
,nee,3078.8,b,4,35.07181818,-1.981989833,Peru_2019,3206.71428571429,WAY,-13.180092,-71.588355,PE_WAY_B_4,2007,2019-04-11,2019,,not_part_of_the_dataset,Peru
,nee,3078.8,b,5,30.06032967,-4.834378715,Peru_2019,5747.5,WAY,-13.180092,-71.588355,PE_WAY_B_5,2007,2019-04-11,2019,,not_part_of_the_dataset,Peru
,nee,3078.8,b,5,30.11244444,-3.232023202,Peru_2019,5747.5,WAY,-13.180092,-71.588355,PE_WAY_B_5,2007,2019-04-11,2019,,not_part_of_the_dataset,Peru
,nee,3078.8,b,5,30.326,-2.189695049,Peru_2019,5747.5,WAY,-13.180092,-71.588355,PE_WAY_B_5,2007,2019-04-11,2019,,not_part_of_the_dataset,Peru
,nee,3078.8,b,5,30.55373626,-2.346071152,Peru_2019,5747.5,WAY,-13.180092,-71.588355,PE_WAY_B_5,2007,2019-04-11,2019,,not_part_of_the_dataset,Peru
,reco,3071.7,b,1,27.55583333,2.325412058,Peru_2019,6.42857142857143,WAY,-13.179917,-71.588118,PE_WAY_B_1,2007,2019-04-11,2019,,not_part_of_the_dataset,Peru
,reco,3073.1,b,2,30.8432967,2.145251426,Peru_2019,3.14285714285714,WAY,-13.179978,-71.588188,PE_WAY_B_2,2007,2019-04-11,2019,,not_part_of_the_dataset,Peru
,reco,3077.1,b,3,32.9172043,0.888621813,Peru_2019,9.42857142857143,WAY,-13.180036,-71.588263,PE_WAY_B_3,2007,2019-04-11,2019,,not_part_of_the_dataset,Peru
,reco,3078.8,b,4,35.11384615,1.541298356,Peru_2019,5.85714285714286,WAY,-13.180092,-71.588355,PE_WAY_B_4,2007,2019-04-11,2019,,not_part_of_the_dataset,Peru
,reco,3078.8,b,5,30.73945652,2.767847561,Peru_2019,5,WAY,-13.180092,-71.588355,PE_WAY_B_5,2007,2019-04-11,2019,,not_part_of_the_dataset,Peru
,nee,3071.7,b,1,33.06919192,-3.235852073,Peru_2019,3782.57142857143,WAY,-13.179917,-71.588118,PE_WAY_B_1,2007,2019-07-13,2019,,not_part_of_the_dataset,Peru
,nee,3071.7,b,1,33.21695652,-3.171074172,Peru_2019,3782.57142857143,WAY,-13.179917,-71.588118,PE_WAY_B_1,2007,2019-07-13,2019,,not_part_of_the_dataset,Peru
,nee,3071.7,b,1,33.24252747,-4.4487923,Peru_2019,3782.57142857143,WAY,-13.179917,-71.588118,PE_WAY_B_1,2007,2019-07-13,2019,,not_part_of_the_dataset,Peru
,nee,3071.7,b,1,33.36340909,-3.080948987,Peru_2019,3782.57142857143,WAY,-13.179917,-71.588118,PE_WAY_B_1,2007,2019-07-13,2019,,not_part_of_the_dataset,Peru
,nee,3073.1,b,2,34.36380435,-4.987745831,Peru_2019,4247,WAY,-13.179978,-71.588188,PE_WAY_B_2,2007,2019-07-13,2019,,not_part_of_the_dataset,Peru
,nee,3073.1,b,2,34.49293478,-5.175357083,Peru_2019,4247,WAY,-13.179978,-71.588188,PE_WAY_B_2,2007,2019-07-13,2019,,not_part_of_the_dataset,Peru
,nee,3073.1,b,2,34.60835165,-3.299264172,Peru_2019,4247,WAY,-13.179978,-71.588188,PE_WAY_B_2,2007,2019-07-13,2019,,not_part_of_the_dataset,Peru
,nee,3073.1,b,2,34.64934066,-1.647060446,Peru_2019,4247,WAY,-13.179978,-71.588188,PE_WAY_B_2,2007,2019-07-13,2019,,not_part_of_the_dataset,Peru
,nee,3077.1,b,3,34.6141573,-3.420313611,Peru_2019,4169.57142857143,WAY,-13.180036,-71.588263,PE_WAY_B_3,2007,2019-07-13,2019,,not_part_of_the_dataset,Peru
,nee,3078.8,b,4,34.29044444,-2.539247314,Peru_2019,1922.33333333333,WAY,-13.180092,-71.588355,PE_WAY_B_4,2007,2019-07-13,2019,,not_part_of_the_dataset,Peru
,nee,3078.8,b,5,34.03568421,-5.774657327,Peru_2019,4948.42857142857,WAY,-13.180092,-71.588355,PE_WAY_B_5,2007,2019-07-13,2019,,not_part_of_the_dataset,Peru
,reco,3071.7,b,1,33.77411111,3.205783073,Peru_2019,4.85714285714286,WAY,-13.179917,-71.588118,PE_WAY_B_1,2007,2019-07-13,2019,,not_part_of_the_dataset,Peru
,reco,3073.1,b,2,34.734,2.091039696,Peru_2019,8.85714285714286,WAY,-13.179978,-71.588188,PE_WAY_B_2,2007,2019-07-13,2019,,not_part_of_the_dataset,Peru
,reco,3077.1,b,3,34.53580645,1.068603616,Peru_2019,11.5714285714286,WAY,-13.180036,-71.588263,PE_WAY_B_3,2007,2019-07-13,2019,,not_part_of_the_dataset,Peru
,reco,3078.8,b,4,34.13319149,1.292693562,Peru_2019,13.3428571428571,WAY,-13.180092,-71.588355,PE_WAY_B_4,2007,2019-07-13,2019,,not_part_of_the_dataset,Peru
,reco,3078.8,b,5,33.96934783,1.844749786,Peru_2019,6.42857142857143,WAY,-13.180092,-71.588355,PE_WAY_B_5,2007,2019-07-13,2019,,not_part_of_the_dataset,Peru
,nee,3071.7,b,1,20.48122222,-2.65968724,Peru_2019,2894.28571428571,WAY,-13.179917,-71.588118,PE_WAY_B_1,2007,2019-11-26,2019,,not_part_of_the_dataset,Peru
,nee,3073.1,b,2,23.52225806,-5.981970138,Peru_2019,4210.14285714286,WAY,-13.179978,-71.588188,PE_WAY_B_2,2007,2019-11-26,2019,,not_part_of_the_dataset,Peru
,nee,3077.1,b,3,26.06098901,-5.830841818,Peru_2019,5173.42857142857,WAY,-13.180036,-71.588263,PE_WAY_B_3,2007,2019-11-26,2019,,not_part_of_the_dataset,Peru
,nee,3078.8,b,4,28.31290323,-4.334471647,Peru_2019,5357.28571428572,WAY,-13.180092,-71.588355,PE_WAY_B_4,2007,2019-11-26,2019,,not_part_of_the_dataset,Peru
,nee,3078.8,b,5,30.29648352,-2.927662104,Peru_2019,4675.42857142857,WAY,-13.180092,-71.588355,PE_WAY_B_5,2007,2019-11-26,2019,,not_part_of_the_dataset,Peru
,reco,3071.7,b,1,21.57022472,5.252556082,Peru_2019,4.57142857142857,WAY,-13.179917,-71.588118,PE_WAY_B_1,2007,2019-11-26,2019,,not_part_of_the_dataset,Peru
,reco,3073.1,b,2,24.31908046,4.05503865,Peru_2019,4.42857142857143,WAY,-13.179978,-71.588188,PE_WAY_B_2,2007,2019-11-26,2019,,not_part_of_the_dataset,Peru
,reco,3077.1,b,3,26.79411111,5.159794855,Peru_2019,3.85714285714286,WAY,-13.180036,-71.588263,PE_WAY_B_3,2007,2019-11-26,2019,,not_part_of_the_dataset,Peru
,reco,3078.8,b,4,28.92304348,1.81302236,Peru_2019,1.85714285714286,WAY,-13.180092,-71.588355,PE_WAY_B_4,2007,2019-11-26,2019,,not_part_of_the_dataset,Peru
,reco,3078.8,b,5,30.88340426,4.527307009,Peru_2019,3.71428571428571,WAY,-13.180092,-71.588355,PE_WAY_B_5,2007,2019-11-26,2019,,not_part_of_the_dataset,Peru
,nee,3118,c,1,23.96074468,-1.038693542,Peru_2019,1341,WAY,-13.180406,-71.589709,PE_WAY_C_1,,2019-04-12,2019,,not_part_of_the_dataset,Peru
,nee,3118,c,1,23.95168539,-1.067334319,Peru_2019,1341,WAY,-13.180406,-71.589709,PE_WAY_C_1,,2019-04-12,2019,,not_part_of_the_dataset,Peru
,nee,3118,c,1,23.96068182,-1.159126678,Peru_2019,1341,WAY,-13.180406,-71.589709,PE_WAY_C_1,,2019-04-12,2019,,not_part_of_the_dataset,Peru
,nee,3118,c,1,23.94653465,1.124916148,Peru_2019,1341,WAY,-13.180406,-71.589709,PE_WAY_C_1,,2019-04-12,2019,,not_part_of_the_dataset,Peru
,nee,3120.3,c,2,23.97064516,-0.890964635,Peru_2019,1248.42857142857,WAY,-13.18043,-71.589752,PE_WAY_C_2,,2019-04-12,2019,,not_part_of_the_dataset,Peru
,nee,3120.3,c,2,23.9251087,-0.675866431,Peru_2019,1248.42857142857,WAY,-13.18043,-71.589752,PE_WAY_C_2,,2019-04-12,2019,,not_part_of_the_dataset,Peru
,nee,3120.3,c,2,23.89966667,-0.504692428,Peru_2019,1248.42857142857,WAY,-13.18043,-71.589752,PE_WAY_C_2,,2019-04-12,2019,,not_part_of_the_dataset,Peru
,nee,3120.3,c,2,23.88706522,-0.725473259,Peru_2019,1248.42857142857,WAY,-13.18043,-71.589752,PE_WAY_C_2,,2019-04-12,2019,,not_part_of_the_dataset,Peru
,nee,3121,c,3,23.96827957,-2.323450761,Peru_2019,1516.14285714286,WAY,-13.180457,-71.589806,PE_WAY_C_3,,2019-04-12,2019,,not_part_of_the_dataset,Peru
,nee,3121,c,3,24.08155556,-1.389654928,Peru_2019,1516.14285714286,WAY,-13.180457,-71.589806,PE_WAY_C_3,,2019-04-12,2019,,not_part_of_the_dataset,Peru
,nee,3121,c,3,24.35777778,-1.020978627,Peru_2019,1516.14285714286,WAY,-13.180457,-71.589806,PE_WAY_C_3,,2019-04-12,2019,,not_part_of_the_dataset,Peru
,nee,3121,c,3,24.56858696,1.837019949,Peru_2019,1516.14285714286,WAY,-13.180457,-71.589806,PE_WAY_C_3,,2019-04-12,2019,,not_part_of_the_dataset,Peru
,nee,3123.3,c,4,24.12104167,-0.724675405,Peru_2019,1133.85714285714,WAY,-13.180527,-71.589873,PE_WAY_C_4,,2019-04-12,2019,,not_part_of_the_dataset,Peru
,nee,3123.3,c,4,23.97688889,-1.65578439,Peru_2019,1133.85714285714,WAY,-13.180527,-71.589873,PE_WAY_C_4,,2019-04-12,2019,,not_part_of_the_dataset,Peru
,nee,3123.3,c,4,23.87758242,-1.204444488,Peru_2019,1133.85714285714,WAY,-13.180527,-71.589873,PE_WAY_C_4,,2019-04-12,2019,,not_part_of_the_dataset,Peru
,nee,3123.3,c,4,23.80655172,-0.860845059,Peru_2019,1133.85714285714,WAY,-13.180527,-71.589873,PE_WAY_C_4,,2019-04-12,2019,,not_part_of_the_dataset,Peru
,nee,3125,c,5,23.40827957,-0.54651967,Peru_2019,1108.57142857143,WAY,-13.18058,-71.589928,PE_WAY_C_5,,2019-04-12,2019,,not_part_of_the_dataset,Peru
,nee,3125,c,5,22.95576087,-0.231531976,Peru_2019,1108.57142857143,WAY,-13.18058,-71.589928,PE_WAY_C_5,,2019-04-12,2019,,not_part_of_the_dataset,Peru
,nee,3125,c,5,22.28084337,0.043471455,Peru_2019,1108.57142857143,WAY,-13.18058,-71.589928,PE_WAY_C_5,,2019-04-12,2019,,not_part_of_the_dataset,Peru
,nee,3125,c,5,21.94835294,0.110985154,Peru_2019,1108.57142857143,WAY,-13.18058,-71.589928,PE_WAY_C_5,,2019-04-12,2019,,not_part_of_the_dataset,Peru
,reco,3118,c,1,23.91310345,3.656291454,Peru_2019,5.85714285714286,WAY,-13.180406,-71.589709,PE_WAY_C_1,,2019-04-12,2019,,not_part_of_the_dataset,Peru
,reco,3120.3,c,2,23.8975,3.423756427,Peru_2019,3.42857142857143,WAY,-13.18043,-71.589752,PE_WAY_C_2,,2019-04-12,2019,,not_part_of_the_dataset,Peru
,reco,3121,c,3,24.62468085,4.01544136,Peru_2019,2.57142857142857,WAY,-13.180457,-71.589806,PE_WAY_C_3,,2019-04-12,2019,,not_part_of_the_dataset,Peru
,reco,3123.3,c,4,23.7,1.834301841,Peru_2019,1.71428571428571,WAY,-13.180527,-71.589873,PE_WAY_C_4,,2019-04-12,2019,,not_part_of_the_dataset,Peru
,reco,3125,c,5,21.50880435,2.162156689,Peru_2019,5.57142857142857,WAY,-13.18058,-71.589928,PE_WAY_C_5,,2019-04-12,2019,,not_part_of_the_dataset,Peru
,nee,3118,c,1,18.55404494,-6.551172411,Peru_2019,3184.28571428571,WAY,-13.180406,-71.589709,PE_WAY_C_1,,2019-07-13,2019,,not_part_of_the_dataset,Peru
,nee,3118,c,1,19.22411111,-5.481419907,Peru_2019,3184.28571428571,WAY,-13.180406,-71.589709,PE_WAY_C_1,,2019-07-13,2019,,not_part_of_the_dataset,Peru
,nee,3118,c,1,19.95824176,-1.283785026,Peru_2019,3184.28571428571,WAY,-13.180406,-71.589709,PE_WAY_C_1,,2019-07-13,2019,,not_part_of_the_dataset,Peru
,nee,3118,c,1,21.61377778,-2.083632654,Peru_2019,3184.28571428571,WAY,-13.180406,-71.589709,PE_WAY_C_1,,2019-07-13,2019,,not_part_of_the_dataset,Peru
,nee,3120.3,c,2,23.70942529,-5.743900196,Peru_2019,4370.14285714286,WAY,-13.18043,-71.589752,PE_WAY_C_2,,2019-07-13,2019,,not_part_of_the_dataset,Peru
,nee,3120.3,c,2,24.30088889,-4.898450474,Peru_2019,4370.14285714286,WAY,-13.18043,-71.589752,PE_WAY_C_2,,2019-07-13,2019,,not_part_of_the_dataset,Peru
,nee,3120.3,c,2,24.89897727,-5.971439017,Peru_2019,4370.14285714286,WAY,-13.18043,-71.589752,PE_WAY_C_2,,2019-07-13,2019,,not_part_of_the_dataset,Peru
,nee,3120.3,c,2,25.48166667,-2.637119816,Peru_2019,4370.14285714286,WAY,-13.18043,-71.589752,PE_WAY_C_2,,2019-07-13,2019,,not_part_of_the_dataset,Peru
,nee,3121,c,3,27.46857143,-6.37199764,Peru_2019,4596.14285714286,WAY,-13.180457,-71.589806,PE_WAY_C_3,,2019-07-13,2019,,not_part_of_the_dataset,Peru
,nee,3121,c,3,28.01579545,-5.299434092,Peru_2019,4596.14285714286,WAY,-13.180457,-71.589806,PE_WAY_C_3,,2019-07-13,2019,,not_part_of_the_dataset,Peru
,nee,3121,c,3,28.62120879,-3.556878069,Peru_2019,4596.14285714286,WAY,-13.180457,-71.589806,PE_WAY_C_3,,2019-07-13,2019,,not_part_of_the_dataset,Peru
,nee,3121,c,3,29.16527027,-2.675899449,Peru_2019,4596.14285714286,WAY,-13.180457,-71.589806,PE_WAY_C_3,,2019-07-13,2019,,not_part_of_the_dataset,Peru
,nee,3123.3,c,4,33.90293478,-4.064700222,Peru_2019,4816.66666666667,WAY,-13.180527,-71.589873,PE_WAY_C_4,,2019-07-13,2019,,not_part_of_the_dataset,Peru
,nee,3125,c,5,31.07738636,-3.927864517,Peru_2019,4836.42857142857,WAY,-13.18058,-71.589928,PE_WAY_C_5,,2019-07-13,2019,,not_part_of_the_dataset,Peru
,nee,3125,c,5,31.44326316,-3.57965343,Peru_2019,4836.42857142857,WAY,-13.18058,-71.589928,PE_WAY_C_5,,2019-07-13,2019,,not_part_of_the_dataset,Peru
,nee,3125,c,5,31.88602151,-3.020893983,Peru_2019,4836.42857142857,WAY,-13.18058,-71.589928,PE_WAY_C_5,,2019-07-13,2019,,not_part_of_the_dataset,Peru
,nee,3125,c,5,32.29684783,-1.729837292,Peru_2019,4836.42857142857,WAY,-13.18058,-71.589928,PE_WAY_C_5,,2019-07-13,2019,,not_part_of_the_dataset,Peru
,reco,3118,c,1,22.42913978,2.353735737,Peru_2019,5.71428571428571,WAY,-13.180406,-71.589709,PE_WAY_C_1,,2019-07-13,2019,,not_part_of_the_dataset,Peru
,reco,3120.3,c,2,26.23114943,0.894957256,Peru_2019,9,WAY,-13.18043,-71.589752,PE_WAY_C_2,,2019-07-13,2019,,not_part_of_the_dataset,Peru
,reco,3121,c,3,30.04107527,3.099855393,Peru_2019,11.8571428571429,WAY,-13.180457,-71.589806,PE_WAY_C_3,,2019-07-13,2019,,not_part_of_the_dataset,Peru
,reco,3123.3,c,4,34.19349398,2.133683411,Peru_2019,6,WAY,-13.180527,-71.589873,PE_WAY_C_4,,2019-07-13,2019,,not_part_of_the_dataset,Peru
,reco,3125,c,5,32.86406593,2.27885225,Peru_2019,9.42857142857143,WAY,-13.18058,-71.589928,PE_WAY_C_5,,2019-07-13,2019,,not_part_of_the_dataset,Peru
,nee,3118,c,1,32.78601852,-5.833120135,Peru_2019,6291.85714285714,WAY,-13.180406,-71.589709,PE_WAY_C_1,,2019-11-26,2019,,not_part_of_the_dataset,Peru
,nee,3120.3,c,2,34.50968085,-4.348433616,Peru_2019,5110.42857142857,WAY,-13.18043,-71.589752,PE_WAY_C_2,,2019-11-26,2019,,not_part_of_the_dataset,Peru
,nee,3121,c,3,36.72065934,-6.137268529,Peru_2019,4468.28571428572,WAY,-13.180457,-71.589806,PE_WAY_C_3,,2019-11-26,2019,,not_part_of_the_dataset,Peru
,nee,3123.3,c,4,37.52307692,-2.877029941,Peru_2019,4294.71428571429,WAY,-13.180527,-71.589873,PE_WAY_C_4,,2019-11-26,2019,,not_part_of_the_dataset,Peru
,nee,3125,c,5,37.58704545,-4.143277647,Peru_2019,3289.42857142857,WAY,-13.18058,-71.589928,PE_WAY_C_5,,2019-11-26,2019,,not_part_of_the_dataset,Peru
,reco,3118,c,1,33.29067416,5.080646416,Peru_2019,8.14285714285714,WAY,-13.180406,-71.589709,PE_WAY_C_1,,2019-11-26,2019,,not_part_of_the_dataset,Peru
,reco,3120.3,c,2,36.46968421,2.342788618,Peru_2019,11,WAY,-13.18043,-71.589752,PE_WAY_C_2,,2019-11-26,2019,,not_part_of_the_dataset,Peru
,reco,3121,c,3,36.89053763,4.413698533,Peru_2019,10.7142857142857,WAY,-13.180457,-71.589806,PE_WAY_C_3,,2019-11-26,2019,,not_part_of_the_dataset,Peru
,reco,3123.3,c,4,37.6487234,3.524052383,Peru_2019,9.71428571428571,WAY,-13.180527,-71.589873,PE_WAY_C_4,,2019-11-26,2019,,not_part_of_the_dataset,Peru
,reco,3125,c,5,37.475,4.416053181,Peru_2019,11.1428571428571,WAY,-13.18058,-71.589928,PE_WAY_C_5,,2019-11-26,2019,,not_part_of_the_dataset,Peru
,nee,3444.1,b,1,,-2.350513692,Peru_2020,,ACJ,-13.169344,-71.634001,PE_ACJ_B_1,2005,2020-03-14,2020,,not_part_of_the_dataset,Peru
,nee,3444.2,b,2,,-2.210812165,Peru_2020,,ACJ,-13.169347,-71.634004,PE_ACJ_B_2,2005,2020-03-14,2020,,not_part_of_the_dataset,Peru
,nee,3446.3,b,3,,-2.637356647,Peru_2020,,ACJ,-13.169447,-71.634022,PE_ACJ_B_3,2005,2020-03-14,2020,,not_part_of_the_dataset,Peru
,nee,3447.3,b,4,,-0.910590348,Peru_2020,,ACJ,-13.169483,-71.634032,PE_ACJ_B_4,2005,2020-03-14,2020,,not_part_of_the_dataset,Peru
,nee,3447.7,b,5,,-1.398148193,Peru_2020,,ACJ,-13.169548,-71.63403,PE_ACJ_B_5,2005,2020-03-14,2020,,not_part_of_the_dataset,Peru
,reco,3444.1,b,1,,2.01454588,Peru_2020,,ACJ,-13.169344,-71.634001,PE_ACJ_B_1,2005,2020-03-14,2020,,not_part_of_the_dataset,Peru
,reco,3444.2,b,2,,5.45337639,Peru_2020,,ACJ,-13.169347,-71.634004,PE_ACJ_B_2,2005,2020-03-14,2020,,not_part_of_the_dataset,Peru
,reco,3446.3,b,3,,3.872793568,Peru_2020,,ACJ,-13.169447,-71.634022,PE_ACJ_B_3,2005,2020-03-14,2020,,not_part_of_the_dataset,Peru
,reco,3447.3,b,4,,3.269358987,Peru_2020,,ACJ,-13.169483,-71.634032,PE_ACJ_B_4,2005,2020-03-14,2020,,not_part_of_the_dataset,Peru
,reco,3447.7,b,5,,2.114411647,Peru_2020,,ACJ,-13.169548,-71.63403,PE_ACJ_B_5,2005,2020-03-14,2020,,not_part_of_the_dataset,Peru
,nee,3487.4,c,1,,-9.335303306,Peru_2020,7144,ACJ,-13.176034,-71.628828,PE_ACJ_C_1,,2020-03-14,2020,,not_part_of_the_dataset,Peru
,nee,3487.7,c,2,,-2.597713032,Peru_2020,5374,ACJ,-13.1761,-71.628834,PE_ACJ_C_2,,2020-03-14,2020,,not_part_of_the_dataset,Peru
,nee,3487.7,c,2,,-3.188254587,Peru_2020,5374,ACJ,-13.1761,-71.628834,PE_ACJ_C_2,,2020-03-14,2020,,not_part_of_the_dataset,Peru
,nee,3487.7,c,2,,-6.379597971,Peru_2020,5374,ACJ,-13.1761,-71.628834,PE_ACJ_C_2,,2020-03-14,2020,,not_part_of_the_dataset,Peru
,nee,3487.7,c,2,,-3.818444409,Peru_2020,5374,ACJ,-13.1761,-71.628834,PE_ACJ_C_2,,2020-03-14,2020,,not_part_of_the_dataset,Peru
,nee,3489,c,3,,-4.719712636,Peru_2020,4772,ACJ,-13.176134,-71.628834,PE_ACJ_C_3,,2020-03-14,2020,,not_part_of_the_dataset,Peru
,nee,3490,c,4,,-0.280683403,Peru_2020,1264,ACJ,-13.176195,-71.628844,PE_ACJ_C_4,,2020-03-14,2020,,not_part_of_the_dataset,Peru
,nee,3492.4,c,5,,-1.160271671,Peru_2020,1035,ACJ,-13.176252,-71.628819,PE_ACJ_C_5,,2020-03-14,2020,,not_part_of_the_dataset,Peru
,reco,3487.4,c,1,,1.092263149,Peru_2020,2,ACJ,-13.176034,-71.628828,PE_ACJ_C_1,,2020-03-14,2020,,not_part_of_the_dataset,Peru
,reco,3487.7,c,2,,3.305888467,Peru_2020,5,ACJ,-13.1761,-71.628834,PE_ACJ_C_2,,2020-03-14,2020,,not_part_of_the_dataset,Peru
,reco,3489,c,3,,4.182576588,Peru_2020,10,ACJ,-13.176134,-71.628834,PE_ACJ_C_3,,2020-03-14,2020,,not_part_of_the_dataset,Peru
,reco,3490,c,4,,1.480751472,Peru_2020,11,ACJ,-13.176195,-71.628844,PE_ACJ_C_4,,2020-03-14,2020,,not_part_of_the_dataset,Peru
,reco,3492.4,c,5,,3.290167162,Peru_2020,10,ACJ,-13.176252,-71.628819,PE_ACJ_C_5,,2020-03-14,2020,,not_part_of_the_dataset,Peru
,nee,3400,nb,1,,-8.035854328,Peru_2020,,ACJ,-13.167796,-71.632551,PE_ACJ_NB_1,2019,2020-03-14,2020,,not_part_of_the_dataset,Peru
,nee,3400,nb,2,,-6.560557042,Peru_2020,,ACJ,-13.167796,-71.632551,PE_ACJ_NB_2,2019,2020-03-14,2020,,not_part_of_the_dataset,Peru
,nee,3400,nb,3,,-5.924121527,Peru_2020,,ACJ,-13.167796,-71.632551,PE_ACJ_NB_3,2019,2020-03-14,2020,,not_part_of_the_dataset,Peru
,nee,3400,nb,4,,-7.792380209,Peru_2020,,ACJ,-13.167796,-71.632551,PE_ACJ_NB_4,2019,2020-03-14,2020,,not_part_of_the_dataset,Peru
,nee,3400,nb,5,,-12.27040368,Peru_2020,,ACJ,-13.167796,-71.632551,PE_ACJ_NB_5,2019,2020-03-14,2020,,not_part_of_the_dataset,Peru
,reco,3400,nb,1,,2.802400069,Peru_2020,,ACJ,-13.167796,-71.632551,PE_ACJ_NB_1,2019,2020-03-14,2020,,not_part_of_the_dataset,Peru
,reco,3400,nb,2,,1.627775187,Peru_2020,,ACJ,-13.167796,-71.632551,PE_ACJ_NB_2,2019,2020-03-14,2020,,not_part_of_the_dataset,Peru
,reco,3400,nb,3,,7.176695487,Peru_2020,,ACJ,-13.167796,-71.632551,PE_ACJ_NB_3,2019,2020-03-14,2020,,not_part_of_the_dataset,Peru
,reco,3400,nb,4,,5.907002712,Peru_2020,,ACJ,-13.167796,-71.632551,PE_ACJ_NB_4,2019,2020-03-14,2020,,not_part_of_the_dataset,Peru
,reco,3400,nb,5,,1.586615252,Peru_2020,,ACJ,-13.167796,-71.632551,PE_ACJ_NB_5,2019,2020-03-14,2020,,not_part_of_the_dataset,Peru
,nee,3882.9,b,1,,-6.987420795,Peru_2020,,QUE,-13.213786,-71.619294,PE_QUE_B_1,2005,2020-03-15,2020,,not_part_of_the_dataset,Peru
,nee,3884.3,b,2,,-3.903225022,Peru_2020,,QUE,-13.213841,-71.619348,PE_QUE_B_2,2005,2020-03-15,2020,,not_part_of_the_dataset,Peru
,nee,3890,b,3,,-4.720195337,Peru_2020,,QUE,-13.214201,-71.619384,PE_QUE_B_3,2005,2020-03-15,2020,,not_part_of_the_dataset,Peru
,nee,3889.8,b,4,,-2.356044612,Peru_2020,,QUE,-13.214146,-71.619396,PE_QUE_B_4,2005,2020-03-15,2020,,not_part_of_the_dataset,Peru
,nee,3893.1,b,5,,-4.281541163,Peru_2020,,QUE,-13.214258,-71.619377,PE_QUE_B_5,2005,2020-03-15,2020,,not_part_of_the_dataset,Peru
,reco,3882.9,b,1,,3.378342226,Peru_2020,,QUE,-13.213786,-71.619294,PE_QUE_B_1,2005,2020-03-15,2020,,not_part_of_the_dataset,Peru
,reco,3884.3,b,2,,2.201181665,Peru_2020,,QUE,-13.213841,-71.619348,PE_QUE_B_2,2005,2020-03-15,2020,,not_part_of_the_dataset,Peru
,reco,3890,b,3,,0.957215021,Peru_2020,,QUE,-13.214201,-71.619384,PE_QUE_B_3,2005,2020-03-15,2020,,not_part_of_the_dataset,Peru
,reco,3889.8,b,4,,1.956725507,Peru_2020,,QUE,-13.214146,-71.619396,PE_QUE_B_4,2005,2020-03-15,2020,,not_part_of_the_dataset,Peru
,reco,3893.1,b,5,,2.201580287,Peru_2020,,QUE,-13.214258,-71.619377,PE_QUE_B_5,2005,2020-03-15,2020,,not_part_of_the_dataset,Peru
,nee,3618.2,nb,1,,-0.626334665,Peru_2020,,TRE,-13.138776,-71.631304,PE_TRE_NB_1,2018,2020-03-13,2020,,not_part_of_the_dataset,Peru
,nee,3619.1,nb,2,,1.47948233,Peru_2020,,TRE,-13.138797,-71.631253,PE_TRE_NB_2,2018,2020-03-13,2020,,not_part_of_the_dataset,Peru
,nee,3619.4,nb,3,,0.939639193,Peru_2020,,TRE,-13.138823,-71.631196,PE_TRE_NB_3,2018,2020-03-13,2020,,not_part_of_the_dataset,Peru
,nee,3620.3,nb,4,,-10.83650542,Peru_2020,,TRE,-13.138837,-71.631153,PE_TRE_NB_4,2018,2020-03-13,2020,,not_part_of_the_dataset,Peru
,nee,3621.3,nb,5,,4.531730671,Peru_2020,,TRE,-13.138871,-71.631095,PE_TRE_NB_5,2018,2020-03-13,2020,,not_part_of_the_dataset,Peru
,reco,3618.2,nb,1,,0.98023424,Peru_2020,,TRE,-13.138776,-71.631304,PE_TRE_NB_1,2018,2020-03-13,2020,,not_part_of_the_dataset,Peru
,reco,3619.1,nb,2,,3.099268326,Peru_2020,,TRE,-13.138797,-71.631253,PE_TRE_NB_2,2018,2020-03-13,2020,,not_part_of_the_dataset,Peru
,reco,3619.4,nb,3,,1.389366281,Peru_2020,,TRE,-13.138823,-71.631196,PE_TRE_NB_3,2018,2020-03-13,2020,,not_part_of_the_dataset,Peru
,reco,3620.3,nb,4,,1.890226135,Peru_2020,,TRE,-13.138837,-71.631153,PE_TRE_NB_4,2018,2020-03-13,2020,,not_part_of_the_dataset,Peru
,reco,3621.3,nb,5,,1.250177131,Peru_2020,,TRE,-13.138871,-71.631095,PE_TRE_NB_5,2018,2020-03-13,2020,,not_part_of_the_dataset,Peru
,nee,3714.3,c,1,,-0.542146234,Peru_2020,993,TRE,-13.119746,-71.620771,PE_TRE_C_1,,2020-03-13,2020,,not_part_of_the_dataset,Peru
,nee,3714.8,c,2,,-1.631356731,Peru_2020,2003,TRE,-13.119733,-71.62081,PE_TRE_C_2,,2020-03-13,2020,,not_part_of_the_dataset,Peru
,nee,3714.7,c,3,,1.189538714,Peru_2020,901,TRE,-13.119713,-71.620874,PE_TRE_C_3,,2020-03-13,2020,,not_part_of_the_dataset,Peru
,nee,3714.7,c,4,,-3.919128277,Peru_2020,2471,TRE,-13.119695,-71.620927,PE_TRE_C_4,,2020-03-13,2020,,not_part_of_the_dataset,Peru
,nee,3714.6,c,5,,-4.381925404,Peru_2020,2912,TRE,-13.119707,-71.62093,PE_TRE_C_5,,2020-03-13,2020,,not_part_of_the_dataset,Peru
,reco,3714.3,c,1,,3.031068,Peru_2020,4,TRE,-13.119746,-71.620771,PE_TRE_C_1,,2020-03-13,2020,,not_part_of_the_dataset,Peru
,reco,3714.8,c,2,,2.494477352,Peru_2020,5,TRE,-13.119733,-71.62081,PE_TRE_C_2,,2020-03-13,2020,,not_part_of_the_dataset,Peru
,reco,3714.7,c,3,,2.872745794,Peru_2020,2,TRE,-13.119713,-71.620874,PE_TRE_C_3,,2020-03-13,2020,,not_part_of_the_dataset,Peru
,reco,3714.7,c,4,,2.132232821,Peru_2020,5,TRE,-13.119695,-71.620927,PE_TRE_C_4,,2020-03-13,2020,,not_part_of_the_dataset,Peru
,reco,3714.6,c,5,,2.035431977,Peru_2020,2,TRE,-13.119707,-71.62093,PE_TRE_C_5,,2020-03-13,2020,,not_part_of_the_dataset,Peru
,nee,3071.7,b,1,,-8.609319592,Peru_2020,,WAY,-13.179917,-71.588118,PE_WAY_B_1,2007,2020-03-12,2020,,not_part_of_the_dataset,Peru
,nee,3073.1,b,2,,-6.043973579,Peru_2020,,WAY,-13.179978,-71.588188,PE_WAY_B_2,2007,2020-03-12,2020,,not_part_of_the_dataset,Peru
,nee,3077.1,b,3,,-6.189857401,Peru_2020,,WAY,-13.180036,-71.588263,PE_WAY_B_3,2007,2020-03-12,2020,,not_part_of_the_dataset,Peru
,nee,3078.8,b,4,,-4.79063974,Peru_2020,,WAY,-13.180092,-71.588355,PE_WAY_B_4,2007,2020-03-12,2020,,not_part_of_the_dataset,Peru
,nee,3078.8,b,5,,-3.397534006,Peru_2020,,WAY,-13.180092,-71.588355,PE_WAY_B_5,2007,2020-03-12,2020,,not_part_of_the_dataset,Peru
,reco,3071.7,b,1,,3.494549162,Peru_2020,,WAY,-13.179917,-71.588118,PE_WAY_B_1,2007,2020-03-12,2020,,not_part_of_the_dataset,Peru
,reco,3073.1,b,2,,4.993175395,Peru_2020,,WAY,-13.179978,-71.588188,PE_WAY_B_2,2007,2020-03-12,2020,,not_part_of_the_dataset,Peru
,reco,3077.1,b,3,,7.520595005,Peru_2020,,WAY,-13.180036,-71.588263,PE_WAY_B_3,2007,2020-03-12,2020,,not_part_of_the_dataset,Peru
,reco,3078.8,b,4,,1.835404444,Peru_2020,,WAY,-13.180092,-71.588355,PE_WAY_B_4,2007,2020-03-12,2020,,not_part_of_the_dataset,Peru
,reco,3078.8,b,5,,3.826523115,Peru_2020,,WAY,-13.180092,-71.588355,PE_WAY_B_5,2007,2020-03-12,2020,,not_part_of_the_dataset,Peru
,nee,3118,c,1,,-6.333946713,Peru_2020,3327,WAY,-13.180406,-71.589709,PE_WAY_C_1,,2020-03-12,2020,,not_part_of_the_dataset,Peru
,nee,3120.3,c,2,,-2.621811564,Peru_2020,3634,WAY,-13.18043,-71.589752,PE_WAY_C_2,,2020-03-12,2020,,not_part_of_the_dataset,Peru
,nee,3121,c,3,,-4.746351032,Peru_2020,5037,WAY,-13.180457,-71.589806,PE_WAY_C_3,,2020-03-12,2020,,not_part_of_the_dataset,Peru
,nee,3123.3,c,4,,1.362799317,Peru_2020,1649,WAY,-13.180527,-71.589873,PE_WAY_C_4,,2020-03-12,2020,,not_part_of_the_dataset,Peru
,nee,3125,c,5,,-0.507715445,Peru_2020,1050,WAY,-13.18058,-71.589928,PE_WAY_C_5,,2020-03-12,2020,,not_part_of_the_dataset,Peru
,reco,3118,c,1,,4.692969074,Peru_2020,5,WAY,-13.180406,-71.589709,PE_WAY_C_1,,2020-03-12,2020,,not_part_of_the_dataset,Peru
,reco,3120.3,c,2,,6.276343663,Peru_2020,2,WAY,-13.18043,-71.589752,PE_WAY_C_2,,2020-03-12,2020,,not_part_of_the_dataset,Peru
,reco,3121,c,3,,4.951475306,Peru_2020,8,WAY,-13.180457,-71.589806,PE_WAY_C_3,,2020-03-12,2020,,not_part_of_the_dataset,Peru
,reco,3123.3,c,4,,3.570853837,Peru_2020,9,WAY,-13.180527,-71.589873,PE_WAY_C_4,,2020-03-12,2020,,not_part_of_the_dataset,Peru
,reco,3125,c,5,,2.89102937,Peru_2020,10,WAY,-13.18058,-71.589928,PE_WAY_C_5,,2020-03-12,2020,,not_part_of_the_dataset,Peru
,nee,80,c,BIS-10,9.93333333333335,-3.38938514337171,Svalbard_2018,1169,ITEX,78.183,15.75,SV_ITEXBIS_L10,,2018-07-17,2018,,not_part_of_the_dataset,Svalbard
,reco,80,c,BIS-10,9.93333333333335,5.2288098983381,Svalbard_2018,1169,ITEX,78.183,15.75,SV_ITEXBIS_L10,,2018-07-17,2018,,not_part_of_the_dataset,Svalbard
,nee,80,c,BIS-2,13.6333333333334,0.259794369206801,Svalbard_2018,1017.8,ITEX,78.183,15.75,SV_ITEXBIS_L2,,2018-07-17,2018,,not_part_of_the_dataset,Svalbard
,reco,80,c,BIS-2,13.6333333333334,2.56713296367599,Svalbard_2018,1017.8,ITEX,78.183,15.75,SV_ITEXBIS_L2,,2018-07-17,2018,,not_part_of_the_dataset,Svalbard
,nee,80,c,BIS-3,13.2833333333334,-2.16115606426189,Svalbard_2018,925.2,ITEX,78.183,15.75,SV_ITEXBIS_L3,,2018-07-17,2018,,not_part_of_the_dataset,Svalbard
,reco,80,c,BIS-3,13.2833333333334,4.56632040486304,Svalbard_2018,925.2,ITEX,78.183,15.75,SV_ITEXBIS_L3,,2018-07-17,2018,,not_part_of_the_dataset,Svalbard
,nee,80,c,BIS-6,11.5166666666667,-1.32092635299015,Svalbard_2018,1180,ITEX,78.183,15.75,SV_ITEXBIS_L6,,2018-07-17,2018,,not_part_of_the_dataset,Svalbard
,reco,80,c,BIS-6,11.5166666666667,3.69122681026612,Svalbard_2018,1180,ITEX,78.183,15.75,SV_ITEXBIS_L6,,2018-07-17,2018,,not_part_of_the_dataset,Svalbard
,nee,80,c,BIS-8,10.75,-0.68258732982576,Svalbard_2018,802,ITEX,78.183,15.75,SV_ITEXBIS_L8,,2018-07-17,2018,,not_part_of_the_dataset,Svalbard
,reco,80,c,BIS-8,10.75,2.04500257056142,Svalbard_2018,802,ITEX,78.183,15.75,SV_ITEXBIS_L8,,2018-07-17,2018,,not_part_of_the_dataset,Svalbard
,nee,80,c,CAS-1,8.66666666666666,0.49995323142719,Svalbard_2018,898.75,ITEX,78.183,15.75,SV_ITEXCAS_L1,,2018-07-17,2018,,not_part_of_the_dataset,Svalbard
,reco,80,c,CAS-1,8.66666666666666,1.3243984737274,Svalbard_2018,898.75,ITEX,78.183,15.75,SV_ITEXCAS_L1,,2018-07-17,2018,,not_part_of_the_dataset,Svalbard
,nee,80,c,CAS-10,10.6333333333333,0.0658369209908254,Svalbard_2018,1133.75,ITEX,78.183,15.75,SV_ITEXCAS_L10,,2018-07-17,2018,,not_part_of_the_dataset,Svalbard
,reco,80,c,CAS-10,10.6333333333333,1.34121091672893,Svalbard_2018,1133.75,ITEX,78.183,15.75,SV_ITEXCAS_L10,,2018-07-17,2018,,not_part_of_the_dataset,Svalbard
,nee,80,c,CAS-3,7.06666666666667,-0.909376872750895,Svalbard_2018,1202.5,ITEX,78.183,15.75,SV_ITEXCAS_L3,,2018-07-17,2018,,not_part_of_the_dataset,Svalbard
,reco,80,c,CAS-3,7.06666666666667,2.5894575904471,Svalbard_2018,1202.5,ITEX,78.183,15.75,SV_ITEXCAS_L3,,2018-07-17,2018,,not_part_of_the_dataset,Svalbard
,nee,80,c,CAS-7,10.5,1.00299532590003,Svalbard_2018,492.6,ITEX,78.183,15.75,SV_ITEXCAS_L7,,2018-07-17,2018,,not_part_of_the_dataset,Svalbard
,reco,80,c,CAS-7,10.5,0.811077746693583,Svalbard_2018,492.6,ITEX,78.183,15.75,SV_ITEXCAS_L7,,2018-07-17,2018,,not_part_of_the_dataset,Svalbard
,nee,80,c,CAS-9,13,-1.48032139215163,Svalbard_2018,533.2,ITEX,78.183,15.75,SV_ITEXCAS_L9,,2018-07-17,2018,,not_part_of_the_dataset,Svalbard
,reco,80,c,CAS-9,13,3.65733127196915,Svalbard_2018,533.2,ITEX,78.183,15.75,SV_ITEXCAS_L9,,2018-07-17,2018,,not_part_of_the_dataset,Svalbard
,nee,80,c,DRY-1,8.7,-0.094442258301019,Svalbard_2018,545.4,ITEX,78.183,15.75,SV_ITEXDRY_L1,,2018-07-17,2018,,not_part_of_the_dataset,Svalbard
,reco,80,c,DRY-1,8.7,4.01743690563356,Svalbard_2018,545.4,ITEX,78.183,15.75,SV_ITEXDRY_L1,,2018-07-17,2018,,not_part_of_the_dataset,Svalbard
,nee,80,c,DRY-2,13.6666666666667,1.07075762683568,Svalbard_2018,923.8,ITEX,78.183,15.75,SV_ITEXDRY_L2,,2018-07-17,2018,,not_part_of_the_dataset,Svalbard
,reco,80,c,DRY-2,13.6666666666667,3.21725285398007,Svalbard_2018,923.8,ITEX,78.183,15.75,SV_ITEXDRY_L2,,2018-07-17,2018,,not_part_of_the_dataset,Svalbard
,nee,80,c,DRY-5,13.25,-2.84315516356526,Svalbard_2018,1169.6,ITEX,78.183,15.75,SV_ITEXDRY_L5,,2018-07-17,2018,,not_part_of_the_dataset,Svalbard
,reco,80,c,DRY-5,13.25,4.75603660028514,Svalbard_2018,1169.6,ITEX,78.183,15.75,SV_ITEXDRY_L5,,2018-07-17,2018,,not_part_of_the_dataset,Svalbard
,nee,80,c,DRY-7,15.7166666666667,-0.550265681825211,Svalbard_2018,1171.4,ITEX,78.183,15.75,SV_ITEXDRY_L7,,2018-07-17,2018,,not_part_of_the_dataset,Svalbard
,reco,80,c,DRY-7,15.7166666666667,4.1054801898261,Svalbard_2018,1171.4,ITEX,78.183,15.75,SV_ITEXDRY_L7,,2018-07-17,2018,,not_part_of_the_dataset,Svalbard
,nee,80,c,DRY-8,17.8166666666667,-2.20823258711174,Svalbard_2018,1479.8,ITEX,78.183,15.75,SV_ITEXDRY_L8,,2018-07-17,2018,,not_part_of_the_dataset,Svalbard
,reco,80,c,DRY-8,17.8166666666667,6.94104226853794,Svalbard_2018,1479.8,ITEX,78.183,15.75,SV_ITEXDRY_L8,,2018-07-17,2018,,not_part_of_the_dataset,Svalbard
,reco,35.1035461425781,c,A,10.1,2.07876287971508,Svalbard_2018,0,C2,78.213106489,15.7028251724,SV_C2A,,2018-07-19,2018,,not_part_of_the_dataset,Svalbard
,nee,34.952938079834,c,B,10.6666666666667,-2.21659399589237,Svalbard_2018,292.2,C2,78.2131404344,15.7027536146,SV_C2B,,2018-07-19,2018,,not_part_of_the_dataset,Svalbard
,reco,34.952938079834,c,B,10.4,3.47094563697875,Svalbard_2018,0,C2,78.2131404344,15.7027536146,SV_C2B,,2018-07-19,2018,,not_part_of_the_dataset,Svalbard
,nee,34.4487037658691,c,C,12.2,-2.44126793386136,Svalbard_2018,369.4,C2,78.2131856212,15.702689368,SV_C2C,,2018-07-19,2018,,not_part_of_the_dataset,Svalbard
,reco,34.4487037658691,c,C,13.2666666666667,6.05159375154365,Svalbard_2018,0,C2,78.2131856212,15.702689368,SV_C2C,,2018-07-19,2018,,not_part_of_the_dataset,Svalbard
,nee,35.8802680969238,c,D,11.8,0.62023100192527,Svalbard_2018,360,C2,78.2132245673333,15.702607908,SV_C2D,,2018-07-19,2018,,not_part_of_the_dataset,Svalbard
,reco,35.8802680969238,c,D,11.2333333333333,-0.482401890386322,Svalbard_2018,0,C2,78.2132245673333,15.702607908,SV_C2D,,2018-07-19,2018,,not_part_of_the_dataset,Svalbard
,nee,34.9179306030273,c,E,10.1666666666667,-1.01289468540665,Svalbard_2018,287.4,C2,78.2132646286667,15.7025572081667,SV_C2E,,2018-07-19,2018,,not_part_of_the_dataset,Svalbard
,reco,34.9179306030273,c,E,12.3333333333333,0.863535638575497,Svalbard_2018,0,C2,78.2132646286667,15.7025572081667,SV_C2E,,2018-07-19,2018,,not_part_of_the_dataset,Svalbard
,nee,84.3155212402344,c,A,13.1666666666667,-0.669361628903896,Svalbard_2018,415,C3,78.211463527375,15.694441734,SV_C3A,,2018-07-19,2018,,not_part_of_the_dataset,Svalbard
,reco,84.3155212402344,c,A,12.2333333333333,3.40388549272059,Svalbard_2018,0,C3,78.211463527375,15.694441734,SV_C3A,,2018-07-19,2018,,not_part_of_the_dataset,Svalbard
,nee,85.3296585083008,c,B,12.4,-1.10568618489691,Svalbard_2018,462.2,C3,78.21149469,15.694319659,SV_C3B,,2018-07-19,2018,,not_part_of_the_dataset,Svalbard
,reco,85.3296585083008,c,B,12.5,2.70393662038652,Svalbard_2018,0,C3,78.21149469,15.694319659,SV_C3B,,2018-07-19,2018,,not_part_of_the_dataset,Svalbard
,nee,85.304313659668,c,C,12.4,0.0607530540927705,Svalbard_2018,319,C3,78.211534236,15.6941230813333,SV_C3C,,2018-07-19,2018,,not_part_of_the_dataset,Svalbard
,reco,85.304313659668,c,C,12.0333333333333,1.29664375449427,Svalbard_2018,0,C3,78.211534236,15.6941230813333,SV_C3C,,2018-07-19,2018,,not_part_of_the_dataset,Svalbard
,nee,85.3084259033203,c,D,14.4333333333333,-1.27923257702605,Svalbard_2018,415.6,C3,78.2115756844445,15.6939437973333,SV_C3D,,2018-07-19,2018,,not_part_of_the_dataset,Svalbard
,reco,85.3084259033203,c,D,13.1333333333333,1.56619556052108,Svalbard_2018,0,C3,78.2115756844445,15.6939437973333,SV_C3D,,2018-07-19,2018,,not_part_of_the_dataset,Svalbard
,nee,85.5427932739258,c,E,13.3666666666667,0.13062887572692,Svalbard_2018,532,C3,78.2116176033333,15.6937776757778,SV_C3E,,2018-07-19,2018,,not_part_of_the_dataset,Svalbard
,reco,85.5427932739258,c,E,12.9666666666667,1.59367228386843,Svalbard_2018,0,C3,78.2116176033333,15.6937776757778,SV_C3E,,2018-07-19,2018,,not_part_of_the_dataset,Svalbard
,nee,135.158020019531,c,A,11.0333333333333,-0.530425303348565,Svalbard_2018,332.4,C4,78.210148510875,15.691604295625,SV_C4A,,2018-07-19,2018,,not_part_of_the_dataset,Svalbard
,reco,135.158020019531,c,A,10.6666666666667,0.31790962806559,Svalbard_2018,0,C4,78.210148510875,15.691604295625,SV_C4A,,2018-07-19,2018,,not_part_of_the_dataset,Svalbard
,nee,135.823959350586,c,B,12.5333333333333,-1.40703071974489,Svalbard_2018,550.8,C4,78.21016547775,15.691406792125,SV_C4B,,2018-07-19,2018,,not_part_of_the_dataset,Svalbard
,reco,135.823959350586,c,B,10.2666666666667,2.49578378595046,Svalbard_2018,0,C4,78.21016547775,15.691406792125,SV_C4B,,2018-07-19,2018,,not_part_of_the_dataset,Svalbard
,nee,134.249755859375,c,C,10.0333333333333,-2.90363931833995,Svalbard_2018,259.4,C4,78.2101836978889,15.6911835253333,SV_C4C,,2018-07-19,2018,,not_part_of_the_dataset,Svalbard
,nee,133.6484375,c,D,10.7333333333333,0.889684818067059,Svalbard_2018,206.6,C4,78.2102118195714,15.690951362,SV_C4D,,2018-07-19,2018,,not_part_of_the_dataset,Svalbard
,reco,133.6484375,c,D,10.4333333333333,-0.0208519879234467,Svalbard_2018,0,C4,78.2102118195714,15.690951362,SV_C4D,,2018-07-19,2018,,not_part_of_the_dataset,Svalbard
,nee,134.393402099609,c,E,10.6666666666667,0.213008487230653,Svalbard_2018,343.666666666667,C4,78.2102397545556,15.6907280325556,SV_C4E,,2018-07-19,2018,,not_part_of_the_dataset,Svalbard
,reco,134.393402099609,c,E,10.7666666666667,1.00789381762797,Svalbard_2018,0,C4,78.2102397545556,15.6907280325556,SV_C4E,,2018-07-19,2018,,not_part_of_the_dataset,Svalbard
,nee,177.698089599609,c,A,7.6,-0.138507836809191,Svalbard_2018,449.4,C5,78.2088017241,15.6934239276,SV_C5A,,2018-07-18,2018,,not_part_of_the_dataset,Svalbard
,reco,177.698089599609,c,A,7.6,0.121194357208042,Svalbard_2018,0,C5,78.2088017241,15.6934239276,SV_C5A,,2018-07-18,2018,,not_part_of_the_dataset,Svalbard
,nee,176.567855834961,c,B,10.4666666666667,0.0345961413318791,Svalbard_2018,552.6,C5,78.2088258395,15.69323010375,SV_C5B,,2018-07-18,2018,,not_part_of_the_dataset,Svalbard
,reco,176.567855834961,c,B,10.4666666666667,1.14167266395201,Svalbard_2018,0,C5,78.2088258395,15.69323010375,SV_C5B,,2018-07-18,2018,,not_part_of_the_dataset,Svalbard
,nee,177.359558105469,c,C,13.4,-0.70720678044927,Svalbard_2018,582.4,C5,78.2088503065,15.6930172885,SV_C5C,,2018-07-18,2018,,not_part_of_the_dataset,Svalbard
,reco,177.359558105469,c,C,10.6666666666667,1.84563720751395,Svalbard_2018,0,C5,78.2088503065,15.6930172885,SV_C5C,,2018-07-18,2018,,not_part_of_the_dataset,Svalbard
,nee,176.567337036133,c,D,10.4,-0.602429974325841,Svalbard_2018,448.8,C5,78.208882156,15.6928777993333,SV_C5D,,2018-07-18,2018,,not_part_of_the_dataset,Svalbard
,reco,176.567337036133,c,D,11.3,1.15322309370947,Svalbard_2018,0,C5,78.208882156,15.6928777993333,SV_C5D,,2018-07-18,2018,,not_part_of_the_dataset,Svalbard
,nee,177.422058105469,c,E,11.6333333333333,0.207355393317031,Svalbard_2018,358.8,C5,78.208907920625,15.692638782375,SV_C5E,,2018-07-18,2018,,not_part_of_the_dataset,Svalbard
,nee,224.705413818359,c,A,10.5666666666667,-0.497174472803014,Svalbard_2018,1325,C6,78.206980012875,15.698836050375,SV_C6A,,2018-07-18,2018,,not_part_of_the_dataset,Svalbard
,reco,224.705413818359,c,A,9.4,1.88648816462658,Svalbard_2018,0,C6,78.206980012875,15.698836050375,SV_C6A,,2018-07-18,2018,,not_part_of_the_dataset,Svalbard
,nee,225.408432006836,c,B,6.23333333333333,-1.99792777203737,Svalbard_2018,680.2,C6,78.207006897125,15.698623882875,SV_C6B,,2018-07-18,2018,,not_part_of_the_dataset,Svalbard
,reco,225.408432006836,c,B,7.63333333333333,4.24471605194298,Svalbard_2018,0,C6,78.207006897125,15.698623882875,SV_C6B,,2018-07-18,2018,,not_part_of_the_dataset,Svalbard
,nee,224.652862548828,c,C,8.56666666666667,-1.08451808148141,Svalbard_2018,574.4,C6,78.2070352876667,15.6984419146667,SV_C6C,,2018-07-18,2018,,not_part_of_the_dataset,Svalbard
,reco,224.652862548828,c,C,11.6,2.89116922918762,Svalbard_2018,0,C6,78.2070352876667,15.6984419146667,SV_C6C,,2018-07-18,2018,,not_part_of_the_dataset,Svalbard
,nee,224.368225097656,c,D,12.6666666666667,-4.02297590760835,Svalbard_2018,522.6,C6,78.2070669108572,15.6982493278571,SV_C6D,,2018-07-18,2018,,not_part_of_the_dataset,Svalbard
,reco,224.368225097656,c,D,10.6666666666667,5.24150514699636,Svalbard_2018,0,C6,78.2070669108572,15.6982493278571,SV_C6D,,2018-07-18,2018,,not_part_of_the_dataset,Svalbard
,nee,223.044219970703,c,E,7.1,-3.72841939187738,Svalbard_2018,332.04,C6,78.207255272375,15.69701746175,SV_C6E,,2018-07-18,2018,,not_part_of_the_dataset,Svalbard
,reco,223.044219970703,c,E,7.1,0.617950991801899,Svalbard_2018,0,C6,78.207255272375,15.69701746175,SV_C6E,,2018-07-18,2018,,not_part_of_the_dataset,Svalbard
,reco,223.044219970703,c,E,7.1,3.83198659720731,Svalbard_2018,0,C6,78.207255272375,15.69701746175,SV_C6E,,2018-07-18,2018,,not_part_of_the_dataset,Svalbard
,nee,223.801406860352,c,F,14.8666666666667,-0.292143154203576,Svalbard_2018,582.4,C6,78.20727381,15.696810804625,SV_C6F,,2018-07-18,2018,,not_part_of_the_dataset,Svalbard
,reco,223.801406860352,c,F,14.8666666666667,0.206218697084877,Svalbard_2018,0,C6,78.20727381,15.696810804625,SV_C6F,,2018-07-18,2018,,not_part_of_the_dataset,Svalbard
,nee,224.02717590332,c,G,14.6,-0.292505229642568,Svalbard_2018,724.8,C6,78.2072793844,15.6965959222,SV_C6G,,2018-07-18,2018,,not_part_of_the_dataset,Svalbard
,reco,224.02717590332,c,G,14.6,0.344123799579492,Svalbard_2018,0,C6,78.2072793844,15.6965959222,SV_C6G,,2018-07-18,2018,,not_part_of_the_dataset,Svalbard
,nee,237.017242431641,c,A,10.5,-0.588314276721711,Svalbard_2018,1012.6,C7,78.2066609883334,15.6981682538889,SV_C7A,,2018-07-18,2018,,not_part_of_the_dataset,Svalbard
,reco,237.017242431641,c,A,11.1,1.13304974361391,Svalbard_2018,0,C7,78.2066609883334,15.6981682538889,SV_C7A,,2018-07-18,2018,,not_part_of_the_dataset,Svalbard
,nee,237.332672119141,c,B,6.43333333333333,0.0814678867891652,Svalbard_2018,1122,C7,78.2066739308889,15.697945115,SV_C7B,,2018-07-18,2018,,not_part_of_the_dataset,Svalbard
,reco,237.332672119141,c,B,8.2,2.32603055650886,Svalbard_2018,0,C7,78.2066739308889,15.697945115,SV_C7B,,2018-07-18,2018,,not_part_of_the_dataset,Svalbard
,nee,237.900863647461,c,C,10.8,-1.60368728685572,Svalbard_2018,736.4,C7,78.206684289,15.6976954577143,SV_C7C,,2018-07-18,2018,,not_part_of_the_dataset,Svalbard
,reco,237.900863647461,c,C,10.8,0.033980633190352,Svalbard_2018,0,C7,78.206684289,15.6976954577143,SV_C7C,,2018-07-18,2018,,not_part_of_the_dataset,Svalbard
,nee,238.159057617188,c,D,11.0333333333333,-0.0249431376551568,Svalbard_2018,696,C7,78.2066866933,15.6974353942,SV_C7D,,2018-07-18,2018,,not_part_of_the_dataset,Svalbard
,reco,238.159057617188,c,D,11.0333333333333,0.514072883002115,Svalbard_2018,0,C7,78.2066866933,15.6974353942,SV_C7D,,2018-07-18,2018,,not_part_of_the_dataset,Svalbard
2022-07-31T12:54:00Z,reco,700,c,TTC 101,12.1727253668763,14.0294385689003,Norway_2022,3.82171907756813,Hog,60.876,7.17666,NO_Hog_TTC 101,,2022-07-31,2022,,not_part_of_the_dataset,Norway
2022-07-30T14:51:00Z,nee,700,c,TTC 101,28.4192243186583,1.66726932740815,Norway_2022,1179.6307966457,Hog,60.876,7.17666,NO_Hog_TTC 101,,2022-07-30,2022,,not_part_of_the_dataset,Norway
2022-07-31T07:03:00Z,reco,700,c,TTC 110,12.290964360587,16.7673419863114,Norway_2022,4.12341719077568,Hog,60.876,7.17666,NO_Hog_TTC 110,,2022-07-31,2022,,not_part_of_the_dataset,Norway
2022-07-30T14:40:00Z,nee,700,c,TTC 110,29.1947379454927,-6.9812941194002,Norway_2022,875.522389937107,Hog,60.876,7.17666,NO_Hog_TTC 110,,2022-07-30,2022,,not_part_of_the_dataset,Norway
2022-07-31T07:12:00Z,reco,700,c,TTC 115,18.1399371069182,16.9677883619726,Norway_2022,5.09341719077568,Hog,60.876,7.17666,NO_Hog_TTC 115,,2022-07-31,2022,,not_part_of_the_dataset,Norway
2022-07-30T13:09:00Z,nee,700,c,TTC 115,27.8841090146751,-2.70510793867726,Norway_2022,695.408176100629,Hog,60.876,7.17666,NO_Hog_TTC 115,,2022-07-30,2022,,not_part_of_the_dataset,Norway
2022-07-29T09:04:00Z,reco,920,c,109 AN3C 109,13.4643815513627,17.7173867356264,Norway_2022,2.79270440251572,Joa,60.8618,7.168,NO_Joa_109 AN3C 109,,2022-07-29,2022,,not_part_of_the_dataset,Norway
2022-07-28T13:23:00Z,nee,920,c,109 AN3C 109,27.5801257861635,-8.93069075308828,Norway_2022,1461.35645702306,Joa,60.8618,7.168,NO_Joa_109 AN3C 109,,2022-07-28,2022,,not_part_of_the_dataset,Norway
2022-07-29T09:45:00Z,reco,920,c,156 AN2C 156,13.381572327044,19.4577700760277,Norway_2022,2.8914465408805,Joa,60.8618,7.168,NO_Joa_156 AN2C 156,,2022-07-29,2022,,not_part_of_the_dataset,Norway
2022-07-28T13:42:00Z,nee,920,c,156 AN2C 156,24.8902096436059,0.589695892884823,Norway_2022,1115.57557651992,Joa,60.8618,7.168,NO_Joa_156 AN2C 156,,2022-07-28,2022,,not_part_of_the_dataset,Norway
2022-07-29T15:26:00Z,reco,920,c,81 AN1C 81,13.6766037735849,17.2185684955132,Norway_2022,2.30132075471698,Joa,60.8618,7.168,NO_Joa_81 AN1C 81,,2022-07-29,2022,,not_part_of_the_dataset,Norway
2022-07-28T15:23:00Z,nee,920,c,81 AN1C 81,27.2410272536688,-10.0290950299137,Norway_2022,1290.81459119497,Joa,60.8618,7.168,NO_Joa_81 AN1C 81,,2022-07-28,2022,,not_part_of_the_dataset,Norway
2022-07-27T15:31:00Z,reco,1290,c,27 AN3C 27,20.1003144654088,10.1365992855722,Norway_2022,2.7977358490566,Lia,60.8599,7.195,NO_Lia_27 AN3C 27,,2022-07-27,2022,,not_part_of_the_dataset,Norway
2022-07-27T14:27:00Z,nee,1290,c,27 AN3C 27,23.0197693920335,-19.8989809113162,Norway_2022,1708.99765199161,Lia,60.8599,7.195,NO_Lia_27 AN3C 27,,2022-07-27,2022,,not_part_of_the_dataset,Norway
2022-07-27T14:41:00Z,reco,1290,c,4 AN1C 4,17.2292452830189,7.40698903627535,Norway_2022,2.5025786163522,Lia,60.8599,7.195,NO_Lia_4 AN1C 4,,2022-07-27,2022,,not_part_of_the_dataset,Norway
2022-07-27T11:30:00Z,nee,1290,c,4 AN1C 4,17.219748427673,-17.9118699446734,Norway_2022,1373.34454926625,Lia,60.8599,7.195,NO_Lia_4 AN1C 4,,2022-07-27,2022,,not_part_of_the_dataset,Norway
2022-07-27T12:53:00Z,reco,1290,c,77 AN2C 77,11.829748427673,7.67062811253992,Norway_2022,3.39496855345912,Lia,60.8599,7.195,NO_Lia_77 AN2C 77,,2022-07-27,2022,,not_part_of_the_dataset,Norway
2022-07-27T14:37:00Z,nee,1290,c,77 AN2C 77,22.1780083857442,-12.0587351601594,Norway_2022,1275.20073375262,Lia,60.8599,7.195,NO_Lia_77 AN2C 77,,2022-07-27,2022,,not_part_of_the_dataset,Norway
2022-07-24T18:03:00Z,reco,469,c,TTC 140,15.0248637316562,11.3684461554509,Norway_2022,2.08425576519916,Vik,60.8802,7.1699,NO_Vik_TTC 140,,2022-07-24,2022,,not_part_of_the_dataset,Norway
2022-07-24T12:54:00Z,nee,469,c,TTC 140,17.3357023060797,-4.10709499466836,Norway_2022,363.08641509434,Vik,60.8802,7.1699,NO_Vik_TTC 140,,2022-07-24,2022,,not_part_of_the_dataset,Norway
2022-07-24T17:15:00Z,reco,469,c,TTC 141,14.5355974842767,11.4871306535843,Norway_2022,3.55691823899371,Vik,60.8802,7.1699,NO_Vik_TTC 141,,2022-07-24,2022,,not_part_of_the_dataset,Norway
2022-07-24T13:06:00Z,nee,469,c,TTC 141,17.7679454926625,-5.03779562533705,Norway_2022,253.593752620545,Vik,60.8802,7.1699,NO_Vik_TTC 141,,2022-07-24,2022,,not_part_of_the_dataset,Norway
2022-07-24T18:55:00Z,reco,469,c,TTC 146,15.4887421383648,13.6663263334248,Norway_2022,1.84970649895178,Vik,60.8802,7.1699,NO_Vik_TTC 146,,2022-07-24,2022,,not_part_of_the_dataset,Norway
2022-07-24T10:45:00Z,nee,469,c,TTC 146,18.7847379454927,-10.894068621178,Norway_2022,345.94394129979,Vik,60.8802,7.1699,NO_Vik_TTC 146,,2022-07-24,2022,,not_part_of_the_dataset,Norway
,nee,2699,c,1,17.4534065934066,-3.99275907308752,Colorado_2016,,cbt,38.8818976676,-106.9802689902,US_cbt1,,2016-07-05,2016,,peak,USA
,nee,2699,c,1,19.9883870967742,-2.7132046388543,Colorado_2016,,cbt,38.8818976676,-106.9802689902,US_cbt1,,2016-07-05,2016,,peak,USA
,nee,2699,c,1,21.7323913043478,-4.89841404590154,Colorado_2016,,cbt,38.8818976676,-106.9802689902,US_cbt1,,2016-07-05,2016,,peak,USA
,nee,2699,c,1,23.1131958762887,-8.86217033505349,Colorado_2016,,cbt,38.8818976676,-106.9802689902,US_cbt1,,2016-07-05,2016,,peak,USA
,nee,2699,c,1,24.4459340659341,-3.93784180769584,Colorado_2016,,cbt,38.8818976676,-106.9802689902,US_cbt1,,2016-07-05,2016,,peak,USA
,reco,2699,c,1,18.3691304347826,4.75161681033778,Colorado_2016,2,cbt,38.8818976676,-106.9802689902,US_cbt1,,2016-07-05,2016,,peak,USA
,reco,2699,c,1,20.6728282828283,8.32464358043388,Colorado_2016,2,cbt,38.8818976676,-106.9802689902,US_cbt1,,2016-07-05,2016,,peak,USA
,reco,2699,c,1,22.1733695652174,6.59052880874324,Colorado_2016,2,cbt,38.8818976676,-106.9802689902,US_cbt1,,2016-07-05,2016,,peak,USA
,reco,2699,c,1,23.6675454545455,13.9062018446887,Colorado_2016,2,cbt,38.8818976676,-106.9802689902,US_cbt1,,2016-07-05,2016,,peak,USA
,reco,2699,c,1,24.8810784313726,8.34768481821691,Colorado_2016,2,cbt,38.8818976676,-106.9802689902,US_cbt1,,2016-07-05,2016,,peak,USA
,nee,3458,c,1,26.9584905660377,-7.47154092867226,Colorado_2016,,cinnamon,38.991629138,-107.066377155,US_cinnamon1,,2016-07-27,2016,,peak,USA
,nee,3458,c,2,25.5840677966102,-8.60237425121663,Colorado_2016,,cinnamon,38.991629138,-107.066377155,US_cinnamon2,,2016-07-27,2016,,peak,USA
,nee,3458,c,3,23.4632380952381,-5.60467427447061,Colorado_2016,,cinnamon,38.991629138,-107.066377155,US_cinnamon3,,2016-07-27,2016,,peak,USA
,nee,3458,c,4,18.53,-10.956446213671,Colorado_2016,,cinnamon,38.991629138,-107.066377155,US_cinnamon4,,2016-07-27,2016,,peak,USA
,nee,3458,c,5,14.2167368421053,-7.02534122366326,Colorado_2016,,cinnamon,38.991629138,-107.066377155,US_cinnamon5,,2016-07-27,2016,,peak,USA
,reco,3458,c,1,27.2526363636364,3.32818552878303,Colorado_2016,2,cinnamon,38.991629138,-107.066377155,US_cinnamon1,,2016-07-27,2016,,peak,USA
,reco,3458,c,2,25.9903571428571,3.61947241713758,Colorado_2016,2,cinnamon,38.991629138,-107.066377155,US_cinnamon2,,2016-07-27,2016,,peak,USA
,reco,3458,c,3,24.2489430894309,2.15338658730205,Colorado_2016,2,cinnamon,38.991629138,-107.066377155,US_cinnamon3,,2016-07-27,2016,,peak,USA
,reco,3458,c,4,19.5494827586207,5.65756168965566,Colorado_2016,2,cinnamon,38.991629138,-107.066377155,US_cinnamon4,,2016-07-27,2016,,peak,USA
,reco,3458,c,5,15.3473255813953,3.04408160271262,Colorado_2016,2,cinnamon,38.991629138,-107.066377155,US_cinnamon5,,2016-07-27,2016,,peak,USA
,nee,3171,c,1,21.0566666666667,-11.0601577139721,Colorado_2016,,pfeiler,38.9608656524,-107.0314421354,US_pfeiler1,,2016-07-14,2016,,peak,USA
,nee,3171,c,1,22.367032967033,-11.9412762612463,Colorado_2016,,pfeiler,38.9608656524,-107.0314421354,US_pfeiler1,,2016-07-14,2016,,peak,USA
,nee,3171,c,1,22.8695604395604,-9.94414447633551,Colorado_2016,,pfeiler,38.9608656524,-107.0314421354,US_pfeiler1,,2016-07-14,2016,,peak,USA
,nee,3171,c,1,23.4010869565217,-12.0844821939525,Colorado_2016,,pfeiler,38.9608656524,-107.0314421354,US_pfeiler1,,2016-07-14,2016,,peak,USA
,nee,3171,c,1,24.9783516483516,-17.601478545043,Colorado_2016,,pfeiler,38.9608656524,-107.0314421354,US_pfeiler1,,2016-07-14,2016,,peak,USA
,reco,3171,c,1,21.375,5.09487712362575,Colorado_2016,2,pfeiler,38.9608656524,-107.0314421354,US_pfeiler1,,2016-07-14,2016,,peak,USA
,reco,3171,c,1,22.5404395604396,8.29207879222512,Colorado_2016,2,pfeiler,38.9608656524,-107.0314421354,US_pfeiler1,,2016-07-14,2016,,peak,USA
,reco,3171,c,1,22.9902222222222,7.97802114427825,Colorado_2016,2,pfeiler,38.9608656524,-107.0314421354,US_pfeiler1,,2016-07-14,2016,,peak,USA
,reco,3171,c,1,23.7772527472527,7.7669421642653,Colorado_2016,2,pfeiler,38.9608656524,-107.0314421354,US_pfeiler1,,2016-07-14,2016,,peak,USA
,reco,3171,c,1,25.5754945054945,9.09621514041199,Colorado_2016,2,pfeiler,38.9608656524,-107.0314421354,US_pfeiler1,,2016-07-14,2016,,peak,USA
,nee,2811,c,1,8.26423913043478,-9.4773082204832,Colorado_2016,,road,38.8968994912,-106.9786007326,US_road1,,2016-07-07,2016,,peak,USA
,nee,2811,c,1,12.3623232323232,-10.1744582254556,Colorado_2016,,road,38.8968994912,-106.9786007326,US_road1,,2016-07-07,2016,,peak,USA
,nee,2811,c,1,15.6018279569892,-9.602843437387,Colorado_2016,,road,38.8968994912,-106.9786007326,US_road1,,2016-07-07,2016,,peak,USA
,nee,2811,c,1,18.2642857142857,-9.10411549418727,Colorado_2016,,road,38.8968994912,-106.9786007326,US_road1,,2016-07-07,2016,,peak,USA
,nee,2811,c,1,20.5801086956522,-14.3120122885409,Colorado_2016,,road,38.8968994912,-106.9786007326,US_road1,,2016-07-07,2016,,peak,USA
,reco,2811,c,1,9.37258064516129,6.31847262908308,Colorado_2016,2,road,38.8968994912,-106.9786007326,US_road1,,2016-07-07,2016,,peak,USA
,reco,2811,c,1,13.4983870967742,10.7758114325055,Colorado_2016,2,road,38.8968994912,-106.9786007326,US_road1,,2016-07-07,2016,,peak,USA
,reco,2811,c,1,16.5108695652174,7.91328868596715,Colorado_2016,2,road,38.8968994912,-106.9786007326,US_road1,,2016-07-07,2016,,peak,USA
,reco,2811,c,1,19.0296739130435,12.6659692810793,Colorado_2016,2,road,38.8968994912,-106.9786007326,US_road1,,2016-07-07,2016,,peak,USA
,reco,2811,c,1,21.2119565217391,11.4353318477988,Colorado_2016,2,road,38.8968994912,-106.9786007326,US_road1,,2016-07-07,2016,,peak,USA
,nee,2699,c,1,17.3923188405797,-6.73820611289932,Colorado_2017,,cbt,38.8818976676,-106.9802689902,US_cbt1,,2017-06-29,2017,,peak,USA
,nee,2699,c,2,19.9169791666667,-9.52288407421645,Colorado_2017,,cbt,38.8818976676,-106.9802689902,US_cbt2,,2017-06-29,2017,,peak,USA
,nee,2699,c,3,23.0349484536082,-6.7911268863026,Colorado_2017,,cbt,38.8818976676,-106.9802689902,US_cbt3,,2017-06-29,2017,,peak,USA
,nee,2699,c,4,24.8284375,-5.5937845538676,Colorado_2017,,cbt,38.8818976676,-106.9802689902,US_cbt4,,2017-06-29,2017,,peak,USA
,nee,2699,c,5,26.3775,-7.64567744082527,Colorado_2017,,cbt,38.8818976676,-106.9802689902,US_cbt5,,2017-06-29,2017,,peak,USA
,reco,2699,c,1,18.1084693877551,0.807956538472824,Colorado_2017,2,cbt,38.8818976676,-106.9802689902,US_cbt1,,2017-06-29,2017,,peak,USA
,reco,2699,c,2,20.6958762886598,4.71789331053592,Colorado_2017,2,cbt,38.8818976676,-106.9802689902,US_cbt2,,2017-06-29,2017,,peak,USA
,reco,2699,c,3,23.8134736842105,4.10115199793218,Colorado_2017,2,cbt,38.8818976676,-106.9802689902,US_cbt3,,2017-06-29,2017,,peak,USA
,reco,2699,c,4,25.3593457943925,3.88749261539976,Colorado_2017,2,cbt,38.8818976676,-106.9802689902,US_cbt4,,2017-06-29,2017,,peak,USA
,reco,2699,c,5,26.8424137931034,4.71689024857876,Colorado_2017,2,cbt,38.8818976676,-106.9802689902,US_cbt5,,2017-06-29,2017,,peak,USA
,nee,3371,c,1,15.7341111111111,-15.3982329801679,Colorado_2017,,pbm,38.9694708876,-107.0409444164,US_pbm1,,2017-07-18,2017,,peak,USA
,nee,3371,c,2,17.4515555555556,-18.2917324253714,Colorado_2017,,pbm,38.9694708876,-107.0409444164,US_pbm2,,2017-07-18,2017,,peak,USA
,nee,3371,c,3,18.1825555555556,-23.1741838235455,Colorado_2017,,pbm,38.9694708876,-107.0409444164,US_pbm3,,2017-07-18,2017,,peak,USA
,nee,3371,c,4,18.745,-13.3733410503694,Colorado_2017,,pbm,38.9694708876,-107.0409444164,US_pbm4,,2017-07-18,2017,,peak,USA
,nee,3371,c,5,19.4287777777778,-9.16277597376063,Colorado_2017,,pbm,38.9694708876,-107.0409444164,US_pbm5,,2017-07-18,2017,,peak,USA
,reco,3371,c,1,23.6478888888889,10.1089467398984,Colorado_2017,2,pbm,38.9694708876,-107.0409444164,US_pbm1,,2017-07-18,2017,,peak,USA
,reco,3371,c,2,23.5133333333333,15.6545375215264,Colorado_2017,2,pbm,38.9694708876,-107.0409444164,US_pbm2,,2017-07-18,2017,,peak,USA
,reco,3371,c,3,23.1578888888889,4.67540278229443,Colorado_2017,2,pbm,38.9694708876,-107.0409444164,US_pbm3,,2017-07-18,2017,,peak,USA
,reco,3371,c,4,21.7345555555556,6.8317696951143,Colorado_2017,2,pbm,38.9694708876,-107.0409444164,US_pbm4,,2017-07-18,2017,,peak,USA
,reco,3371,c,5,20.4075555555556,2.80352267086678,Colorado_2017,2,pbm,38.9694708876,-107.0409444164,US_pbm5,,2017-07-18,2017,,peak,USA
,nee,3171,c,1,2.68285714285714,-12.671828599305,Colorado_2017,,pfeiler,38.9608656524,-107.0314421354,US_pfeiler1,,2017-07-13,2017,,peak,USA
,nee,3171,c,2,3.12012345679012,-10.6124488057535,Colorado_2017,,pfeiler,38.9608656524,-107.0314421354,US_pfeiler2,,2017-07-13,2017,,peak,USA
,nee,3171,c,3,6.70533333333333,-17.2821401209778,Colorado_2017,,pfeiler,38.9608656524,-107.0314421354,US_pfeiler3,,2017-07-13,2017,,peak,USA
,nee,3171,c,4,8.78044444444444,-17.1118100869922,Colorado_2017,,pfeiler,38.9608656524,-107.0314421354,US_pfeiler4,,2017-07-13,2017,,peak,USA
,nee,3171,c,5,15.5120879120879,-10.3365947577237,Colorado_2017,,pfeiler,38.9608656524,-107.0314421354,US_pfeiler5,,2017-07-13,2017,,peak,USA
,reco,3171,c,1,19.639347826087,5.48221329221193,Colorado_2017,2,pfeiler,38.9608656524,-107.0314421354,US_pfeiler1,,2017-07-13,2017,,peak,USA
,reco,3171,c,2,19.0941758241758,4.31006984162326,Colorado_2017,2,pfeiler,38.9608656524,-107.0314421354,US_pfeiler2,,2017-07-13,2017,,peak,USA
,reco,3171,c,3,18.6477173913043,7.25042838494886,Colorado_2017,2,pfeiler,38.9608656524,-107.0314421354,US_pfeiler3,,2017-07-13,2017,,peak,USA
,reco,3171,c,4,17.7765909090909,6.2263389129165,Colorado_2017,2,pfeiler,38.9608656524,-107.0314421354,US_pfeiler4,,2017-07-13,2017,,peak,USA
,reco,3171,c,5,16.5093406593407,3.82968286032401,Colorado_2017,2,pfeiler,38.9608656524,-107.0314421354,US_pfeiler5,,2017-07-13,2017,,peak,USA
,nee,2811,c,1,12.5518279569892,-9.50660794143302,Colorado_2017,,road,38.8968994912,-106.9786007326,US_road1,,2017-07-03,2017,,peak,USA
,nee,2811,c,2,14.3012643678161,-10.6512943480665,Colorado_2017,,road,38.8968994912,-106.9786007326,US_road2,,2017-07-03,2017,,peak,USA
,nee,2811,c,3,15.397,-9.484734950395,Colorado_2017,,road,38.8968994912,-106.9786007326,US_road3,,2017-07-03,2017,,peak,USA
,nee,2811,c,4,16.4484946236559,-10.3285067530165,Colorado_2017,,road,38.8968994912,-106.9786007326,US_road4,,2017-07-03,2017,,peak,USA
,nee,2811,c,5,17.5195505617978,-15.9156509936335,Colorado_2017,,road,38.8968994912,-106.9786007326,US_road5,,2017-07-03,2017,,peak,USA
,reco,2811,c,1,23.3116304347826,2.98624201512857,Colorado_2017,2,road,38.8968994912,-106.9786007326,US_road1,,2017-07-03,2017,,peak,USA
,reco,2811,c,2,22.3282653061225,2.46829086014186,Colorado_2017,2,road,38.8968994912,-106.9786007326,US_road2,,2017-07-03,2017,,peak,USA
,reco,2811,c,3,21.1370786516854,4.49406298671556,Colorado_2017,2,road,38.8968994912,-106.9786007326,US_road3,,2017-07-03,2017,,peak,USA
,reco,2811,c,4,19.9668888888889,7.95388665072804,Colorado_2017,2,road,38.8968994912,-106.9786007326,US_road4,,2017-07-03,2017,,peak,USA
,reco,2811,c,5,18.3432954545455,13.9617033997649,Colorado_2017,2,road,38.8968994912,-106.9786007326,US_road5,,2017-07-03,2017,,peak,USA
,nee,2699,c,1,14.7120224719101,-3.12837749510941,Colorado_2018,,cbt,38.8818976676,-106.9802689902,US_cbt1,,2018-06-19,2018,,peak,USA
,nee,2699,c,2,18.9432631578947,-1.47644679216137,Colorado_2018,,cbt,38.8818976676,-106.9802689902,US_cbt2,,2018-06-19,2018,,peak,USA
,nee,2699,c,3,21.7227358490566,-3.39620510661053,Colorado_2018,,cbt,38.8818976676,-106.9802689902,US_cbt3,,2018-06-19,2018,,peak,USA
,nee,2699,c,4,24.3388421052632,-3.37513480791727,Colorado_2018,,cbt,38.8818976676,-106.9802689902,US_cbt4,,2018-06-19,2018,,peak,USA
,nee,2699,c,5,26.0902083333333,-5.35738866736822,Colorado_2018,,cbt,38.8818976676,-106.9802689902,US_cbt5,,2018-06-19,2018,,peak,USA
,reco,2699,c,1,15.7133050847458,2.60916848786182,Colorado_2018,2,cbt,38.8818976676,-106.9802689902,US_cbt1,,2018-06-19,2018,,peak,USA
,reco,2699,c,2,19.9521428571429,4.59460471530978,Colorado_2018,2,cbt,38.8818976676,-106.9802689902,US_cbt2,,2018-06-19,2018,,peak,USA
,reco,2699,c,3,22.7269473684211,6.56143744919651,Colorado_2018,2,cbt,38.8818976676,-106.9802689902,US_cbt3,,2018-06-19,2018,,peak,USA
,reco,2699,c,4,24.8805208333333,4.08107824972561,Colorado_2018,2,cbt,38.8818976676,-106.9802689902,US_cbt4,,2018-06-19,2018,,peak,USA
,reco,2699,c,5,26.4720430107527,4.40759174910634,Colorado_2018,2,cbt,38.8818976676,-106.9802689902,US_cbt5,,2018-06-19,2018,,peak,USA
,nee,3458,c,1,24.19382979,-5.15495059,Colorado_2018,,cinnamon,38.991629138,-107.066377155,US_cinnamon1,,2018-07-19,2018,,peak,USA
,nee,3458,c,2,23.222,-3.843939415,Colorado_2018,,cinnamon,38.991629138,-107.066377155,US_cinnamon2,,2018-07-19,2018,,peak,USA
,nee,3458,c,3,21.75086957,-9.398833694,Colorado_2018,,cinnamon,38.991629138,-107.066377155,US_cinnamon3,,2018-07-19,2018,,peak,USA
,nee,3458,c,4,19.94655914,-5.748344539,Colorado_2018,,cinnamon,38.991629138,-107.066377155,US_cinnamon4,,2018-07-19,2018,,peak,USA
,nee,3458,c,5,17.19589474,-3.450002581,Colorado_2018,,cinnamon,38.991629138,-107.066377155,US_cinnamon5,,2018-07-19,2018,,peak,USA
,reco,3458,c,1,24.48747368,3.431185197,Colorado_2018,2,cinnamon,38.991629138,-107.066377155,US_cinnamon1,,2018-07-19,2018,,peak,USA
,reco,3458,c,2,23.58969072,1.624112664,Colorado_2018,2,cinnamon,38.991629138,-107.066377155,US_cinnamon2,,2018-07-19,2018,,peak,USA
,reco,3458,c,3,22.30284211,3.974652687,Colorado_2018,2,cinnamon,38.991629138,-107.066377155,US_cinnamon3,,2018-07-19,2018,,peak,USA
,reco,3458,c,4,20.54463918,4.348482423,Colorado_2018,2,cinnamon,38.991629138,-107.066377155,US_cinnamon4,,2018-07-19,2018,,peak,USA
,reco,3458,c,5,18.15375,4.171608034,Colorado_2018,2,cinnamon,38.991629138,-107.066377155,US_cinnamon5,,2018-07-19,2018,,peak,USA
,nee,3371,c,1,23.4742222222222,-11.6455695220271,Colorado_2018,,pbm,38.9694708876,-107.0409444164,US_pbm1,,2018-07-02,2018,,peak,USA
,nee,3371,c,2,25.0882417582418,-21.2765556676792,Colorado_2018,,pbm,38.9694708876,-107.0409444164,US_pbm2,,2018-07-02,2018,,peak,USA
,nee,3371,c,3,26.3332967032967,-25.0844131501233,Colorado_2018,,pbm,38.9694708876,-107.0409444164,US_pbm3,,2018-07-02,2018,,peak,USA
,nee,3371,c,4,29.2016483516484,-4.18654882082292,Colorado_2018,,pbm,38.9694708876,-107.0409444164,US_pbm4,,2018-07-02,2018,,peak,USA
,nee,3371,c,5,27.6848888888889,-3.52512811335676,Colorado_2018,,pbm,38.9694708876,-107.0409444164,US_pbm5,,2018-07-02,2018,,peak,USA
,reco,3371,c,1,23.8187912087912,7.0541125573744,Colorado_2018,2,pbm,38.9694708876,-107.0409444164,US_pbm1,,2018-07-02,2018,,peak,USA
,reco,3371,c,2,25.4247252747253,7.65566860131836,Colorado_2018,2,pbm,38.9694708876,-107.0409444164,US_pbm2,,2018-07-02,2018,,peak,USA
,reco,3371,c,3,26.6768888888889,5.57792246820224,Colorado_2018,2,pbm,38.9694708876,-107.0409444164,US_pbm3,,2018-07-02,2018,,peak,USA
,reco,3371,c,4,29.7483516483516,3.613041017104,Colorado_2018,2,pbm,38.9694708876,-107.0409444164,US_pbm4,,2018-07-02,2018,,peak,USA
,reco,3371,c,5,28.0789130434783,1.5438737910374,Colorado_2018,2,pbm,38.9694708876,-107.0409444164,US_pbm5,,2018-07-02,2018,,peak,USA
,nee,3171,c,1,18.3545054945055,-7.23388473896654,Colorado_2018,,pfeiler,38.9608656524,-107.0314421354,US_pfeiler1,,2018-07-02,2018,,peak,USA
,nee,3171,c,2,19.3997777777778,-8.60078296961656,Colorado_2018,,pfeiler,38.9608656524,-107.0314421354,US_pfeiler2,,2018-07-02,2018,,peak,USA
,nee,3171,c,3,20.4,-12.8118959296693,Colorado_2018,,pfeiler,38.9608656524,-107.0314421354,US_pfeiler3,,2018-07-02,2018,,peak,USA
,nee,3171,c,4,21.0632222222222,-14.1218638773953,Colorado_2018,,pfeiler,38.9608656524,-107.0314421354,US_pfeiler4,,2018-07-02,2018,,peak,USA
,nee,3171,c,5,21.4852747252747,-12.9993656676246,Colorado_2018,,pfeiler,38.9608656524,-107.0314421354,US_pfeiler5,,2018-07-02,2018,,peak,USA
,reco,3171,c,1,18.7268131868132,3.43832719046391,Colorado_2018,2,pfeiler,38.9608656524,-107.0314421354,US_pfeiler1,,2018-07-02,2018,,peak,USA
,reco,3171,c,2,19.6793333333333,3.58725103403413,Colorado_2018,2,pfeiler,38.9608656524,-107.0314421354,US_pfeiler2,,2018-07-02,2018,,peak,USA
,reco,3171,c,3,20.6516483516484,7.27359362057812,Colorado_2018,2,pfeiler,38.9608656524,-107.0314421354,US_pfeiler3,,2018-07-02,2018,,peak,USA
,reco,3171,c,4,21.2842222222222,7.19357250163383,Colorado_2018,2,pfeiler,38.9608656524,-107.0314421354,US_pfeiler4,,2018-07-02,2018,,peak,USA
,reco,3171,c,5,21.6768131868132,4.78417922893268,Colorado_2018,2,pfeiler,38.9608656524,-107.0314421354,US_pfeiler5,,2018-07-02,2018,,peak,USA
,nee,2811,c,1,12.9921818181818,-4.5151748783418,Colorado_2018,,road,38.8968994912,-106.9786007326,US_road1,,2018-06-20,2018,,peak,USA
,nee,2811,c,2,15.2525274725275,-7.71967565435503,Colorado_2018,,road,38.8968994912,-106.9786007326,US_road2,,2018-06-20,2018,,peak,USA
,nee,2811,c,3,18.1942857142857,-7.55641687065873,Colorado_2018,,road,38.8968994912,-106.9786007326,US_road3,,2018-06-20,2018,,peak,USA
,nee,2811,c,4,22.6332222222222,-9.0716492447583,Colorado_2018,,road,38.8968994912,-106.9786007326,US_road4,,2018-06-20,2018,,peak,USA
,nee,2811,c,5,21.1325806451613,-24.1493068796674,Colorado_2018,,road,38.8968994912,-106.9786007326,US_road5,,2018-06-20,2018,,peak,USA
,reco,2811,c,1,13.7865934065934,2.75984539581704,Colorado_2018,2,road,38.8968994912,-106.9786007326,US_road1,,2018-06-20,2018,,peak,USA
,reco,2811,c,2,15.9507692307692,5.12460137248357,Colorado_2018,2,road,38.8968994912,-106.9786007326,US_road2,,2018-06-20,2018,,peak,USA
,reco,2811,c,3,18.7771428571429,7.34074393947021,Colorado_2018,2,road,38.8968994912,-106.9786007326,US_road3,,2018-06-20,2018,,peak,USA
,reco,2811,c,4,23.0202247191011,10.6541871339404,Colorado_2018,2,road,38.8968994912,-106.9786007326,US_road4,,2018-06-20,2018,,peak,USA
,reco,2811,c,5,21.6950549450549,8.90853445840155,Colorado_2018,2,road,38.8968994912,-106.9786007326,US_road5,,2018-06-20,2018,,peak,USA
,nee,2484,c,1,16.18907,-3.5857310537004,Colorado_2019,,almont,38.6698886666667,-106.844210666667,US_almont1,,2019-06-23,2019,,peak,USA
,nee,2484,c,2,15.0280255555556,-5.76918601111178,Colorado_2019,,almont,38.6698886666667,-106.844210666667,US_almont2,,2019-06-23,2019,,peak,USA
,nee,2484,c,3,16.2705277777778,-2.76800828830165,Colorado_2019,,almont,38.6698886666667,-106.844210666667,US_almont3,,2019-06-23,2019,,peak,USA
,nee,2484,c,4,17.6845166666667,-2.74346436420459,Colorado_2019,,almont,38.6698886666667,-106.844210666667,US_almont4,,2019-06-23,2019,,peak,USA
,nee,2484,c,5,19.0958566666667,-4.53172382445659,Colorado_2019,,almont,38.6698886666667,-106.844210666667,US_almont5,,2019-06-23,2019,,peak,USA
,reco,2484,c,1,15.7976755555556,1.29702452997766,Colorado_2019,2,almont,38.6698886666667,-106.844210666667,US_almont1,,2019-06-23,2019,,peak,USA
,reco,2484,c,2,15.0915944444444,0.527733606519411,Colorado_2019,2,almont,38.6698886666667,-106.844210666667,US_almont2,,2019-06-23,2019,,peak,USA
,reco,2484,c,3,16.6663211111111,1.59111587498526,Colorado_2019,2,almont,38.6698886666667,-106.844210666667,US_almont3,,2019-06-23,2019,,peak,USA
,reco,2484,c,4,17.9000555555556,0.738581899780702,Colorado_2019,2,almont,38.6698886666667,-106.844210666667,US_almont4,,2019-06-23,2019,,peak,USA
,reco,2484,c,5,19.1895711111111,3.29810382453363,Colorado_2019,2,almont,38.6698886666667,-106.844210666667,US_almont5,,2019-06-23,2019,,peak,USA
,nee,2699,c,1,14.4109766666667,-8.17805260242273,Colorado_2019,,cbt,38.8818976676,-106.9802689902,US_cbt1,,2019-06-23,2019,,peak,USA
,nee,2699,c,2,17.7734566666667,-7.96210500534445,Colorado_2019,,cbt,38.8818976676,-106.9802689902,US_cbt2,,2019-06-23,2019,,peak,USA
,nee,2699,c,3,19.8776466666667,-6.3038733549905,Colorado_2019,,cbt,38.8818976676,-106.9802689902,US_cbt3,,2019-06-23,2019,,peak,USA
,nee,2699,c,4,20.9001611111111,-6.39601899284373,Colorado_2019,,cbt,38.8818976676,-106.9802689902,US_cbt4,,2019-06-23,2019,,peak,USA
,nee,2699,c,5,22.8379922222222,-5.77366558615362,Colorado_2019,,cbt,38.8818976676,-106.9802689902,US_cbt5,,2019-06-23,2019,,peak,USA
,reco,2699,c,1,14.8382055555556,8.6348061017224,Colorado_2019,2,cbt,38.8818976676,-106.9802689902,US_cbt1,,2019-06-23,2019,,peak,USA
,reco,2699,c,2,18.8131488888889,4.23517789899696,Colorado_2019,2,cbt,38.8818976676,-106.9802689902,US_cbt2,,2019-06-23,2019,,peak,USA
,reco,2699,c,3,20.2727011111111,3.71871914486536,Colorado_2019,2,cbt,38.8818976676,-106.9802689902,US_cbt3,,2019-06-23,2019,,peak,USA
,reco,2699,c,4,21.3090844444444,4.15801404856231,Colorado_2019,2,cbt,38.8818976676,-106.9802689902,US_cbt4,,2019-06-23,2019,,peak,USA
,reco,2699,c,5,23.3536466666667,4.06533259905176,Colorado_2019,2,cbt,38.8818976676,-106.9802689902,US_cbt5,,2019-06-23,2019,,peak,USA
,nee,3371,c,1,15.4586422222222,-15.2918579768298,Colorado_2019,,pbm,38.9694708876,-107.0409444164,US_pbm1,,2019-07-22,2019,,peak,USA
,nee,3371,c,2,17.5172755555556,-16.9358145660424,Colorado_2019,,pbm,38.9694708876,-107.0409444164,US_pbm2,,2019-07-22,2019,,peak,USA
,nee,3371,c,3,20.2244966666667,-15.8160626339769,Colorado_2019,,pbm,38.9694708876,-107.0409444164,US_pbm3,,2019-07-22,2019,,peak,USA
,nee,3371,c,4,22.2084177777778,-0.0124181497260833,Colorado_2019,,pbm,38.9694708876,-107.0409444164,US_pbm4,,2019-07-22,2019,,peak,USA
,nee,3371,c,5,23.4208722222222,-4.0998957743209,Colorado_2019,,pbm,38.9694708876,-107.0409444164,US_pbm5,,2019-07-22,2019,,peak,USA
,reco,3371,c,1,16.0719922222222,6.25538563178141,Colorado_2019,2,pbm,38.9694708876,-107.0409444164,US_pbm1,,2019-07-22,2019,,peak,USA
,reco,3371,c,2,18.3066644444444,7.48837505030706,Colorado_2019,2,pbm,38.9694708876,-107.0409444164,US_pbm2,,2019-07-22,2019,,peak,USA
,reco,3371,c,3,20.9978588888889,6.60307137903517,Colorado_2019,2,pbm,38.9694708876,-107.0409444164,US_pbm3,,2019-07-22,2019,,peak,USA
,reco,3371,c,4,22.6706988888889,2.12296762780498,Colorado_2019,2,pbm,38.9694708876,-107.0409444164,US_pbm4,,2019-07-22,2019,,peak,USA
,reco,3371,c,5,23.5903155555556,3.64156500748733,Colorado_2019,2,pbm,38.9694708876,-107.0409444164,US_pbm5,,2019-07-22,2019,,peak,USA
,nee,3171,c,1,14.5443122222222,-15.5758926374205,Colorado_2019,,pfeiler,38.9608656524,-107.0314421354,US_pfeiler1,,2019-07-20,2019,,peak,USA
,nee,3171,c,2,15.2102055555556,-13.4441509795546,Colorado_2019,,pfeiler,38.9608656524,-107.0314421354,US_pfeiler2,,2019-07-20,2019,,peak,USA
,nee,3171,c,3,15.98808,-16.043096764823,Colorado_2019,,pfeiler,38.9608656524,-107.0314421354,US_pfeiler3,,2019-07-20,2019,,peak,USA
,nee,3171,c,4,16.7827344444444,-15.2868250127089,Colorado_2019,,pfeiler,38.9608656524,-107.0314421354,US_pfeiler4,,2019-07-20,2019,,peak,USA
,nee,3171,c,5,18.7008577777778,-14.7491676437749,Colorado_2019,,pfeiler,38.9608656524,-107.0314421354,US_pfeiler5,,2019-07-20,2019,,peak,USA
,reco,3171,c,1,21.3489444444444,4.98101287618916,Colorado_2019,2,pfeiler,38.9608656524,-107.0314421354,US_pfeiler1,,2019-07-20,2019,,peak,USA
,reco,3171,c,2,20.2743788888889,7.626841017819,Colorado_2019,2,pfeiler,38.9608656524,-107.0314421354,US_pfeiler2,,2019-07-20,2019,,peak,USA
,reco,3171,c,3,19.7649933333333,6.11649428705216,Colorado_2019,2,pfeiler,38.9608656524,-107.0314421354,US_pfeiler3,,2019-07-20,2019,,peak,USA
,reco,3171,c,4,19.3843,4.8505985690065,Colorado_2019,2,pfeiler,38.9608656524,-107.0314421354,US_pfeiler4,,2019-07-20,2019,,peak,USA
,reco,3171,c,5,19.10785,7.6970561775689,Colorado_2019,2,pfeiler,38.9608656524,-107.0314421354,US_pfeiler5,,2019-07-20,2019,,peak,USA
,nee,2811,c,1,22.48314,-6.2831751665638,Colorado_2019,,road,38.8968994912,-106.9786007326,US_road1,,2019-06-30,2019,,peak,USA
,nee,2811,c,2,23.9594688888889,-2.25287715867182,Colorado_2019,,road,38.8968994912,-106.9786007326,US_road2,,2019-06-30,2019,,peak,USA
,nee,2811,c,3,25.1837333333333,-4.61367289814869,Colorado_2019,,road,38.8968994912,-106.9786007326,US_road3,,2019-06-30,2019,,peak,USA
,nee,2811,c,4,26.3855843373494,-1.78258378804858,Colorado_2019,,road,38.8968994912,-106.9786007326,US_road4,,2019-06-30,2019,,peak,USA
,nee,2811,c,5,27.2755891566265,-14.6012337802925,Colorado_2019,,road,38.8968994912,-106.9786007326,US_road5,,2019-06-30,2019,,peak,USA
,reco,2811,c,1,28.9459,8.42384640497082,Colorado_2019,2,road,38.8968994912,-106.9786007326,US_road1,,2019-06-30,2019,,peak,USA
,reco,2811,c,2,28.8590788888889,5.77773712421659,Colorado_2019,2,road,38.8968994912,-106.9786007326,US_road2,,2019-06-30,2019,,peak,USA
,reco,2811,c,3,27.9515811111111,6.32487769021407,Colorado_2019,2,road,38.8968994912,-106.9786007326,US_road3,,2019-06-30,2019,,peak,USA
,reco,2811,c,4,27.45029,11.6634424470832,Colorado_2019,2,road,38.8968994912,-106.9786007326,US_road4,,2019-06-30,2019,,peak,USA
,reco,2811,c,5,27.6204011111111,16.2065008241556,Colorado_2019,2,road,38.8968994912,-106.9786007326,US_road5,,2019-06-30,2019,,peak,USA
,nee,2484,c,1,24.7,-2.93534043350858,Colorado_2022,848,almont,38.6698886666667,-106.844210666667,US_almont1,,2022-06-09,2022,,peak,USA
,nee,2484,c,2,24.7,-0.399704936075378,Colorado_2022,831,almont,38.6698886666667,-106.844210666667,US_almont2,,2022-06-09,2022,,peak,USA
,nee,2484,c,3,24.7,-1.8837423807245,Colorado_2022,974,almont,38.6698886666667,-106.844210666667,US_almont3,,2022-06-09,2022,,peak,USA
,nee,2484,c,4,24.7,-5.47040843564342,Colorado_2022,913,almont,38.6698886666667,-106.844210666667,US_almont4,,2022-06-09,2022,,peak,USA
,nee,2484,c,5,24.7,-3.43428168657238,Colorado_2022,1100,almont,38.6698886666667,-106.844210666667,US_almont5,,2022-06-09,2022,,peak,USA
,reco,2484,c,1,24.7,0.789327540516071,Colorado_2022,2,almont,38.6698886666667,-106.844210666667,US_almont1,,2022-06-09,2022,,peak,USA
,reco,2484,c,2,24.7,-1.18542912687979,Colorado_2022,2,almont,38.6698886666667,-106.844210666667,US_almont2,,2022-06-09,2022,,peak,USA
,reco,2484,c,3,24.7,0.327045915992585,Colorado_2022,2,almont,38.6698886666667,-106.844210666667,US_almont3,,2022-06-09,2022,,peak,USA
,reco,2484,c,4,24.7,1.00748516891331,Colorado_2022,2,almont,38.6698886666667,-106.844210666667,US_almont4,,2022-06-09,2022,,peak,USA
,reco,2484,c,5,24.7,-1.72352315493699,Colorado_2022,2,almont,38.6698886666667,-106.844210666667,US_almont5,,2022-06-09,2022,,peak,USA
,nee,2699,c,1,16.0291111111111,-12.1556112189505,Colorado_2022,426,cbt,38.8818976676,-106.9802689902,US_cbt1,,2022-06-21,2022,,peak,USA
,nee,2699,c,2,18.1601111111111,-15.3973591263126,Colorado_2022,501,cbt,38.8818976676,-106.9802689902,US_cbt2,,2022-06-21,2022,,peak,USA
,nee,2699,c,3,20.6167777777778,-6.04020860146184,Colorado_2022,625,cbt,38.8818976676,-106.9802689902,US_cbt3,,2022-06-21,2022,,peak,USA
,nee,2699,c,4,22.4681111111111,-5.38964276989508,Colorado_2022,682,cbt,38.8818976676,-106.9802689902,US_cbt4,,2022-06-21,2022,,peak,USA
,nee,2699,c,5,23.6113333333333,-4.11362750882626,Colorado_2022,801,cbt,38.8818976676,-106.9802689902,US_cbt5,,2022-06-21,2022,,peak,USA
,reco,2699,c,1,16.7695555555556,9.57955684010292,Colorado_2022,2,cbt,38.8818976676,-106.9802689902,US_cbt1,,2022-06-21,2022,,peak,USA
,reco,2699,c,2,18.8025555555556,9.1017638831254,Colorado_2022,2,cbt,38.8818976676,-106.9802689902,US_cbt2,,2022-06-21,2022,,peak,USA
,reco,2699,c,3,21.1363333333333,5.61174721969883,Colorado_2022,2,cbt,38.8818976676,-106.9802689902,US_cbt3,,2022-06-21,2022,,peak,USA
,reco,2699,c,4,22.9458888888889,7.64375459418911,Colorado_2022,2,cbt,38.8818976676,-106.9802689902,US_cbt4,,2022-06-21,2022,,peak,USA
,reco,2699,c,5,23.8744444444444,5.63583553422267,Colorado_2022,2,cbt,38.8818976676,-106.9802689902,US_cbt5,,2022-06-21,2022,,peak,USA
,nee,3458,c,1,13.7028211111111,-7.54005562736355,Colorado_2022,671,cinnamon,38.991629138,-107.066377155,US_cinnamon1,,2022-08-03,2022,,peak,USA
,nee,3458,c,2,15.2566933333333,-3.78664975018485,Colorado_2022,424,cinnamon,38.991629138,-107.066377155,US_cinnamon2,,2022-08-03,2022,,peak,USA
,nee,3458,c,3,16.5164911111111,-2.02487276165041,Colorado_2022,549,cinnamon,38.991629138,-107.066377155,US_cinnamon3,,2022-08-03,2022,,peak,USA
,nee,3458,c,4,18.3659222222222,-1.97934493835474,Colorado_2022,676,cinnamon,38.991629138,-107.066377155,US_cinnamon4,,2022-08-03,2022,,peak,USA
,nee,3458,c,5,19.89932,-5.12342049637374,Colorado_2022,580,cinnamon,38.991629138,-107.066377155,US_cinnamon5,,2022-08-03,2022,,peak,USA
,reco,3458,c,1,14.0462455555556,7.02073807296747,Colorado_2022,2,cinnamon,38.991629138,-107.066377155,US_cinnamon1,,2022-08-03,2022,,peak,USA
,reco,3458,c,2,15.5815977777778,2.81441612205279,Colorado_2022,2,cinnamon,38.991629138,-107.066377155,US_cinnamon2,,2022-08-03,2022,,peak,USA
,reco,3458,c,3,16.8228366666667,8.2994267526932,Colorado_2022,2,cinnamon,38.991629138,-107.066377155,US_cinnamon3,,2022-08-03,2022,,peak,USA
,reco,3458,c,4,18.6515677777778,10.1247902860075,Colorado_2022,2,cinnamon,38.991629138,-107.066377155,US_cinnamon4,,2022-08-03,2022,,peak,USA
,reco,3458,c,5,20.43161,6.54055752629579,Colorado_2022,2,cinnamon,38.991629138,-107.066377155,US_cinnamon5,,2022-08-03,2022,,peak,USA
,nee,3371,c,1,14.2348888888889,-29.8579179269041,Colorado_2022,371,pbm,38.9694708876,-107.0409444164,US_pbm1,,2022-07-13,2022,,peak,USA
,nee,3371,c,2,16.4461111111111,-32.5500986111639,Colorado_2022,,pbm,38.9694708876,-107.0409444164,US_pbm2,,2022-07-13,2022,,peak,USA
,nee,3371,c,3,17.7597777777778,-20.4936128445764,Colorado_2022,,pbm,38.9694708876,-107.0409444164,US_pbm3,,2022-07-13,2022,,peak,USA
,nee,3371,c,4,20.0356666666667,-5.52082142907929,Colorado_2022,660,pbm,38.9694708876,-107.0409444164,US_pbm4,,2022-07-13,2022,,peak,USA
,nee,3371,c,5,22.2218888888889,-4.2662222793005,Colorado_2022,651,pbm,38.9694708876,-107.0409444164,US_pbm5,,2022-07-13,2022,,peak,USA
,reco,3371,c,1,14.8783333333333,11.7785041605265,Colorado_2022,2,pbm,38.9694708876,-107.0409444164,US_pbm1,,2022-07-13,2022,,peak,USA
,reco,3371,c,2,16.9192222222222,10.5158066306144,Colorado_2022,2,pbm,38.9694708876,-107.0409444164,US_pbm2,,2022-07-13,2022,,peak,USA
,reco,3371,c,3,18.1792222222222,6.58215992016309,Colorado_2022,2,pbm,38.9694708876,-107.0409444164,US_pbm3,,2022-07-13,2022,,peak,USA
,reco,3371,c,4,20.7982222222222,4.57244005800844,Colorado_2022,2,pbm,38.9694708876,-107.0409444164,US_pbm4,,2022-07-13,2022,,peak,USA
,reco,3371,c,5,22.9472222222222,3.12118416740382,Colorado_2022,2,pbm,38.9694708876,-107.0409444164,US_pbm5,,2022-07-13,2022,,peak,USA
,nee,3171,c,1,20.1523333333333,-17.0601181223616,Colorado_2022,420,pfeiler,38.9608656524,-107.0314421354,US_pfeiler1,,2022-07-07,2022,,peak,USA
,nee,3171,c,2,21.8028888888889,-24.9948506045906,Colorado_2022,775,pfeiler,38.9608656524,-107.0314421354,US_pfeiler2,,2022-07-07,2022,,peak,USA
,nee,3171,c,3,22.2682222222222,-22.76147061845,Colorado_2022,770,pfeiler,38.9608656524,-107.0314421354,US_pfeiler3,,2022-07-07,2022,,peak,USA
,nee,3171,c,4,23.5892222222222,-15.3587562052445,Colorado_2022,532,pfeiler,38.9608656524,-107.0314421354,US_pfeiler4,,2022-07-07,2022,,peak,USA
,nee,3171,c,5,24.2838888888889,-15.9842049069049,Colorado_2022,704,pfeiler,38.9608656524,-107.0314421354,US_pfeiler5,,2022-07-07,2022,,peak,USA
,reco,3171,c,1,20.5354444444444,7.94198773153587,Colorado_2022,2,pfeiler,38.9608656524,-107.0314421354,US_pfeiler1,,2022-07-07,2022,,peak,USA
,reco,3171,c,2,22.1586666666667,7.26317202307685,Colorado_2022,2,pfeiler,38.9608656524,-107.0314421354,US_pfeiler2,,2022-07-07,2022,,peak,USA
,reco,3171,c,3,22.5445555555556,8.95615190041755,Colorado_2022,2,pfeiler,38.9608656524,-107.0314421354,US_pfeiler3,,2022-07-07,2022,,peak,USA
,reco,3171,c,4,23.8616666666667,12.4049196677057,Colorado_2022,2,pfeiler,38.9608656524,-107.0314421354,US_pfeiler4,,2022-07-07,2022,,peak,USA
,reco,3171,c,5,24.7123333333333,9.26046830691249,Colorado_2022,2,pfeiler,38.9608656524,-107.0314421354,US_pfeiler5,,2022-07-07,2022,,peak,USA
,nee,2811,c,1,18.39,-4.0115663095015,Colorado_2022,697,road,38.8968994912,-106.9786007326,US_road1,,2022-06-27,2022,,peak,USA
,nee,2811,c,2,21.2418888888889,-14.4791427858698,Colorado_2022,739,road,38.8968994912,-106.9786007326,US_road2,,2022-06-27,2022,,peak,USA
,nee,2811,c,3,22.94,-9.54590933710831,Colorado_2022,684,road,38.8968994912,-106.9786007326,US_road3,,2022-06-27,2022,,peak,USA
,nee,2811,c,4,24.6375555555556,-10.219533482419,Colorado_2022,796,road,38.8968994912,-106.9786007326,US_road4,,2022-06-27,2022,,peak,USA
,nee,2811,c,5,26.1748888888889,-22.0298855970555,Colorado_2022,338,road,38.8968994912,-106.9786007326,US_road5,,2022-06-27,2022,,peak,USA
,reco,2811,c,1,18.9444444444444,6.34261740024791,Colorado_2022,2,road,38.8968994912,-106.9786007326,US_road1,,2022-06-27,2022,,peak,USA
,reco,2811,c,2,21.7536666666667,8.55668536823808,Colorado_2022,2,road,38.8968994912,-106.9786007326,US_road2,,2022-06-27,2022,,peak,USA
,reco,2811,c,3,23.4232222222222,8.44391294189341,Colorado_2022,2,road,38.8968994912,-106.9786007326,US_road3,,2022-06-27,2022,,peak,USA
,reco,2811,c,4,25.1007777777778,12.6653078341881,Colorado_2022,2,road,38.8968994912,-106.9786007326,US_road4,,2022-06-27,2022,,peak,USA
,reco,2811,c,5,26.5665555555556,11.691100432675,Colorado_2022,2,road,38.8968994912,-106.9786007326,US_road5,,2022-06-27,2022,,peak,USA
,nee,2484,c,1,16.4805555555556,-9.13359952094059,Colorado_2023,700.5,almont,38.6698886666667,-106.844210666667,US_almont1,,2023-06-12,2023,,peak,USA
,nee,2484,c,2,19.7083673469388,-12.643546492198,Colorado_2023,717.2,almont,38.6698886666667,-106.844210666667,US_almont2,,2023-06-12,2023,,peak,USA
,nee,2484,c,3,22.250752688172,-9.8955072254487,Colorado_2023,686.6,almont,38.6698886666667,-106.844210666667,US_almont3,,2023-06-12,2023,,peak,USA
,nee,2484,c,4,24.0263829787234,-6.59500667749544,Colorado_2023,735.3,almont,38.6698886666667,-106.844210666667,US_almont4,,2023-06-12,2023,,peak,USA
,nee,2484,c,5,25.3618279569892,-5.52601040599164,Colorado_2023,881.9,almont,38.6698886666667,-106.844210666667,US_almont5,,2023-06-12,2023,,peak,USA
,reco,2484,c,1,27.0045652173913,1.5952950376914,Colorado_2023,2,almont,38.6698886666667,-106.844210666667,US_almont1,,2023-06-12,2023,,peak,USA
,reco,2484,c,2,26.4554166666667,4.02094707900682,Colorado_2023,2,almont,38.6698886666667,-106.844210666667,US_almont2,,2023-06-12,2023,,peak,USA
,reco,2484,c,3,25.9195698924731,2.44934439278361,Colorado_2023,2,almont,38.6698886666667,-106.844210666667,US_almont3,,2023-06-12,2023,,peak,USA
,reco,2484,c,4,26.1564948453608,0.868564186738404,Colorado_2023,2,almont,38.6698886666667,-106.844210666667,US_almont4,,2023-06-12,2023,,peak,USA
,reco,2484,c,5,26.0115625,-0.882269010752225,Colorado_2023,2,almont,38.6698886666667,-106.844210666667,US_almont5,,2023-06-12,2023,,peak,USA
,nee,2699,c,1,15.9158695652174,-9.05947093757606,Colorado_2023,482.1,cbt,38.8818976676,-106.9802689902,US_cbt1,,2023-06-30,2023,,peak,USA
,nee,2699,c,2,19.7404081632653,-16.3655762626726,Colorado_2023,531.2,cbt,38.8818976676,-106.9802689902,US_cbt2,,2023-06-30,2023,,peak,USA
,nee,2699,c,3,22.395652173913,-9.43008532250208,Colorado_2023,843.5,cbt,38.8818976676,-106.9802689902,US_cbt3,,2023-06-30,2023,,peak,USA
,nee,2699,c,4,23.9436956521739,-8.68690020804826,Colorado_2023,831.2,cbt,38.8818976676,-106.9802689902,US_cbt4,,2023-06-30,2023,,peak,USA
,nee,2699,c,5,25.2116304347826,-4.63587808284521,Colorado_2023,807.7,cbt,38.8818976676,-106.9802689902,US_cbt5,,2023-06-30,2023,,peak,USA
,reco,2699,c,1,17.3160869565217,8.17169847250346,Colorado_2023,2,cbt,38.8818976676,-106.9802689902,US_cbt1,,2023-06-30,2023,,peak,USA
,reco,2699,c,2,20.7110869565217,8.552960291335,Colorado_2023,2,cbt,38.8818976676,-106.9802689902,US_cbt2,,2023-06-30,2023,,peak,USA
,reco,2699,c,3,23.0361956521739,9.18956489018159,Colorado_2023,2,cbt,38.8818976676,-106.9802689902,US_cbt3,,2023-06-30,2023,,peak,USA
,reco,2699,c,4,24.4486021505376,6.14218453987406,Colorado_2023,2,cbt,38.8818976676,-106.9802689902,US_cbt4,,2023-06-30,2023,,peak,USA
,reco,2699,c,5,25.6918279569892,4.04282070523697,Colorado_2023,2,cbt,38.8818976676,-106.9802689902,US_cbt5,,2023-06-30,2023,,peak,USA
,nee,3458,c,1,18.1518644067797,-0.796860262510397,Colorado_2023,,cinnamon,38.991629138,-107.066377155,US_cinnamon1,,2023-08-03,2023,,peak,USA
,nee,3458,c,2,18.5829473684211,-4.57014862374557,Colorado_2023,,cinnamon,38.991629138,-107.066377155,US_cinnamon2,,2023-08-03,2023,,peak,USA
,nee,3458,c,3,19.1128181818182,-7.41490018202168,Colorado_2023,,cinnamon,38.991629138,-107.066377155,US_cinnamon3,,2023-08-03,2023,,peak,USA
,nee,3458,c,4,20.2473684210526,-4.03505922746336,Colorado_2023,,cinnamon,38.991629138,-107.066377155,US_cinnamon4,,2023-08-03,2023,,peak,USA
,nee,3458,c,5,22.0290476190476,-15.2195060235247,Colorado_2023,,cinnamon,38.991629138,-107.066377155,US_cinnamon5,,2023-08-03,2023,,peak,USA
,reco,3458,c,1,17.6303225806452,5.12780817875655,Colorado_2023,2,cinnamon,38.991629138,-107.066377155,US_cinnamon1,,2023-08-03,2023,,peak,USA
,reco,3458,c,2,18.5066666666667,-7.27811134976319,Colorado_2023,2,cinnamon,38.991629138,-107.066377155,US_cinnamon2,,2023-08-03,2023,,peak,USA
,reco,3458,c,3,19.0510638297872,2.24133754936572,Colorado_2023,2,cinnamon,38.991629138,-107.066377155,US_cinnamon3,,2023-08-03,2023,,peak,USA
,reco,3458,c,4,20.8585714285714,2.96694989137903,Colorado_2023,2,cinnamon,38.991629138,-107.066377155,US_cinnamon4,,2023-08-03,2023,,peak,USA
,reco,3458,c,5,22.4272,6.51473435992856,Colorado_2023,2,cinnamon,38.991629138,-107.066377155,US_cinnamon5,,2023-08-03,2023,,peak,USA
,nee,3371,c,1,20.6661,-20.250986597879,Colorado_2023,505.4,pbm,38.9694708876,-107.0409444164,US_pbm1,,2023-07-21,2023,,peak,USA
,nee,3371,c,2,23.2725274725275,-28.2874790805747,Colorado_2023,302.6,pbm,38.9694708876,-107.0409444164,US_pbm2,,2023-07-21,2023,,peak,USA
,nee,3371,c,3,25.3696774193548,-27.8811104811522,Colorado_2023,328.1,pbm,38.9694708876,-107.0409444164,US_pbm3,,2023-07-21,2023,,peak,USA
,nee,3371,c,4,27.4651111111111,-4.23697552003448,Colorado_2023,753.3,pbm,38.9694708876,-107.0409444164,US_pbm4,,2023-07-21,2023,,peak,USA
,nee,3371,c,5,28.3263736263736,-4.36933986128657,Colorado_2023,730,pbm,38.9694708876,-107.0409444164,US_pbm5,,2023-07-21,2023,,peak,USA
,reco,3371,c,1,21.3224731182796,6.920402170258,Colorado_2023,2,pbm,38.9694708876,-107.0409444164,US_pbm1,,2023-07-21,2023,,peak,USA
,reco,3371,c,2,23.8258695652174,11.2663033660475,Colorado_2023,2,pbm,38.9694708876,-107.0409444164,US_pbm2,,2023-07-21,2023,,peak,USA
,reco,3371,c,3,25.8769230769231,7.61326444050292,Colorado_2023,2,pbm,38.9694708876,-107.0409444164,US_pbm3,,2023-07-21,2023,,peak,USA
,reco,3371,c,4,27.7073626373626,1.1483557911357,Colorado_2023,2,pbm,38.9694708876,-107.0409444164,US_pbm4,,2023-07-21,2023,,peak,USA
,reco,3371,c,5,28.7907692307692,2.30453619109737,Colorado_2023,2,pbm,38.9694708876,-107.0409444164,US_pbm5,,2023-07-21,2023,,peak,USA
,nee,3171,c,1,21.299247311828,-9.64685433291572,Colorado_2023,658.5,pfeiler,38.9608656524,-107.0314421354,US_pfeiler1,,2023-07-17,2023,,peak,USA
,nee,3171,c,2,23.1054838709677,-9.38676988681764,Colorado_2023,288,pfeiler,38.9608656524,-107.0314421354,US_pfeiler2,,2023-07-17,2023,,peak,USA
,nee,3171,c,3,25.2336036036036,-11.888111979013,Colorado_2023,712.8,pfeiler,38.9608656524,-107.0314421354,US_pfeiler3,,2023-07-17,2023,,peak,USA
,nee,3171,c,4,26.5069473684211,-16.7564896142468,Colorado_2023,761.5,pfeiler,38.9608656524,-107.0314421354,US_pfeiler4,,2023-07-17,2023,,peak,USA
,nee,3171,c,5,27.2856701030928,-17.4083967177795,Colorado_2023,764.1,pfeiler,38.9608656524,-107.0314421354,US_pfeiler5,,2023-07-17,2023,,peak,USA
,reco,3171,c,1,21.8063917525773,4.91545466796354,Colorado_2023,2,pfeiler,38.9608656524,-107.0314421354,US_pfeiler1,,2023-07-17,2023,,peak,USA
,reco,3171,c,2,23.7179787234043,7.88473786898248,Colorado_2023,2,pfeiler,38.9608656524,-107.0314421354,US_pfeiler2,,2023-07-17,2023,,peak,USA
,reco,3171,c,3,25.8069696969697,9.32245978723411,Colorado_2023,2,pfeiler,38.9608656524,-107.0314421354,US_pfeiler3,,2023-07-17,2023,,peak,USA
,reco,3171,c,4,26.8133333333333,7.1220713112908,Colorado_2023,2,pfeiler,38.9608656524,-107.0314421354,US_pfeiler4,,2023-07-17,2023,,peak,USA
,reco,3171,c,5,27.4561224489796,6.9060345400144,Colorado_2023,2,pfeiler,38.9608656524,-107.0314421354,US_pfeiler5,,2023-07-17,2023,,peak,USA
,nee,2811,c,1,17.6158241758242,-12.1300663049813,Colorado_2023,566.5,road,38.8968994912,-106.9786007326,US_road1,,2023-07-06,2023,,peak,USA
,nee,2811,c,2,20.5014285714286,-13.1169352581483,Colorado_2023,840.5,road,38.8968994912,-106.9786007326,US_road2,,2023-07-06,2023,,peak,USA
,nee,2811,c,3,23.2991304347826,-12.5055805637248,Colorado_2023,733.7,road,38.8968994912,-106.9786007326,US_road3,,2023-07-06,2023,,peak,USA
,nee,2811,c,4,25.3795652173913,-13.8330505347537,Colorado_2023,838.9,road,38.8968994912,-106.9786007326,US_road4,,2023-07-06,2023,,peak,USA
,nee,2811,c,5,26.8585593220339,-21.1087682707159,Colorado_2023,444.6,road,38.8968994912,-106.9786007326,US_road5,,2023-07-06,2023,,peak,USA
,reco,2811,c,1,18.5637234042553,10.6690467891752,Colorado_2023,2,road,38.8968994912,-106.9786007326,US_road1,,2023-07-06,2023,,peak,USA
,reco,2811,c,2,21.4152688172043,7.33489354575236,Colorado_2023,2,road,38.8968994912,-106.9786007326,US_road2,,2023-07-06,2023,,peak,USA
,reco,2811,c,3,24.0011827956989,10.2385157475623,Colorado_2023,2,road,38.8968994912,-106.9786007326,US_road3,,2023-07-06,2023,,peak,USA
,reco,2811,c,4,25.8405376344086,13.2733766167682,Colorado_2023,2,road,38.8968994912,-106.9786007326,US_road4,,2023-07-06,2023,,peak,USA
,reco,2811,c,5,27.263829787234,11.6342432198564,Colorado_2023,2,road,38.8968994912,-106.9786007326,US_road5,,2023-07-06,2023,,peak,USA
,nee,2000,c,1,30.4078666666667,-2.58093315500583,South_Africa_2023,838.1,2000east,-28.6610200256109,28.8830800261349,SA_2000east1,,2023-12-14,2023,east,not_part_of_the_dataset,South Africa
,reco,2000,c,1,32.2358972222222,12.6579297354622,South_Africa_2023,5.1,2000east,-28.6610200256109,28.8830800261349,SA_2000east1,,2023-12-14,2023,east,not_part_of_the_dataset,South Africa
,nee,2000,c,2,31.2412716981132,-2.9609581064711,South_Africa_2023,944.3,2000east,-28.6609880276956,28.8830807595514,SA_2000east2,,2023-12-14,2023,east,not_part_of_the_dataset,South Africa
,reco,2000,c,2,31.8553873015873,3.36626551455801,South_Africa_2023,5.9,2000east,-28.6609880276956,28.8830807595514,SA_2000east2,,2023-12-14,2023,east,not_part_of_the_dataset,South Africa
,nee,2000,c,3,31.0326435483871,-1.1201606814968,South_Africa_2023,884.2,2000east,-28.6609560297802,28.8830814929679,SA_2000east3,,2023-12-14,2023,east,not_part_of_the_dataset,South Africa
,reco,2000,c,3,31.8527433121019,6.59884474543766,South_Africa_2023,5.9,2000east,-28.6609560297802,28.8830814929679,SA_2000east3,,2023-12-14,2023,east,not_part_of_the_dataset,South Africa
,nee,2000,c,4,31.1044529850746,-5.3006098086663,South_Africa_2023,719,2000east,-28.6609240318649,28.8830822263844,SA_2000east4,,2023-12-14,2023,east,not_part_of_the_dataset,South Africa
,reco,2000,c,4,30.70855,5.37425360740356,South_Africa_2023,5.9,2000east,-28.6609240318649,28.8830822263844,SA_2000east4,,2023-12-14,2023,east,not_part_of_the_dataset,South Africa
,nee,2000,c,5,30.4793926229508,-1.37007413878481,South_Africa_2023,609.2,2000east,-28.6608920339495,28.883082959801,SA_2000east5,,2023-12-14,2023,east,not_part_of_the_dataset,South Africa
,reco,2000,c,5,25.2017271186441,6.25784155990308,South_Africa_2023,7.38515254237288,2000east,-28.6608920339495,28.883082959801,SA_2000east5,,2023-12-14,2023,east,not_part_of_the_dataset,South Africa
,nee,2000,c,1,30.8433304,-0.406644470462638,South_Africa_2023,979.5,2000west,-28.662471016869,28.8826399762183,SA_2000west1,,2023-12-14,2023,west,not_part_of_the_dataset,South Africa
,reco,2000,c,1,30.5214856,4.39556799245397,South_Africa_2023,5.7,2000west,-28.662471016869,28.8826399762183,SA_2000west1,,2023-12-14,2023,west,not_part_of_the_dataset,South Africa
,reco,2000,c,2,31.2806208,4.24429578779444,South_Africa_2023,6.8,2000west,-28.6624527652748,28.882672728505,SA_2000west2,,2023-12-14,2023,west,not_part_of_the_dataset,South Africa
,nee,2000,c,3,20.4130081300813,-1.07119309428075,South_Africa_2023,943.98593495935,2000west,-28.6624345136806,28.8827054807916,SA_2000west3,,2023-12-14,2023,west,not_part_of_the_dataset,South Africa
,reco,2000,c,3,31.7333427419355,2.48556277186084,South_Africa_2023,6.3,2000west,-28.6624345136806,28.8827054807916,SA_2000west3,,2023-12-14,2023,west,not_part_of_the_dataset,South Africa
,nee,2000,c,4,19.9991256198347,-2.87993314740428,South_Africa_2023,889.655867768595,2000west,-28.6624162620865,28.8827382330783,SA_2000west4,,2023-12-14,2023,west,not_part_of_the_dataset,South Africa
,reco,2000,c,4,31.4235012738854,3.1634253320482,South_Africa_2023,6.8,2000west,-28.6624162620865,28.8827382330783,SA_2000west4,,2023-12-14,2023,west,not_part_of_the_dataset,South Africa
,nee,2000,c,5,18.7486609756098,-2.78340842286842,South_Africa_2023,715.077804878049,2000west,-28.6623980104923,28.8827709853649,SA_2000west5,,2023-12-14,2023,west,not_part_of_the_dataset,South Africa
,reco,2000,c,5,19.3867860655738,4.32819682743589,South_Africa_2023,2.76534590163934,2000west,-28.6623980104923,28.8827709853649,SA_2000west5,,2023-12-14,2023,west,not_part_of_the_dataset,South Africa
,nee,2200,c,1,20.89541375,-6.50385818627737,South_Africa_2023,1390,2200east,-28.6799270007759,28.8951290119439,SA_2200east1,,2023-12-05,2023,east,not_part_of_the_dataset,South Africa
,reco,2200,c,1,21.8839069230769,8.59048103653081,South_Africa_2023,2.7,2200east,-28.6799270007759,28.8951290119439,SA_2200east1,,2023-12-05,2023,east,not_part_of_the_dataset,South Africa
,nee,2200,c,2,22.9108024242424,-11.1343626362019,South_Africa_2023,1261,2200east,-28.6798957572319,28.8951232493855,SA_2200east2,,2023-12-05,2023,east,not_part_of_the_dataset,South Africa
,reco,2200,c,2,23.1148347107438,9.65110959254136,South_Africa_2023,3.3,2200east,-28.6798957572319,28.8951232493855,SA_2200east2,,2023-12-05,2023,east,not_part_of_the_dataset,South Africa
,nee,2200,c,3,21.9751227642276,-14.0852931288607,South_Africa_2023,1200,2200east,-28.6798645136878,28.8951174868271,SA_2200east3,,2023-12-05,2023,east,not_part_of_the_dataset,South Africa
,reco,2200,c,3,20.1262933333333,9.13303233058021,South_Africa_2023,2.9,2200east,-28.6798645136878,28.8951174868271,SA_2200east3,,2023-12-05,2023,east,not_part_of_the_dataset,South Africa
,nee,2200,c,4,20.3029840336134,-7.56866256645655,South_Africa_2023,1128,2200east,-28.6798332701437,28.8951117242686,SA_2200east4,,2023-12-05,2023,east,not_part_of_the_dataset,South Africa
,reco,2200,c,4,19.9004333333333,7.1362405780127,South_Africa_2023,3.5,2200east,-28.6798332701437,28.8951117242686,SA_2200east4,,2023-12-05,2023,east,not_part_of_the_dataset,South Africa
,nee,2200,c,5,19.395579338843,-1.2568856520607,South_Africa_2023,670,2200east,-28.6798020265996,28.8951059617102,SA_2200east5,,2023-12-05,2023,east,not_part_of_the_dataset,South Africa
,reco,2200,c,5,19.8433239316239,3.42935413688612,South_Africa_2023,3.2,2200east,-28.6798020265996,28.8951059617102,SA_2200east5,,2023-12-05,2023,east,not_part_of_the_dataset,South Africa
,nee,2200,c,1,24.589395,-5.95240943844894,South_Africa_2023,1068,2200west,-28.6803849879652,28.8938739895821,SA_2200west1,,2023-12-05,2023,west,not_part_of_the_dataset,South Africa
,reco,2200,c,1,23.2445286885246,2.13383867852702,South_Africa_2023,2.5,2200west,-28.6803849879652,28.8938739895821,SA_2200west1,,2023-12-05,2023,west,not_part_of_the_dataset,South Africa
,nee,2200,c,2,22.8473776859504,-5.01596238735271,South_Africa_2023,1172,2200west,-28.6803519842215,28.8938779919408,SA_2200west2,,2023-12-05,2023,west,not_part_of_the_dataset,South Africa
,reco,2200,c,2,24.3706783333333,5.73107166579275,South_Africa_2023,2.3,2200west,-28.6803519842215,28.8938779919408,SA_2200west2,,2023-12-05,2023,west,not_part_of_the_dataset,South Africa
,nee,2200,c,3,26.0766147540984,-6.15936246532124,South_Africa_2023,1174,2200west,-28.6803189804778,28.8938819942996,SA_2200west3,,2023-12-05,2023,west,not_part_of_the_dataset,South Africa
,reco,2200,c,3,24.9973297520661,10.3519435630763,South_Africa_2023,6.4,2200west,-28.6803189804778,28.8938819942996,SA_2200west3,,2023-12-05,2023,west,not_part_of_the_dataset,South Africa
,nee,2200,c,4,24.4433866666667,-6.71769566414971,South_Africa_2023,677,2200west,-28.680285976734,28.8938859966584,SA_2200west4,,2023-12-05,2023,west,not_part_of_the_dataset,South Africa
,reco,2200,c,4,25.1175462809917,5.5463808638596,South_Africa_2023,6.4,2200west,-28.680285976734,28.8938859966584,SA_2200west4,,2023-12-05,2023,west,not_part_of_the_dataset,South Africa
,nee,2200,c,5,23.5879479338843,-4.02664082851267,South_Africa_2023,1071,2200west,-28.6802529729903,28.8938899990171,SA_2200west5,,2023-12-05,2023,west,not_part_of_the_dataset,South Africa
,reco,2200,c,5,25.995703968254,6.40652599584739,South_Africa_2023,7,2200west,-28.6802529729903,28.8938899990171,SA_2200west5,,2023-12-05,2023,west,not_part_of_the_dataset,South Africa
,nee,2400,c,1,22.0864579365079,-12.3358460602951,South_Africa_2023,619.727283940476,2400east,-28.7191719934344,28.896831041202,SA_2400east1,,2023-12-09,2023,east,not_part_of_the_dataset,South Africa
,reco,2400,c,1,26.0708704918033,13.1567427457137,South_Africa_2023,4.73659508196721,2400east,-28.7191719934344,28.896831041202,SA_2400east1,,2023-12-09,2023,east,not_part_of_the_dataset,South Africa
,reco,2400,c,2,26.6317155737705,17.6668956086498,South_Africa_2023,4.68301721311475,2400east,-28.7191434949636,28.8968177768402,SA_2400east2,,2023-12-09,2023,east,not_part_of_the_dataset,South Africa
,nee,2400,c,3,23.0326098360656,-1.72788426428589,South_Africa_2023,804.291721311475,2400east,-28.7191149964929,28.8968045124784,SA_2400east3,,2023-12-09,2023,east,not_part_of_the_dataset,South Africa
,reco,2400,c,3,26.7775355371901,11.7843401005128,South_Africa_2023,4.9958867768595,2400east,-28.7191149964929,28.8968045124784,SA_2400east3,,2023-12-09,2023,east,not_part_of_the_dataset,South Africa
,nee,2400,c,4,24.0866073770492,18.9884530382301,South_Africa_2023,708.257295081967,2400east,-28.7190864980221,28.8967912481166,SA_2400east4,,2023-12-09,2023,east,not_part_of_the_dataset,South Africa
,reco,2400,c,4,25.7931275,4.73080898958879,South_Africa_2023,5.00309666666667,2400east,-28.7190864980221,28.8967912481166,SA_2400east4,,2023-12-09,2023,east,not_part_of_the_dataset,South Africa
,nee,2400,c,5,25.0360852459016,-2.03905509222174,South_Africa_2023,676.534836065574,2400east,-28.7190579995513,28.8967779837549,SA_2400east5,,2023-12-09,2023,east,not_part_of_the_dataset,South Africa
,reco,2400,c,5,20.0045404958678,5.45430037067845,South_Africa_2023,2.13997355371901,2400east,-28.7190579995513,28.8967779837549,SA_2400east5,,2023-12-09,2023,east,not_part_of_the_dataset,South Africa
,nee,2400,c,1,22.4519739837398,-6.05296943001383,South_Africa_2023,962.088048780488,2400west,-28.7187730148435,28.8956800382584,SA_2400west1,,2023-12-14,2023,west,not_part_of_the_dataset,South Africa
,reco,2400,c,1,23.1921336065574,3.20946038846135,South_Africa_2023,6.6303237704918,2400west,-28.7187730148435,28.8956800382584,SA_2400west1,,2023-12-14,2023,west,not_part_of_the_dataset,South Africa
,nee,2400,c,2,23.7525185483871,-1.59024272723601,South_Africa_2023,860.47435483871,2400west,-28.7187380203977,28.895665789023,SA_2400west2,,2023-12-14,2023,west,not_part_of_the_dataset,South Africa
,reco,2400,c,2,23.9771140495868,3.30447680562702,South_Africa_2023,6.59780991735537,2400west,-28.7187380203977,28.895665789023,SA_2400west2,,2023-12-14,2023,west,not_part_of_the_dataset,South Africa
,nee,2400,c,3,22.8820644628099,-1.24666513823674,South_Africa_2023,798.116611570248,2400west,-28.718703025952,28.8956515397877,SA_2400west3,,2023-12-14,2023,west,not_part_of_the_dataset,South Africa
,reco,2400,c,3,23.2089398373984,4.09470574483733,South_Africa_2023,4.58374878048781,2400west,-28.718703025952,28.8956515397877,SA_2400west3,,2023-12-14,2023,west,not_part_of_the_dataset,South Africa
,nee,2400,c,4,23.8028867768595,3.34213036123338,South_Africa_2023,775.979504132232,2400west,-28.7186680315062,28.8956372905523,SA_2400west4,,2023-12-14,2023,west,not_part_of_the_dataset,South Africa
,reco,2400,c,4,23.9378834710744,1.84358221007423,South_Africa_2023,6.88281074380165,2400west,-28.7186680315062,28.8956372905523,SA_2400west4,,2023-12-14,2023,west,not_part_of_the_dataset,South Africa
,reco,2400,c,5,24.2909658333333,5.8952520956603,South_Africa_2023,6.7038625,2400west,-28.7186330370605,28.8956230413169,SA_2400west5,,2023-12-14,2023,west,not_part_of_the_dataset,South Africa
,nee,2600,c,1,22.826375,-4.21630316897487,South_Africa_2023,933.639274193548,2600east,-28.7283769994974,28.8926219847053,SA_2600east1,,2023-12-08,2023,east,not_part_of_the_dataset,South Africa
,reco,2600,c,1,23.8740590163934,3.941738694584,South_Africa_2023,2.29647540983607,2600east,-28.7283769994974,28.8926219847053,SA_2600east1,,2023-12-08,2023,east,not_part_of_the_dataset,South Africa
,nee,2600,c,2,23.5031357723577,-1.29489787760445,South_Africa_2023,898.941300813008,2600east,-28.7283502402715,28.8926459988579,SA_2600east2,,2023-12-08,2023,east,not_part_of_the_dataset,South Africa
,reco,2600,c,2,24.4778918032787,10.4167981762791,South_Africa_2023,2.24238032786885,2600east,-28.7283502402715,28.8926459988579,SA_2600east2,,2023-12-08,2023,east,not_part_of_the_dataset,South Africa
,nee,2600,c,3,24.1938680327869,-3.724724759058,South_Africa_2023,1029.89991803279,2600east,-28.7283234810457,28.8926700130105,SA_2600east3,,2023-12-08,2023,east,not_part_of_the_dataset,South Africa
,reco,2600,c,3,23.026932231405,11.2336963241994,South_Africa_2023,6.03354132231405,2600east,-28.7283234810457,28.8926700130105,SA_2600east3,,2023-12-08,2023,east,not_part_of_the_dataset,South Africa
,nee,2600,c,4,23.6186783333333,-1.31214821033488,South_Africa_2023,753.80775,2600east,-28.7282967218198,28.8926940271631,SA_2600east4,,2023-12-08,2023,east,not_part_of_the_dataset,South Africa
,reco,2600,c,4,23.841725,12.982877116217,South_Africa_2023,2.3694814516129,2600east,-28.7282967218198,28.8926940271631,SA_2600east4,,2023-12-08,2023,east,not_part_of_the_dataset,South Africa
,nee,2600,c,5,20.5643388059702,-2.47159032285047,South_Africa_2023,535.882089552239,2600east,-28.7282699625939,28.8927180413157,SA_2600east5,,2023-12-08,2023,east,not_part_of_the_dataset,South Africa
,reco,2600,c,5,22.857625,19.9251865948116,South_Africa_2023,2.20359274193548,2600east,-28.7282699625939,28.8927180413157,SA_2600east5,,2023-12-08,2023,east,not_part_of_the_dataset,South Africa
,nee,2600,c,1,14.264343902439,-2.42573330276142,South_Africa_2023,822.426422764228,2600west,-28.7282849662006,28.8924990221858,SA_2600west1,,2023-12-08,2023,west,not_part_of_the_dataset,South Africa
,reco,2600,c,1,14.5501458646617,0.835495742128498,South_Africa_2023,6.47120526315789,2600west,-28.7282849662006,28.8924990221858,SA_2600west1,,2023-12-08,2023,west,not_part_of_the_dataset,South Africa
,nee,2600,c,2,15.3475338842975,-2.13354382276436,South_Africa_2023,826.137768595041,2600west,-28.7282544770278,28.8924827612937,SA_2600west2,,2023-12-08,2023,west,not_part_of_the_dataset,South Africa
,reco,2600,c,2,16.1663115702479,1.07472570739189,South_Africa_2023,5.35444958677686,2600west,-28.7282544770278,28.8924827612937,SA_2600west2,,2023-12-08,2023,west,not_part_of_the_dataset,South Africa
,nee,2600,c,3,16.6862788617886,-3.63277939757025,South_Africa_2023,716.266585365854,2600west,-28.728223987855,28.8924665004015,SA_2600west3,,2023-12-08,2023,west,not_part_of_the_dataset,South Africa
,reco,2600,c,3,16.0746991735537,2.60083965300261,South_Africa_2023,4.94293305785124,2600west,-28.728223987855,28.8924665004015,SA_2600west3,,2023-12-08,2023,west,not_part_of_the_dataset,South Africa
,nee,2600,c,4,17.2961106557377,-4.9410822161161,South_Africa_2023,642.999262295082,2600west,-28.7281934986822,28.8924502395093,SA_2600west4,,2023-12-08,2023,west,not_part_of_the_dataset,South Africa
,reco,2600,c,4,18.1681146341463,5.26361288772992,South_Africa_2023,4.0526,2600west,-28.7281934986822,28.8924502395093,SA_2600west4,,2023-12-08,2023,west,not_part_of_the_dataset,South Africa
,nee,2600,c,5,18.8769569105691,-1.86367369998721,South_Africa_2023,782.267723577236,2600west,-28.7281630095094,28.8924339786172,SA_2600west5,,2023-12-08,2023,west,not_part_of_the_dataset,South Africa
,reco,2600,c,5,19.260079338843,5.74906563866356,South_Africa_2023,3.77598181818182,2600west,-28.7281630095094,28.8924339786172,SA_2600west5,,2023-12-08,2023,west,not_part_of_the_dataset,South Africa
,nee,2800,c,1,22.9519438016529,0.648480356133226,South_Africa_2023,835.814876033058,2800east,-28.7378170341253,28.8943739701062,SA_2800east1,,2023-12-08,2023,east,not_part_of_the_dataset,South Africa
,reco,2800,c,1,21.757568852459,8.15371862980433,South_Africa_2023,4.08487786885246,2800east,-28.7378170341253,28.8943739701062,SA_2800east1,,2023-12-08,2023,east,not_part_of_the_dataset,South Africa
,reco,2800,c,2,23.3406388429752,12.6778311960705,South_Africa_2023,5.26891404958678,2800east,-28.7377855181694,28.8943754788488,SA_2800east2,,2023-12-08,2023,east,not_part_of_the_dataset,South Africa
,nee,2800,c,3,22.9223661157025,0.302340132401051,South_Africa_2023,913.521983471074,2800east,-28.7377540022135,28.8943769875914,SA_2800east3,,2023-12-08,2023,east,not_part_of_the_dataset,South Africa
,reco,2800,c,3,23.7094165289256,9.66750310476634,South_Africa_2023,4.6716305785124,2800east,-28.7377540022135,28.8943769875914,SA_2800east3,,2023-12-08,2023,east,not_part_of_the_dataset,South Africa
,reco,2800,c,4,21.2777058333333,4.8209736673985,South_Africa_2023,3.15322333333333,2800east,-28.7377224862576,28.894378496334,SA_2800east4,,2023-12-08,2023,east,not_part_of_the_dataset,South Africa
,nee,2800,c,5,19.5924181818182,-0.816061611555373,South_Africa_2023,676.94132231405,2800east,-28.7376909703016,28.8943800050765,SA_2800east5,,2023-12-08,2023,east,not_part_of_the_dataset,South Africa
,reco,2800,c,5,22.009894214876,6.69873254626874,South_Africa_2023,5.51558429752066,2800east,-28.7376909703016,28.8943800050765,SA_2800east5,,2023-12-08,2023,east,not_part_of_the_dataset,South Africa
,nee,2800,c,1,20.9346520661157,-2.01423644088801,South_Africa_2023,970.931570247934,2800west,-28.7377170380205,28.8926250021905,SA_2800west1,,2023-12-08,2023,west,not_part_of_the_dataset,South Africa
,reco,2800,c,1,22.937815625,11.096734496585,South_Africa_2023,6.22507109375,2800west,-28.7377170380205,28.8926250021905,SA_2800west1,,2023-12-08,2023,west,not_part_of_the_dataset,South Africa
,nee,2800,c,2,21.9660272727273,-2.15086111815585,South_Africa_2023,500.058512396694,2800west,-28.7377292755991,28.8925987458788,SA_2800west2,,2023-12-08,2023,west,not_part_of_the_dataset,South Africa
,reco,2800,c,2,21.4096057377049,5.59994635289941,South_Africa_2023,1.47292950819672,2800west,-28.7377292755991,28.8925987458788,SA_2800west2,,2023-12-08,2023,west,not_part_of_the_dataset,South Africa
,nee,2800,c,3,20.5145776859504,-1.52619049883455,South_Africa_2023,986.26132231405,2800west,-28.7377415131778,28.8925724895671,SA_2800west3,,2023-12-08,2023,west,not_part_of_the_dataset,South Africa
,reco,2800,c,3,19.5529293650794,5.59138901139297,South_Africa_2023,1.9329619047619,2800west,-28.7377415131778,28.8925724895671,SA_2800west3,,2023-12-08,2023,west,not_part_of_the_dataset,South Africa
,nee,2800,c,4,20.9203141242938,1.63981117402656,South_Africa_2023,829.434327683616,2800west,-28.7377537507564,28.8925462332554,SA_2800west4,,2023-12-08,2023,west,not_part_of_the_dataset,South Africa
,reco,2800,c,4,20.5322768595041,3.50372947925252,South_Africa_2023,5.4270479338843,2800west,-28.7377537507564,28.8925462332554,SA_2800west4,,2023-12-08,2023,west,not_part_of_the_dataset,South Africa
,nee,2800,c,5,18.7487123966942,-0.958965313401835,South_Africa_2023,887.734380165289,2800west,-28.737765988335,28.8925199769437,SA_2800west5,,2023-12-08,2023,west,not_part_of_the_dataset,South Africa
,reco,2800,c,5,20.7833564516129,0.947106208593013,South_Africa_2023,5.55913790322581,2800west,-28.737765988335,28.8925199769437,SA_2800west5,,2023-12-08,2023,west,not_part_of_the_dataset,South Africa
